,date,open,close,high,low,volume,code
0,2010-06-10,3.518,3.685,3.796,3.516,337365.13,002429
1,2010-06-11,3.579,3.783,3.9,3.579,221048.87,002429
2,2010-06-17,3.76,3.405,3.784,3.405,147677.37,002429
3,2010-06-18,3.269,3.064,3.324,3.064,83148.89,002429
4,2010-06-21,2.982,3.025,3.053,2.882,63962.44,002429
5,2010-06-22,3.004,3.028,3.103,2.997,47145.48,002429
6,2010-06-23,3.059,3.025,3.088,2.968,38348.11,002429
7,2010-06-24,2.997,3.038,3.059,2.997,34644.81,002429
8,2010-06-25,3.015,2.897,3.019,2.88,42711.35,002429
9,2010-06-28,2.902,2.847,2.92,2.847,30835.85,002429
10,2010-06-29,2.847,2.636,2.867,2.636,46467.6,002429
11,2010-06-30,2.584,2.563,2.619,2.507,33086.11,002429
12,2010-07-01,2.558,2.534,2.601,2.514,24007.57,002429
13,2010-07-02,2.544,2.547,2.564,2.428,31032.43,002429
14,2010-07-05,2.521,2.495,2.533,2.443,22574.97,002429
15,2010-07-06,2.489,2.574,2.579,2.479,34007.89,002429
16,2010-07-07,2.555,2.593,2.609,2.54,31092.74,002429
17,2010-07-08,2.593,2.543,2.61,2.54,28291.87,002429
18,2010-07-09,2.546,2.649,2.679,2.507,51367.34,002429
19,2010-07-12,2.647,2.69,2.702,2.623,49966.0,002429
20,2010-07-13,2.658,2.618,2.658,2.585,30289.18,002429
21,2010-07-14,2.62,2.622,2.649,2.607,28377.91,002429
22,2010-07-15,2.609,2.502,2.626,2.501,25092.02,002429
23,2010-07-16,2.466,2.535,2.551,2.466,17541.09,002429
24,2010-07-20,2.584,2.622,2.655,2.571,36393.48,002429
25,2010-07-21,2.613,2.655,2.699,2.603,43222.41,002429
26,2010-07-22,2.635,2.669,2.676,2.621,33638.64,002429
27,2010-07-23,2.689,2.721,2.785,2.685,51176.73,002429
28,2010-07-26,2.724,2.754,2.767,2.681,42888.5,002429
29,2010-07-27,2.744,2.708,2.744,2.708,24900.65,002429
30,2010-07-28,2.688,2.74,2.741,2.684,31472.72,002429
31,2010-07-29,2.751,2.844,2.856,2.74,60429.68,002429
32,2010-07-30,2.846,2.779,2.846,2.763,45289.81,002429
33,2010-08-02,2.773,2.808,2.823,2.756,38210.87,002429
34,2010-08-03,2.82,2.752,2.832,2.75,30757.32,002429
35,2010-08-04,2.738,2.757,2.757,2.692,29658.45,002429
36,2010-08-05,2.751,2.775,2.813,2.748,30498.39,002429
37,2010-08-06,2.757,2.808,2.812,2.746,30805.3,002429
38,2010-08-09,2.83,2.894,2.897,2.808,49056.0,002429
39,2010-08-10,2.897,2.757,2.897,2.757,47138.92,002429
40,2010-08-11,2.792,2.829,2.846,2.78,35263.91,002429
41,2010-08-12,2.79,2.791,2.85,2.783,26745.79,002429
42,2010-08-13,2.793,2.836,2.84,2.78,23364.04,002429
43,2010-08-16,2.832,2.872,2.889,2.813,38036.37,002429
44,2010-08-17,2.88,2.955,2.957,2.854,50448.65,002429
45,2010-08-18,2.939,2.894,2.954,2.881,33060.04,002429
46,2010-08-19,2.935,2.925,2.972,2.92,39279.5,002429
47,2010-08-20,2.902,2.828,2.905,2.824,29011.32,002429
48,2010-08-23,2.828,2.837,2.862,2.824,15956.29,002429
49,2010-08-24,2.867,2.89,2.916,2.866,28596.11,002429
50,2010-08-25,2.902,2.862,2.956,2.859,30445.46,002429
51,2010-08-26,2.863,2.834,2.897,2.811,18649.0,002429
52,2010-08-27,2.824,2.847,2.873,2.824,17798.0,002429
53,2010-08-30,2.866,2.91,2.933,2.856,32440.0,002429
54,2010-08-31,2.913,2.965,2.975,2.904,46992.0,002429
55,2010-09-01,2.978,2.894,2.992,2.862,41568.0,002429
56,2010-09-02,2.91,2.994,2.996,2.889,49308.0,002429
57,2010-09-03,2.99,3.006,3.043,2.958,45528.0,002429
58,2010-09-06,3.003,2.947,3.02,2.919,34328.0,002429
59,2010-09-07,2.954,2.984,2.987,2.925,22985.0,002429
60,2010-09-08,2.981,3.002,3.012,2.948,29007.0,002429
61,2010-09-09,3.003,2.952,3.036,2.948,34013.0,002429
62,2010-09-10,2.95,2.861,2.991,2.82,67001.0,002429
63,2010-09-13,2.859,2.872,2.901,2.824,34512.0,002429
64,2010-09-14,2.876,2.884,2.9,2.859,29336.0,002429
65,2010-09-15,2.88,2.791,2.88,2.775,30740.0,002429
66,2010-09-17,2.744,2.746,2.757,2.654,43121.0,002429
67,2010-09-20,2.718,2.674,2.724,2.674,23428.0,002429
68,2010-09-21,2.674,2.607,2.699,2.601,15721.0,002429
69,2010-09-27,2.619,2.688,2.7,2.619,17020.0,002429
70,2010-09-28,2.685,2.758,2.777,2.652,34977.0,002429
71,2010-09-30,2.746,2.724,2.746,2.702,20561.0,002429
72,2010-10-08,2.752,2.793,2.822,2.724,27949.0,002429
73,2010-10-11,2.789,2.782,2.836,2.761,28540.0,002429
74,2010-10-12,2.781,2.78,2.829,2.762,18805.0,002429
75,2010-10-13,2.781,2.733,2.781,2.69,24460.0,002429
76,2010-10-14,2.726,2.644,2.744,2.641,23617.0,002429
77,2010-10-15,2.623,2.639,2.677,2.612,15913.0,002429
78,2010-10-18,2.657,2.581,2.666,2.536,23962.0,002429
79,2010-10-19,2.595,2.689,2.689,2.582,19844.0,002429
80,2010-10-20,2.655,2.689,2.724,2.646,19811.0,002429
81,2010-10-21,2.715,2.696,2.727,2.662,15756.0,002429
82,2010-10-22,2.703,2.722,2.725,2.681,17159.0,002429
83,2010-10-25,2.727,2.836,2.867,2.724,49241.0,002429
84,2010-10-26,2.83,2.794,2.86,2.776,24611.0,002429
85,2010-10-27,2.794,2.783,2.837,2.766,27235.0,002429
86,2010-10-28,2.765,2.818,2.828,2.763,22912.0,002429
87,2010-10-29,2.813,2.856,2.875,2.812,32059.0,002429
88,2010-11-01,2.878,2.92,2.945,2.877,41982.0,002429
89,2010-11-02,2.943,3.07,3.193,2.923,86570.0,002429
90,2010-11-03,3.059,2.925,3.112,2.917,45268.0,002429
91,2010-11-04,2.927,2.949,2.956,2.881,28379.0,002429
92,2010-11-05,2.969,2.953,3.019,2.919,33002.0,002429
93,2010-11-08,2.964,3.048,3.048,2.937,36034.0,002429
94,2010-11-09,3.049,3.054,3.092,3.009,31181.0,002429
95,2010-11-10,3.054,3.126,3.178,3.014,46471.0,002429
96,2010-11-11,3.112,3.023,3.15,3.014,47711.0,002429
97,2010-11-12,3.014,2.831,3.039,2.824,46114.0,002429
98,2010-11-15,2.847,2.908,2.908,2.824,24924.0,002429
99,2010-11-16,2.914,2.829,2.952,2.822,28185.0,002429
100,2010-11-17,2.818,2.746,2.824,2.745,19717.0,002429
101,2010-11-18,2.771,2.82,2.83,2.741,15376.0,002429
102,2010-11-19,2.891,3.017,3.025,2.891,69329.0,002429
103,2010-11-22,3.102,3.036,3.176,3.026,95305.0,002429
104,2010-11-23,3.031,3.001,3.031,2.925,37615.0,002429
105,2010-11-24,2.983,3.059,3.059,2.958,36342.0,002429
106,2010-11-26,3.365,3.272,3.365,3.237,180190.0,002429
107,2010-11-29,3.236,3.168,3.236,3.127,86407.0,002429
108,2010-11-30,3.17,3.215,3.299,3.073,82108.0,002429
109,2010-12-01,3.159,3.134,3.202,3.109,27389.0,002429
110,2010-12-02,3.172,3.226,3.25,3.109,64746.0,002429
111,2010-12-03,3.235,3.119,3.235,3.103,42175.0,002429
112,2010-12-06,3.087,3.022,3.142,3.015,26127.0,002429
113,2010-12-07,3.01,3.034,3.054,2.927,18249.0,002429
114,2010-12-08,3.014,3.044,3.081,2.99,21797.0,002429
115,2010-12-09,3.013,3.048,3.082,2.965,23395.0,002429
116,2010-12-10,3.014,3.132,3.155,3.014,31299.0,002429
117,2010-12-13,3.13,3.211,3.223,3.13,42561.0,002429
118,2010-12-14,3.202,3.261,3.27,3.202,55692.0,002429
119,2010-12-15,3.26,3.195,3.293,3.19,44447.0,002429
120,2010-12-16,3.217,3.246,3.273,3.217,38546.0,002429
121,2010-12-17,3.291,3.215,3.33,3.196,44602.0,002429
122,2010-12-20,3.195,3.147,3.231,3.083,41098.0,002429
123,2010-12-21,3.165,3.194,3.225,3.149,27662.0,002429
124,2010-12-22,3.194,3.208,3.215,3.173,15831.0,002429
125,2010-12-23,3.199,3.093,3.199,3.092,20839.0,002429
126,2010-12-24,3.069,3.02,3.093,2.988,14413.0,002429
127,2010-12-27,3.025,2.902,3.058,2.902,18644.0,002429
128,2010-12-28,2.902,2.873,2.902,2.847,12994.0,002429
129,2010-12-29,2.876,2.924,2.924,2.856,10420.0,002429
130,2010-12-30,2.914,2.907,2.927,2.888,9448.0,002429
131,2010-12-31,2.907,2.965,2.971,2.902,11290.0,002429
132,2011-01-04,2.964,3.026,3.052,2.964,15941.0,002429
133,2011-01-06,3.035,2.987,3.08,2.984,12055.0,002429
134,2011-01-07,2.986,2.974,3.07,2.969,10304.0,002429
135,2011-01-10,2.974,2.889,2.981,2.88,10421.0,002429
136,2011-01-11,2.887,2.868,2.889,2.85,6448.0,002429
137,2011-01-12,2.891,2.859,2.899,2.831,10504.0,002429
138,2011-01-13,2.877,2.853,2.879,2.832,12356.0,002429
139,2011-01-14,2.802,2.774,2.851,2.771,8691.0,002429
140,2011-01-17,2.771,2.671,2.771,2.652,11358.0,002429
141,2011-01-18,2.656,2.679,2.689,2.64,4318.0,002429
142,2011-01-19,2.69,2.717,2.726,2.67,9163.0,002429
143,2011-01-20,2.709,2.575,2.727,2.57,10718.0,002429
144,2011-01-21,2.577,2.582,2.618,2.56,6829.0,002429
145,2011-01-24,2.587,2.529,2.611,2.526,6288.0,002429
146,2011-01-25,2.534,2.489,2.554,2.469,7053.0,002429
147,2011-01-26,2.521,2.542,2.547,2.504,5729.0,002429
148,2011-01-27,2.542,2.59,2.597,2.503,8088.0,002429
149,2011-01-28,2.59,2.608,2.621,2.577,8026.0,002429
150,2011-01-31,2.608,2.635,2.644,2.599,5367.0,002429
151,2011-02-01,2.636,2.65,2.656,2.613,6498.0,002429
152,2011-02-09,2.612,2.584,2.648,2.579,6031.0,002429
153,2011-02-10,2.583,2.669,2.669,2.574,7727.0,002429
154,2011-02-11,2.668,2.702,2.713,2.665,10282.0,002429
155,2011-02-14,2.703,2.737,2.76,2.702,13290.0,002429
156,2011-02-15,2.746,2.712,2.746,2.709,12162.0,002429
157,2011-02-16,2.746,2.785,2.786,2.746,13801.0,002429
158,2011-02-18,2.8,2.729,2.802,2.718,11848.0,002429
159,2011-02-21,2.713,2.752,2.755,2.697,17192.0,002429
160,2011-02-22,2.746,2.65,2.761,2.649,18127.0,002429
161,2011-02-23,2.645,2.674,2.684,2.635,7639.0,002429
162,2011-02-24,2.666,2.667,2.683,2.651,11627.0,002429
163,2011-02-25,2.662,2.715,2.716,2.661,11390.0,002429
164,2011-02-28,2.716,2.75,2.755,2.699,15782.0,002429
165,2011-03-01,2.735,2.719,2.755,2.707,18126.0,002429
166,2011-03-02,2.703,2.692,2.713,2.666,12299.0,002429
167,2011-03-03,2.673,2.613,2.702,2.608,15902.0,002429
168,2011-03-04,2.613,2.649,2.651,2.608,7581.0,002429
169,2011-03-07,2.642,2.662,2.681,2.642,10940.0,002429
170,2011-03-08,2.668,2.67,2.676,2.652,9584.0,002429
171,2011-03-09,2.675,2.685,2.696,2.669,10388.0,002429
172,2011-03-10,2.68,2.655,2.685,2.647,12783.0,002429
173,2011-03-11,2.648,2.666,2.685,2.635,12945.0,002429
174,2011-03-14,2.654,2.71,2.713,2.65,16946.0,002429
175,2011-03-15,2.713,2.679,2.722,2.623,14128.0,002429
176,2011-03-16,2.685,2.732,2.735,2.684,22073.0,002429
177,2011-03-17,2.71,2.659,2.712,2.648,12952.0,002429
178,2011-03-18,2.662,2.668,2.699,2.658,7383.0,002429
179,2011-03-21,2.677,2.63,2.678,2.63,9377.0,002429
180,2011-03-22,2.633,2.613,2.65,2.601,7955.0,002429
181,2011-03-23,2.613,2.629,2.644,2.611,7262.0,002429
182,2011-03-24,2.629,2.618,2.632,2.614,7151.0,002429
183,2011-03-25,2.618,2.64,2.654,2.612,7870.0,002429
184,2011-03-28,2.644,2.657,2.67,2.638,12091.0,002429
185,2011-03-29,2.657,2.611,2.676,2.61,10663.0,002429
186,2011-03-30,2.619,2.556,2.623,2.551,10156.0,002429
187,2011-03-31,2.556,2.555,2.581,2.547,5649.0,002429
188,2011-04-01,2.547,2.57,2.573,2.547,4955.0,002429
189,2011-04-06,2.573,2.547,2.575,2.54,7318.0,002429
190,2011-04-07,2.554,2.564,2.577,2.544,5189.0,002429
191,2011-04-08,2.564,2.579,2.579,2.56,9685.0,002429
192,2011-04-11,2.577,2.517,2.577,2.517,13802.0,002429
193,2011-04-12,2.523,2.501,2.525,2.499,9221.0,002429
194,2011-04-13,2.492,2.531,2.539,2.491,6669.0,002429
195,2011-04-14,2.532,2.53,2.539,2.521,5762.0,002429
196,2011-04-15,2.531,2.533,2.551,2.518,5004.0,002429
197,2011-04-18,2.533,2.522,2.543,2.518,6049.0,002429
198,2011-04-19,2.522,2.496,2.522,2.481,8044.0,002429
199,2011-04-20,2.495,2.498,2.508,2.484,7682.0,002429
200,2011-04-21,2.498,2.584,2.584,2.498,18168.0,002429
201,2011-04-22,2.601,2.674,2.775,2.585,39866.0,002429
202,2011-04-26,2.612,2.591,2.674,2.573,16364.0,002429
203,2011-04-27,2.612,2.543,2.646,2.513,10013.0,002429
204,2011-04-28,2.566,2.497,2.618,2.496,11960.0,002429
205,2011-04-29,2.507,2.523,2.532,2.482,6638.0,002429
206,2011-05-03,2.526,2.522,2.531,2.475,6168.0,002429
207,2011-05-04,2.521,2.489,2.521,2.482,5193.0,002429
208,2011-05-05,2.486,2.502,2.504,2.486,3543.0,002429
209,2011-05-06,2.478,2.516,2.521,2.477,3323.0,002429
210,2011-05-09,2.527,2.498,2.534,2.493,4722.0,002429
211,2011-05-10,2.504,2.525,2.527,2.495,5261.0,002429
212,2011-05-11,2.527,2.521,2.527,2.498,4657.0,002429
213,2011-05-12,2.513,2.478,2.517,2.469,4479.0,002429
214,2011-05-13,2.499,2.495,2.501,2.463,3062.0,002429
215,2011-05-16,2.493,2.478,2.51,2.457,4803.0,002429
216,2011-05-17,2.478,2.484,2.507,2.467,3336.0,002429
217,2011-05-18,2.478,2.493,2.499,2.478,3730.0,002429
218,2011-05-19,2.504,2.474,2.508,2.473,3974.0,002429
219,2011-05-20,2.469,2.456,2.481,2.449,5771.0,002429
220,2011-05-23,2.418,2.238,2.454,2.238,15685.0,002429
221,2011-05-24,2.224,2.211,2.224,2.169,8455.0,002429
222,2011-05-25,2.213,2.145,2.22,2.143,6741.0,002429
223,2011-05-26,2.147,2.13,2.166,2.129,4178.0,002429
224,2011-05-27,2.131,2.099,2.141,2.088,3709.0,002429
225,2011-05-30,2.061,2.083,2.115,2.061,2758.0,002429
226,2011-05-31,2.097,2.099,2.13,2.084,4072.0,002429
227,2011-06-01,2.1,2.123,2.131,2.1,3183.0,002429
228,2011-06-02,2.11,2.053,2.11,2.025,6076.0,002429
229,2011-06-03,2.055,2.075,2.08,2.053,3538.0,002429
230,2011-06-07,2.075,2.076,2.079,2.059,3203.0,002429
231,2011-06-08,2.064,2.078,2.085,2.06,3844.0,002429
232,2011-06-09,2.071,1.998,2.073,1.987,4667.0,002429
233,2011-06-10,2.004,1.931,2.021,1.884,10939.0,002429
234,2011-06-13,1.917,1.912,1.937,1.886,5984.0,002429
235,2011-06-14,1.903,1.947,1.947,1.899,7021.0,002429
236,2011-06-15,1.947,1.932,1.951,1.929,6089.0,002429
237,2011-06-16,1.925,1.891,1.925,1.89,5345.0,002429
238,2011-06-17,1.898,1.884,1.903,1.884,5103.0,002429
239,2011-06-20,1.877,1.833,1.883,1.829,5017.0,002429
240,2011-06-21,1.836,1.865,1.867,1.835,6581.0,002429
241,2011-06-22,1.867,1.864,1.882,1.839,7324.0,002429
242,2011-06-23,1.864,1.94,1.95,1.855,15205.0,002429
243,2011-06-24,1.92,1.973,1.993,1.917,17718.0,002429
244,2011-06-28,2.009,1.986,2.043,1.974,13249.0,002429
245,2011-06-29,1.986,1.94,1.989,1.94,10103.0,002429
246,2011-06-30,1.95,1.98,1.98,1.938,10417.0,002429
247,2011-07-01,2.016,1.99,2.03,1.987,18729.0,002429
248,2011-07-04,1.995,2.072,2.072,1.995,27229.0,002429
249,2011-07-05,2.075,2.133,2.133,2.075,24835.0,002429
250,2011-07-06,2.142,2.145,2.149,2.1,36824.0,002429
251,2011-07-07,2.143,2.107,2.145,2.092,36313.0,002429
252,2011-07-08,2.117,2.068,2.117,2.048,21227.0,002429
253,2011-07-11,2.075,2.085,2.085,2.041,18080.0,002429
254,2011-07-12,2.065,2.046,2.083,2.041,20464.0,002429
255,2011-07-13,2.046,2.08,2.085,2.043,16035.0,002429
256,2011-07-14,2.09,2.146,2.151,2.08,34183.0,002429
257,2011-07-15,2.139,2.136,2.185,2.121,43200.0,002429
258,2011-07-18,2.145,2.111,2.165,2.109,31501.0,002429
259,2011-07-19,2.105,2.078,2.105,2.056,25392.0,002429
260,2011-07-20,2.083,2.109,2.109,2.068,19375.0,002429
261,2011-07-21,2.104,2.071,2.104,2.065,12318.0,002429
262,2011-07-22,2.075,2.07,2.092,2.07,9560.0,002429
263,2011-07-25,2.061,1.935,2.073,1.927,21300.0,002429
264,2011-07-26,1.932,1.925,1.946,1.891,9870.0,002429
265,2011-07-27,1.924,1.958,1.985,1.901,12141.0,002429
266,2011-07-29,1.949,1.941,1.969,1.93,12116.0,002429
267,2011-08-01,1.941,1.951,1.969,1.935,7485.0,002429
268,2011-08-02,1.947,1.925,1.947,1.895,11868.0,002429
269,2011-08-03,1.905,1.939,1.958,1.898,10136.0,002429
270,2011-08-04,1.954,1.947,1.964,1.935,12045.0,002429
271,2011-08-05,1.867,1.944,1.985,1.838,26209.0,002429
272,2011-08-08,1.915,1.828,1.939,1.77,15866.0,002429
273,2011-08-09,1.786,1.777,1.801,1.706,18343.0,002429
274,2011-08-10,1.811,1.804,1.862,1.801,14982.0,002429
275,2011-08-11,1.777,1.818,1.823,1.738,12767.0,002429
276,2011-08-12,1.844,1.838,1.85,1.823,12919.0,002429
277,2011-08-15,1.844,1.898,1.905,1.827,24302.0,002429
278,2011-08-16,1.913,1.862,1.915,1.849,17532.0,002429
279,2011-08-17,1.861,1.837,1.871,1.828,15164.0,002429
280,2011-08-18,1.842,1.784,1.849,1.777,13313.0,002429
281,2011-08-19,1.735,1.767,1.767,1.721,9888.0,002429
282,2011-08-22,1.767,1.762,1.787,1.757,9163.0,002429
283,2011-08-23,1.764,1.813,1.813,1.764,11510.0,002429
284,2011-08-24,1.816,1.82,1.857,1.81,15298.0,002429
285,2011-08-25,1.825,1.855,1.862,1.811,21449.0,002429
286,2011-08-26,1.859,1.864,1.896,1.855,29057.0,002429
287,2011-08-29,1.864,1.845,1.864,1.837,12769.0,002429
288,2011-08-30,1.866,1.823,1.888,1.823,20933.0,002429
289,2011-08-31,1.82,1.808,1.837,1.786,15697.0,002429
290,2011-09-01,1.82,1.774,1.828,1.769,13321.0,002429
291,2011-09-02,1.772,1.748,1.782,1.743,11723.0,002429
292,2011-09-05,1.735,1.692,1.735,1.692,20431.0,002429
293,2011-09-06,1.668,1.672,1.704,1.66,12694.0,002429
294,2011-09-07,1.684,1.709,1.716,1.677,18435.0,002429
295,2011-09-08,1.718,1.694,1.735,1.687,18762.0,002429
296,2011-09-09,1.689,1.684,1.718,1.68,11417.0,002429
297,2011-09-13,1.663,1.648,1.665,1.634,9373.0,002429
298,2011-09-14,1.657,1.67,1.672,1.622,11363.0,002429
299,2011-09-15,1.674,1.674,1.685,1.665,14626.0,002429
300,2011-09-16,1.682,1.684,1.699,1.667,13808.0,002429
301,2011-09-19,1.684,1.636,1.684,1.636,9487.0,002429
302,2011-09-20,1.633,1.65,1.655,1.617,7614.0,002429
303,2011-09-21,1.658,1.697,1.701,1.641,24685.0,002429
304,2011-09-22,1.684,1.648,1.694,1.646,15087.0,002429
305,2011-09-23,1.616,1.633,1.641,1.602,10044.0,002429
306,2011-09-26,1.619,1.602,1.643,1.6,8674.0,002429
307,2011-09-27,1.616,1.622,1.639,1.6,9252.0,002429
308,2011-09-28,1.624,1.602,1.638,1.6,12747.0,002429
309,2011-09-29,1.594,1.561,1.604,1.56,9308.0,002429
310,2011-09-30,1.57,1.539,1.575,1.526,12133.0,002429
311,2011-10-10,1.544,1.514,1.56,1.507,8321.0,002429
312,2011-10-11,1.543,1.527,1.558,1.507,19813.0,002429
313,2011-10-12,1.51,1.554,1.573,1.483,69066.0,002429
314,2011-10-13,1.549,1.614,1.617,1.544,82681.0,002429
315,2011-10-14,1.599,1.588,1.612,1.561,62930.0,002429
316,2011-10-17,1.588,1.563,1.599,1.556,58800.0,002429
317,2011-10-19,1.526,1.502,1.537,1.49,42465.0,002429
318,2011-10-20,1.5,1.41,1.5,1.398,40043.0,002429
319,2011-10-21,1.41,1.393,1.422,1.391,19033.0,002429
320,2011-10-24,1.393,1.412,1.417,1.347,26365.0,002429
321,2011-10-25,1.412,1.442,1.447,1.395,33371.0,002429
322,2011-10-26,1.446,1.507,1.541,1.444,143256.0,002429
323,2011-10-27,1.497,1.483,1.5,1.468,68099.0,002429
324,2011-10-28,1.512,1.529,1.539,1.481,75048.0,002429
325,2011-10-31,1.522,1.548,1.556,1.51,55956.0,002429
326,2011-11-01,1.529,1.515,1.543,1.5,50376.0,002429
327,2011-11-02,1.485,1.622,1.667,1.48,150873.0,002429
328,2011-11-03,1.621,1.645,1.682,1.612,189614.0,002429
329,2011-11-04,1.66,1.65,1.679,1.619,91112.0,002429
330,2011-11-07,1.646,1.672,1.713,1.633,117105.0,002429
331,2011-11-08,1.694,1.708,1.74,1.684,140660.0,002429
332,2011-11-09,1.711,1.735,1.735,1.672,115769.0,002429
333,2011-11-10,1.718,1.694,1.73,1.684,98284.0,002429
334,2011-11-11,1.704,1.679,1.718,1.672,61733.0,002429
335,2011-11-14,1.697,1.714,1.73,1.697,98291.0,002429
336,2011-11-15,1.708,1.691,1.714,1.68,85195.0,002429
337,2011-11-16,1.692,1.641,1.708,1.631,101706.0,002429
338,2011-11-17,1.638,1.638,1.668,1.624,47137.0,002429
339,2011-11-18,1.611,1.556,1.628,1.553,63546.0,002429
340,2011-11-21,1.556,1.549,1.565,1.524,38700.0,002429
341,2011-11-22,1.531,1.554,1.558,1.524,30133.0,002429
342,2011-11-23,1.556,1.534,1.566,1.531,33576.0,002429
343,2011-11-24,1.505,1.534,1.548,1.503,31298.0,002429
344,2011-11-25,1.524,1.524,1.556,1.515,24795.0,002429
345,2011-11-28,1.526,1.536,1.539,1.517,20695.0,002429
346,2011-11-29,1.556,1.571,1.573,1.541,40132.0,002429
347,2011-11-30,1.571,1.441,1.571,1.422,53978.0,002429
348,2011-12-02,1.466,1.417,1.48,1.408,37205.0,002429
349,2011-12-05,1.398,1.384,1.418,1.381,20931.0,002429
350,2011-12-06,1.383,1.405,1.425,1.369,20872.0,002429
351,2011-12-07,1.403,1.41,1.424,1.398,18154.0,002429
352,2011-12-08,1.407,1.412,1.434,1.378,26025.0,002429
353,2011-12-09,1.398,1.417,1.444,1.398,24075.0,002429
354,2011-12-12,1.425,1.427,1.444,1.415,22195.0,002429
355,2011-12-13,1.418,1.383,1.42,1.378,14488.0,002429
356,2011-12-14,1.328,1.294,1.344,1.293,33423.0,002429
357,2011-12-15,1.277,1.289,1.306,1.267,21804.0,002429
358,2011-12-16,1.276,1.313,1.325,1.27,27078.0,002429
359,2011-12-19,1.306,1.355,1.361,1.296,74143.0,002429
360,2011-12-20,1.344,1.332,1.361,1.33,38362.0,002429
361,2011-12-21,1.349,1.277,1.355,1.276,37714.0,002429
362,2011-12-22,1.257,1.243,1.276,1.191,41828.0,002429
363,2011-12-23,1.231,1.257,1.281,1.221,25143.0,002429
364,2011-12-26,1.253,1.255,1.289,1.242,19586.0,002429
365,2011-12-27,1.245,1.211,1.255,1.209,19819.0,002429
366,2011-12-28,1.199,1.287,1.332,1.191,60893.0,002429
367,2011-12-29,1.26,1.276,1.316,1.259,49791.0,002429
368,2011-12-30,1.269,1.301,1.315,1.269,40283.0,002429
369,2012-01-04,1.315,1.25,1.316,1.248,36416.0,002429
370,2012-01-05,1.238,1.206,1.243,1.196,34252.0,002429
371,2012-01-06,1.221,1.233,1.238,1.182,26869.0,002429
372,2012-01-09,1.236,1.298,1.298,1.216,38635.0,002429
373,2012-01-10,1.304,1.352,1.355,1.289,59524.0,002429
374,2012-01-11,1.347,1.344,1.357,1.33,52587.0,002429
375,2012-01-12,1.333,1.345,1.372,1.323,39128.0,002429
376,2012-01-13,1.352,1.286,1.357,1.277,45828.0,002429
377,2012-01-16,1.284,1.248,1.284,1.248,21751.0,002429
378,2012-01-17,1.24,1.321,1.328,1.24,30436.0,002429
379,2012-01-18,1.321,1.299,1.34,1.296,29668.0,002429
380,2012-01-19,1.294,1.333,1.335,1.282,35088.0,002429
381,2012-01-20,1.337,1.337,1.355,1.321,37499.0,002429
382,2012-01-30,1.34,1.316,1.344,1.313,26098.0,002429
383,2012-01-31,1.311,1.311,1.325,1.289,22809.0,002429
384,2012-02-01,1.318,1.306,1.33,1.296,19963.0,002429
385,2012-02-02,1.306,1.34,1.345,1.306,29871.0,002429
386,2012-02-03,1.338,1.367,1.378,1.332,53328.0,002429
387,2012-02-06,1.371,1.367,1.376,1.35,42034.0,002429
388,2012-02-07,1.361,1.332,1.361,1.32,25930.0,002429
389,2012-02-08,1.327,1.362,1.371,1.32,35328.0,002429
390,2012-02-09,1.362,1.376,1.405,1.361,59460.0,002429
391,2012-02-10,1.374,1.378,1.405,1.367,38511.0,002429
392,2012-02-13,1.359,1.444,1.454,1.349,92225.0,002429
393,2012-02-14,1.475,1.531,1.541,1.449,167576.0,002429
394,2012-02-15,1.497,1.532,1.556,1.485,145081.0,002429
395,2012-02-16,1.531,1.556,1.578,1.514,118472.0,002429
396,2012-02-17,1.556,1.536,1.56,1.51,75174.0,002429
397,2012-02-20,1.548,1.58,1.616,1.524,135419.0,002429
398,2012-02-21,1.571,1.616,1.626,1.563,102914.0,002429
399,2012-02-22,1.607,1.633,1.646,1.588,95915.0,002429
400,2012-02-23,1.633,1.619,1.646,1.587,103303.0,002429
401,2012-02-24,1.609,1.663,1.665,1.58,98880.0,002429
402,2012-02-27,1.699,1.702,1.81,1.646,193047.0,002429
403,2012-02-28,1.697,1.653,1.723,1.653,99395.0,002429
404,2012-02-29,1.655,1.691,1.748,1.653,146985.0,002429
405,2012-03-01,1.68,1.806,1.813,1.675,163911.0,002429
406,2012-03-02,1.813,1.889,1.903,1.782,171622.0,002429
407,2012-03-05,1.893,1.922,2.005,1.893,215974.0,002429
408,2012-03-06,1.901,1.941,1.966,1.872,124275.0,002429
409,2012-03-07,1.929,1.854,1.947,1.842,186683.0,002429
410,2012-03-08,1.844,1.888,1.893,1.838,102017.0,002429
411,2012-03-09,1.888,1.944,1.956,1.855,107257.0,002429
412,2012-03-12,1.944,1.966,1.986,1.92,98783.0,002429
413,2012-03-13,1.964,1.937,1.969,1.922,66161.0,002429
414,2012-03-14,1.946,1.837,1.947,1.743,178869.0,002429
415,2012-03-15,1.811,1.83,1.849,1.762,95142.0,002429
416,2012-03-16,1.82,1.838,1.847,1.789,56425.0,002429
417,2012-03-19,1.837,1.813,1.842,1.794,70718.0,002429
418,2012-03-20,1.806,1.799,1.864,1.747,108175.0,002429
419,2012-03-21,1.818,1.825,1.833,1.753,77618.0,002429
420,2012-03-22,1.828,1.954,1.956,1.828,160385.0,002429
421,2012-03-23,1.947,1.901,1.981,1.895,108371.0,002429
422,2012-03-26,1.888,1.976,2.002,1.884,118632.0,002429
423,2012-03-27,2.005,2.002,2.06,1.964,139095.0,002429
424,2012-03-28,1.981,1.801,1.985,1.801,137810.0,002429
425,2012-03-29,1.767,1.747,1.832,1.716,93521.0,002429
426,2012-03-30,1.745,1.762,1.816,1.667,82153.0,002429
427,2012-04-05,1.762,1.832,1.838,1.747,62317.0,002429
428,2012-04-06,1.815,1.842,1.864,1.798,58873.0,002429
429,2012-04-09,1.837,1.842,1.9,1.803,47651.0,002429
430,2012-04-10,1.838,1.958,1.958,1.821,101070.0,002429
431,2012-04-11,1.922,1.956,1.981,1.915,80689.0,002429
432,2012-04-13,2.007,2.026,2.071,1.968,132416.0,002429
433,2012-04-16,2.002,2.088,2.126,1.976,106313.0,002429
434,2012-04-17,2.087,2.073,2.1,2.034,59262.0,002429
435,2012-04-18,2.078,2.071,2.099,2.041,97441.0,002429
436,2012-04-19,2.083,2.041,2.092,2.009,67986.0,002429
437,2012-04-20,2.017,2.017,2.041,1.988,55329.0,002429
438,2012-04-23,2.01,1.939,2.01,1.937,68608.0,002429
439,2012-04-24,1.915,1.91,1.961,1.849,79074.0,002429
440,2012-04-25,1.901,1.934,1.952,1.888,59188.0,002429
441,2012-04-26,1.934,1.964,1.988,1.922,61058.0,002429
442,2012-04-27,1.964,1.952,1.985,1.925,25701.0,002429
443,2012-05-02,1.973,2.037,2.056,1.956,58024.0,002429
444,2012-05-03,2.022,2.039,2.078,2.022,46096.0,002429
445,2012-05-04,2.032,2.08,2.1,2.017,61699.0,002429
446,2012-05-07,2.065,2.151,2.168,2.058,97392.0,002429
447,2012-05-08,2.16,2.105,2.183,2.103,72725.0,002429
448,2012-05-09,2.081,2.048,2.086,2.022,54989.0,002429
449,2012-05-10,2.039,2.067,2.096,2.039,35688.0,002429
450,2012-05-11,2.067,2.048,2.072,2.029,29605.0,002429
451,2012-05-14,2.067,2.079,2.1,2.063,49084.0,002429
452,2012-05-15,2.058,2.11,2.148,2.048,70901.0,002429
453,2012-05-16,2.11,2.105,2.184,2.101,70705.0,002429
454,2012-05-17,2.114,2.138,2.167,2.039,66027.0,002429
455,2012-05-18,2.126,2.051,2.157,2.043,46151.0,002429
456,2012-05-21,2.039,2.058,2.096,2.022,31510.0,002429
457,2012-05-22,2.081,2.127,2.164,2.069,45998.0,002429
458,2012-05-23,2.143,2.269,2.273,2.129,144726.0,002429
459,2012-05-24,2.269,2.231,2.311,2.207,98312.0,002429
460,2012-05-25,2.209,2.197,2.238,2.183,50238.0,002429
461,2012-05-28,2.178,2.279,2.281,2.119,80844.0,002429
462,2012-05-29,2.281,2.271,2.345,2.247,93181.0,002429
463,2012-05-30,2.252,2.274,2.309,2.214,61698.0,002429
464,2012-05-31,2.283,2.269,2.34,2.262,68612.0,002429
465,2012-06-01,2.259,2.288,2.316,2.226,51132.0,002429
466,2012-06-04,2.247,2.202,2.293,2.167,67940.0,002429
467,2012-06-05,2.209,2.21,2.229,2.169,31506.0,002429
468,2012-06-06,2.212,2.159,2.229,2.126,46289.0,002429
469,2012-06-07,2.193,2.076,2.193,2.074,43955.0,002429
470,2012-06-08,2.107,2.079,2.12,2.048,34545.0,002429
471,2012-06-11,2.079,2.164,2.188,2.074,40573.0,002429
472,2012-06-12,2.153,2.081,2.157,2.079,32324.0,002429
473,2012-06-13,2.093,2.181,2.191,2.091,61119.0,002429
474,2012-06-14,2.178,2.209,2.238,2.16,44332.0,002429
475,2012-06-15,2.212,2.195,2.238,2.157,32255.0,002429
476,2012-06-18,2.212,2.217,2.252,2.19,33278.0,002429
477,2012-06-19,2.219,2.143,2.219,2.14,34805.0,002429
478,2012-06-20,2.155,2.136,2.172,2.131,18814.0,002429
479,2012-06-21,2.119,2.1,2.146,2.081,20260.0,002429
480,2012-06-25,2.074,2.041,2.105,2.022,29771.0,002429
481,2012-06-26,2.041,2.053,2.074,2.012,19653.0,002429
482,2012-06-27,2.058,1.994,2.077,1.994,21168.0,002429
483,2012-06-28,2.005,1.879,2.015,1.875,67251.0,002429
484,2012-06-29,1.868,1.953,1.975,1.847,36977.0,002429
485,2012-07-02,1.993,2.029,2.048,1.97,28553.0,002429
486,2012-07-03,2.039,2.105,2.122,2.02,48556.0,002429
487,2012-07-04,2.119,2.076,2.131,2.065,23740.0,002429
488,2012-07-05,2.058,2.031,2.076,2.022,19282.0,002429
489,2012-07-06,2.053,2.079,2.086,1.968,55157.0,002429
490,2012-07-09,2.055,2.043,2.091,2.036,31749.0,002429
491,2012-07-10,2.027,1.979,2.038,1.975,23911.0,002429
492,2012-07-11,1.972,2.001,2.012,1.968,15564.0,002429
493,2012-07-12,2.025,2.122,2.143,1.993,46871.0,002429
494,2012-07-13,2.134,2.098,2.134,2.088,20962.0,002429
495,2012-07-16,2.105,1.989,2.105,1.972,36019.0,002429
496,2012-07-17,1.987,2.015,2.019,1.958,18499.0,002429
497,2012-07-18,2.013,2.077,2.091,2.013,33521.0,002429
498,2012-07-19,2.082,2.079,2.119,2.058,34705.0,002429
499,2012-07-20,2.082,2.096,2.138,2.076,29005.0,002429
500,2012-07-23,2.074,2.079,2.115,2.065,17461.0,002429
501,2012-07-24,2.058,2.082,2.11,2.048,18591.0,002429
502,2012-07-25,2.072,2.095,2.1,2.067,19651.0,002429
503,2012-07-26,2.086,2.11,2.141,2.081,34337.0,002429
504,2012-07-27,2.119,2.008,2.138,2.008,40842.0,002429
505,2012-07-30,1.996,2.019,2.036,1.977,18404.0,002429
506,2012-07-31,2.025,1.847,2.036,1.834,58262.0,002429
507,2012-08-01,1.858,1.884,1.913,1.844,23872.0,002429
508,2012-08-02,1.889,1.898,1.937,1.884,23006.0,002429
509,2012-08-03,1.911,1.937,1.941,1.889,21611.0,002429
510,2012-08-06,1.934,1.967,1.977,1.913,23317.0,002429
511,2012-08-07,1.974,1.994,2.025,1.967,25022.0,002429
512,2012-08-08,1.994,1.993,2.015,1.956,17503.0,002429
513,2012-08-09,1.994,2.039,2.044,1.972,24645.0,002429
514,2012-08-10,2.041,2.053,2.067,2.031,24632.0,002429
515,2012-08-13,2.048,1.953,2.048,1.953,18911.0,002429
516,2012-08-14,1.949,1.996,1.996,1.918,15576.0,002429
517,2012-08-15,1.991,1.925,2.0,1.918,22371.0,002429
518,2012-08-16,1.934,1.884,1.936,1.866,21842.0,002429
519,2012-08-17,1.87,1.915,1.917,1.87,9378.0,002429
520,2012-08-20,1.918,1.932,1.944,1.885,16288.0,002429
521,2012-08-21,1.932,1.97,1.981,1.93,17112.0,002429
522,2012-08-22,1.986,1.97,1.986,1.918,18073.0,002429
523,2012-08-23,1.958,2.0,2.006,1.958,22989.0,002429
524,2012-08-24,1.994,1.989,2.02,1.965,23372.0,002429
525,2012-08-27,1.989,1.991,1.998,1.958,31651.0,002429
526,2012-08-28,1.981,2.005,2.005,1.962,27021.0,002429
527,2012-08-29,2.001,2.041,2.1,1.996,45431.0,002429
528,2012-08-30,2.022,1.981,2.06,1.953,30280.0,002429
529,2012-08-31,1.975,1.989,2.013,1.963,13159.0,002429
530,2012-09-03,1.998,2.188,2.188,1.996,87578.0,002429
531,2012-09-04,2.247,2.228,2.286,2.191,170361.0,002429
532,2012-09-05,2.212,2.236,2.364,2.197,143121.0,002429
533,2012-09-06,2.217,2.21,2.283,2.184,86654.0,002429
534,2012-09-07,2.219,2.248,2.318,2.198,119082.0,002429
535,2012-09-10,2.24,2.394,2.468,2.235,158421.0,002429
536,2012-09-11,2.381,2.4,2.406,2.333,70897.0,002429
537,2012-09-12,2.409,2.397,2.425,2.359,47838.0,002429
538,2012-09-13,2.376,2.295,2.432,2.285,82348.0,002429
539,2012-09-14,2.324,2.319,2.354,2.25,48366.0,002429
540,2012-09-17,2.319,2.273,2.345,2.255,35763.0,002429
541,2012-09-18,2.267,2.243,2.271,2.21,41029.0,002429
542,2012-09-19,2.233,2.285,2.302,2.233,26266.0,002429
543,2012-09-20,2.276,2.183,2.288,2.179,34002.0,002429
544,2012-09-21,2.169,2.108,2.209,2.095,29606.0,002429
545,2012-09-24,2.11,2.148,2.152,2.069,26707.0,002429
546,2012-09-25,2.127,2.2,2.229,2.108,32869.0,002429
547,2012-09-26,2.198,2.12,2.198,2.12,16217.0,002429
548,2012-09-27,2.108,2.207,2.212,2.082,35574.0,002429
549,2012-09-28,2.186,2.231,2.245,2.174,26653.0,002429
550,2012-10-08,2.238,2.228,2.247,2.197,14545.0,002429
551,2012-10-09,2.228,2.269,2.288,2.228,33752.0,002429
552,2012-10-10,2.269,2.359,2.359,2.259,56306.0,002429
553,2012-10-11,2.347,2.35,2.373,2.319,32805.0,002429
554,2012-10-12,2.368,2.302,2.4,2.269,44211.0,002429
555,2012-10-15,2.298,2.338,2.378,2.298,26218.0,002429
556,2012-10-16,2.338,2.298,2.366,2.29,25281.0,002429
557,2012-10-17,2.312,2.274,2.316,2.241,21394.0,002429
558,2012-10-18,2.276,2.312,2.312,2.26,31634.0,002429
559,2012-10-19,2.314,2.324,2.354,2.269,34104.0,002429
560,2012-10-22,2.311,2.297,2.333,2.29,22598.0,002429
561,2012-10-23,2.307,2.333,2.397,2.307,60232.0,002429
562,2012-10-24,2.338,2.419,2.43,2.321,67733.0,002429
563,2012-10-25,2.418,2.3,2.419,2.281,47299.0,002429
564,2012-10-26,2.293,2.224,2.309,2.178,49213.0,002429
565,2012-10-29,2.221,2.238,2.257,2.178,21604.0,002429
566,2012-10-30,2.233,2.281,2.326,2.205,33936.0,002429
567,2012-10-31,2.274,2.312,2.326,2.274,16538.0,002429
568,2012-11-01,2.312,2.333,2.35,2.29,27965.0,002429
569,2012-11-02,2.342,2.252,2.354,2.248,42912.0,002429
570,2012-11-05,2.247,2.219,2.269,2.209,31051.0,002429
571,2012-11-06,2.219,2.262,2.267,2.195,20481.0,002429
572,2012-11-07,2.247,2.231,2.269,2.226,13522.0,002429
573,2012-11-08,2.229,2.145,2.236,2.141,30207.0,002429
574,2012-11-09,2.126,2.103,2.143,2.098,25781.0,002429
575,2012-11-12,2.115,2.06,2.129,2.022,28217.0,002429
576,2012-11-13,2.06,2.051,2.069,2.024,15129.0,002429
577,2012-11-14,2.048,2.046,2.076,2.034,11019.0,002429
578,2012-11-15,2.041,2.05,2.096,2.024,18995.0,002429
579,2012-11-16,2.039,2.025,2.055,2.001,10960.0,002429
580,2012-11-19,2.025,1.994,2.025,1.962,13095.0,002429
581,2012-11-20,2.001,1.991,2.031,1.984,8896.0,002429
582,2012-11-21,1.987,2.038,2.048,1.967,13851.0,002429
583,2012-11-22,2.032,2.013,2.044,2.003,10443.0,002429
584,2012-11-23,2.017,2.041,2.069,1.989,11295.0,002429
585,2012-11-26,2.043,1.984,2.048,1.984,8255.0,002429
586,2012-11-27,1.984,1.993,2.01,1.953,21808.0,002429
587,2012-11-28,1.975,1.979,2.005,1.923,10309.0,002429
588,2012-11-29,1.975,1.962,2.001,1.939,5498.0,002429
589,2012-11-30,1.944,2.001,2.001,1.944,10714.0,002429
590,2012-12-03,2.0,1.953,2.025,1.953,11383.0,002429
591,2012-12-04,1.953,2.022,2.039,1.936,15655.0,002429
592,2012-12-05,2.015,2.084,2.108,2.013,25816.0,002429
593,2012-12-06,2.076,2.072,2.107,2.058,12737.0,002429
594,2012-12-07,2.072,2.16,2.179,2.05,31228.0,002429
595,2012-12-10,2.152,2.16,2.172,2.131,22053.0,002429
596,2012-12-11,2.165,2.114,2.167,2.108,14425.0,002429
597,2012-12-12,2.131,2.095,2.131,2.065,17927.0,002429
598,2012-12-13,2.072,2.077,2.095,2.053,9473.0,002429
599,2012-12-14,2.082,2.174,2.186,2.067,30594.0,002429
600,2012-12-17,2.174,2.145,2.179,2.127,17308.0,002429
601,2012-12-18,2.136,2.153,2.219,2.124,28090.0,002429
602,2012-12-19,2.152,2.169,2.174,2.131,11166.0,002429
603,2012-12-20,2.16,2.219,2.219,2.159,24755.0,002429
604,2012-12-21,2.219,2.247,2.247,2.202,32751.0,002429
605,2012-12-24,2.238,2.264,2.292,2.2,45541.0,002429
606,2012-12-25,2.264,2.333,2.35,2.235,47383.0,002429
607,2012-12-26,2.333,2.319,2.338,2.29,24963.0,002429
608,2012-12-27,2.328,2.247,2.333,2.24,32734.0,002429
609,2012-12-28,2.247,2.257,2.279,2.233,32179.0,002429
610,2012-12-31,2.264,2.231,2.274,2.226,33728.0,002429
611,2013-01-04,2.247,2.238,2.273,2.207,32213.0,002429
612,2013-01-07,2.226,2.283,2.288,2.217,35258.0,002429
613,2013-01-08,2.283,2.347,2.356,2.274,50403.0,002429
614,2013-01-09,2.333,2.357,2.364,2.298,41979.0,002429
615,2013-01-10,2.342,2.302,2.356,2.292,34244.0,002429
616,2013-01-11,2.304,2.238,2.324,2.231,26290.0,002429
617,2013-01-14,2.229,2.298,2.309,2.222,94753.0,002429
618,2013-01-15,2.305,2.333,2.361,2.278,67482.0,002429
619,2013-01-16,2.321,2.359,2.402,2.302,72561.0,002429
620,2013-01-17,2.35,2.304,2.356,2.286,33193.0,002429
621,2013-01-18,2.311,2.337,2.359,2.279,45331.0,002429
622,2013-01-21,2.357,2.428,2.452,2.35,80955.0,002429
623,2013-01-22,2.44,2.349,2.445,2.333,59312.0,002429
624,2013-01-23,2.35,2.33,2.373,2.281,35397.0,002429
625,2013-01-24,2.333,2.24,2.359,2.233,42801.0,002429
626,2013-01-25,2.257,2.238,2.262,2.224,17666.0,002429
627,2013-01-28,2.248,2.323,2.326,2.248,36263.0,002429
628,2013-01-29,2.33,2.34,2.375,2.328,30471.0,002429
629,2013-01-30,2.35,2.319,2.38,2.286,36881.0,002429
630,2013-01-31,2.326,2.286,2.326,2.255,26576.0,002429
631,2013-02-01,2.278,2.285,2.292,2.241,23479.0,002429
632,2013-02-04,2.328,2.241,2.347,2.217,49959.0,002429
633,2013-02-05,2.243,2.229,2.255,2.2,38673.0,002429
634,2013-02-06,2.229,2.281,2.283,2.229,50388.0,002429
635,2013-02-07,2.292,2.295,2.314,2.273,71117.0,002429
636,2013-02-08,2.297,2.368,2.385,2.288,63022.0,002429
637,2013-02-18,2.381,2.375,2.438,2.369,70968.0,002429
638,2013-02-19,2.376,2.381,2.433,2.359,84405.0,002429
639,2013-02-20,2.385,2.62,2.62,2.368,131060.0,002429
640,2013-02-21,2.646,2.677,2.744,2.622,189388.0,002429
641,2013-02-22,2.594,2.597,2.661,2.584,80593.0,002429
642,2013-02-25,2.616,2.648,2.703,2.594,66846.0,002429
643,2013-02-26,2.648,2.615,2.731,2.608,92518.0,002429
644,2013-02-27,2.577,2.558,2.613,2.52,83889.0,002429
645,2013-02-28,2.471,2.525,2.535,2.451,125187.0,002429
646,2013-03-01,2.525,2.584,2.589,2.489,78650.0,002429
647,2013-03-04,2.566,2.456,2.568,2.44,65259.0,002429
648,2013-03-05,2.461,2.534,2.547,2.461,60567.0,002429
649,2013-03-06,2.535,2.651,2.672,2.535,99625.0,002429
650,2013-03-07,2.641,2.601,2.675,2.566,69486.0,002429
651,2013-03-08,2.604,2.618,2.729,2.604,86031.0,002429
652,2013-03-11,2.632,2.54,2.67,2.523,56095.0,002429
653,2013-03-12,2.566,2.447,2.582,2.39,71548.0,002429
654,2013-03-13,2.463,2.414,2.463,2.371,31323.0,002429
655,2013-03-14,2.402,2.437,2.478,2.394,36015.0,002429
656,2013-03-15,2.447,2.388,2.483,2.373,47343.0,002429
657,2013-03-18,2.38,2.364,2.411,2.359,28374.0,002429
658,2013-03-19,2.364,2.342,2.388,2.278,36241.0,002429
659,2013-03-20,2.35,2.402,2.433,2.321,42969.0,002429
660,2013-03-21,2.423,2.461,2.48,2.402,53446.0,002429
661,2013-03-22,2.461,2.447,2.475,2.423,34818.0,002429
662,2013-03-25,2.459,2.312,2.468,2.26,77153.0,002429
663,2013-03-26,2.29,2.307,2.342,2.281,36529.0,002429
664,2013-03-27,2.316,2.228,2.342,2.209,83517.0,002429
665,2013-03-28,2.224,2.203,2.243,2.167,47870.0,002429
666,2013-03-29,2.216,2.219,2.241,2.197,28844.0,002429
667,2013-04-01,2.229,2.304,2.312,2.224,43411.0,002429
668,2013-04-02,2.359,2.228,2.385,2.212,85460.0,002429
669,2013-04-03,2.238,2.191,2.254,2.174,43007.0,002429
670,2013-04-08,2.186,2.286,2.297,2.186,55057.0,002429
671,2013-04-09,2.273,2.324,2.324,2.257,45281.0,002429
672,2013-04-10,2.307,2.298,2.331,2.262,42441.0,002429
673,2013-04-11,2.314,2.312,2.34,2.286,44700.0,002429
674,2013-04-12,2.324,2.247,2.324,2.241,30463.0,002429
675,2013-04-15,2.229,2.21,2.235,2.193,22766.0,002429
676,2013-04-16,2.2,2.252,2.259,2.178,23702.0,002429
677,2013-04-17,2.273,2.307,2.307,2.255,40762.0,002429
678,2013-04-18,2.307,2.314,2.321,2.29,33119.0,002429
679,2013-04-19,2.312,2.338,2.349,2.302,76596.0,002429
680,2013-04-22,2.316,2.304,2.335,2.281,58194.0,002429
681,2013-04-23,2.297,2.21,2.307,2.198,47717.0,002429
682,2013-04-24,2.209,2.254,2.264,2.209,41507.0,002429
683,2013-04-25,2.236,2.236,2.304,2.219,57764.0,002429
684,2013-04-26,2.226,2.079,2.255,2.074,89837.0,002429
685,2013-05-02,2.077,2.07,2.11,2.062,35633.0,002429
686,2013-05-03,2.089,2.11,2.122,2.081,38104.0,002429
687,2013-05-06,2.114,2.167,2.171,2.114,42132.0,002429
688,2013-05-07,2.16,2.15,2.169,2.143,29185.0,002429
689,2013-05-08,2.16,2.127,2.203,2.108,205868.0,002429
690,2013-05-09,2.141,2.34,2.34,2.11,296282.0,002429
691,2013-05-10,2.318,2.352,2.368,2.307,215274.0,002429
692,2013-05-13,2.333,2.34,2.413,2.328,123604.0,002429
693,2013-05-14,2.347,2.255,2.347,2.221,146242.0,002429
694,2013-05-15,2.255,2.314,2.319,2.247,123117.0,002429
695,2013-05-16,2.316,2.323,2.357,2.29,128382.0,002429
696,2013-05-17,2.307,2.399,2.409,2.281,150122.0,002429
697,2013-05-20,2.49,2.535,2.61,2.454,254753.0,002429
698,2013-05-21,2.54,2.568,2.616,2.511,140071.0,002429
699,2013-05-22,2.589,2.635,2.661,2.525,206705.0,002429
700,2013-05-23,2.623,2.592,2.722,2.57,203067.0,002429
701,2013-05-24,2.627,2.705,2.731,2.542,247148.0,002429
702,2013-05-27,2.699,2.66,2.699,2.635,147682.0,002429
703,2013-05-28,2.661,2.584,2.663,2.546,118151.0,002429
704,2013-05-29,2.582,2.641,2.689,2.57,119576.0,002429
705,2013-05-30,2.625,2.725,2.76,2.61,185634.0,002429
706,2013-05-31,2.72,2.634,2.736,2.592,150008.0,002429
707,2013-06-03,2.63,2.596,2.682,2.578,93674.0,002429
708,2013-06-04,2.618,2.502,2.618,2.475,95260.0,002429
709,2013-06-05,2.502,2.468,2.534,2.437,78046.0,002429
710,2013-06-06,2.489,2.413,2.489,2.413,69327.0,002429
711,2013-06-07,2.426,2.387,2.447,2.366,51854.0,002429
712,2013-06-13,2.381,2.337,2.381,2.248,47219.0,002429
713,2013-06-14,2.343,2.421,2.433,2.337,51181.0,002429
714,2013-06-17,2.437,2.437,2.487,2.423,72260.0,002429
715,2013-06-18,2.438,2.421,2.452,2.39,46520.0,002429
716,2013-06-19,2.413,2.425,2.437,2.337,51522.0,002429
717,2013-06-20,2.418,2.259,2.418,2.247,60082.0,002429
718,2013-06-21,2.238,2.232,2.259,2.166,40268.0,002429
719,2013-06-24,2.156,2.08,2.232,2.059,61224.0,002429
720,2013-06-25,2.053,2.009,2.101,1.872,145201.0,002429
721,2013-06-26,2.003,2.09,2.09,1.93,115263.0,002429
722,2013-06-27,2.088,2.001,2.098,1.974,82407.0,002429
723,2013-06-28,1.993,1.972,2.03,1.948,49920.0,002429
724,2013-07-01,1.966,2.011,2.024,1.951,42464.0,002429
725,2013-07-02,2.014,2.045,2.069,1.993,45958.0,002429
726,2013-07-03,2.04,2.098,2.14,1.995,96837.0,002429
727,2013-07-04,2.08,2.114,2.153,2.061,65597.0,002429
728,2013-07-05,2.132,2.074,2.143,2.066,43344.0,002429
729,2013-07-08,2.027,1.961,2.027,1.924,50045.0,002429
730,2013-07-09,1.953,1.93,1.974,1.909,35264.0,002429
731,2013-07-10,1.93,1.982,1.987,1.914,42131.0,002429
732,2013-07-11,1.993,2.132,2.148,1.961,88515.0,002429
733,2013-07-12,2.106,2.061,2.135,2.061,69566.0,002429
734,2013-07-15,2.08,2.169,2.188,2.08,74884.0,002429
735,2013-07-16,2.172,2.238,2.272,2.172,143160.0,002429
736,2013-07-17,2.235,2.324,2.385,2.209,144949.0,002429
737,2013-07-18,2.377,2.369,2.43,2.311,159221.0,002429
738,2013-07-19,2.369,2.343,2.43,2.288,137578.0,002429
739,2013-07-22,2.351,2.551,2.577,2.343,142441.0,002429
740,2013-07-23,2.564,2.572,2.585,2.527,87654.0,002429
741,2013-07-24,2.577,2.588,2.627,2.54,102026.0,002429
742,2013-07-25,2.582,2.632,2.696,2.58,157668.0,002429
743,2013-07-26,2.593,2.632,2.68,2.522,99299.0,002429
744,2013-07-29,2.606,2.498,2.64,2.482,84302.0,002429
745,2013-07-30,2.543,2.522,2.569,2.401,72302.0,002429
746,2013-07-31,2.501,2.575,2.596,2.469,88158.0,002429
747,2013-08-01,2.575,2.714,2.764,2.575,189625.0,002429
748,2013-08-02,2.751,2.843,2.851,2.688,136112.0,002429
749,2013-08-05,2.864,2.84,2.922,2.806,82253.0,002429
750,2013-08-06,2.864,2.885,2.933,2.804,88608.0,002429
751,2013-08-07,2.89,2.843,2.896,2.79,60122.0,002429
752,2013-08-08,2.882,2.909,2.922,2.819,94153.0,002429
753,2013-08-09,2.914,2.88,2.938,2.83,63007.0,002429
754,2013-08-12,2.898,2.809,2.917,2.725,78805.0,002429
755,2013-08-13,2.764,2.759,2.806,2.693,103293.0,002429
756,2013-08-14,2.78,2.732,2.806,2.685,89483.0,002429
757,2013-08-15,2.732,2.685,2.764,2.685,50239.0,002429
758,2013-08-16,2.693,2.546,2.748,2.54,91483.0,002429
759,2013-08-19,2.593,2.677,2.69,2.553,61764.0,002429
760,2013-08-20,2.68,2.675,2.746,2.64,47822.0,002429
761,2013-08-21,2.706,2.711,2.711,2.661,50524.0,002429
762,2013-08-22,2.711,2.796,2.811,2.688,86845.0,002429
763,2013-08-23,2.806,2.759,2.814,2.693,46536.0,002429
764,2013-08-26,2.759,2.772,2.79,2.711,48265.0,002429
765,2013-08-27,2.769,2.777,2.785,2.685,61967.0,002429
766,2013-08-28,2.727,2.682,2.764,2.68,32634.0,002429
767,2013-08-29,2.682,2.596,2.746,2.593,50206.0,002429
768,2013-08-30,2.603,2.514,2.638,2.511,38890.0,002429
769,2013-09-02,2.561,2.643,2.646,2.467,70384.0,002429
770,2013-09-03,2.63,2.714,2.714,2.606,55885.0,002429
771,2013-09-04,2.714,2.751,2.767,2.701,49720.0,002429
772,2013-09-05,2.764,2.693,2.764,2.638,50844.0,002429
773,2013-09-06,2.701,2.711,2.711,2.635,67890.0,002429
774,2013-09-09,2.701,2.738,2.751,2.659,54243.0,002429
775,2013-09-10,2.73,3.011,3.011,2.73,227011.0,002429
776,2013-09-11,3.154,3.117,3.172,3.043,189062.0,002429
777,2013-09-12,3.119,3.19,3.275,3.017,131638.0,002429
778,2013-09-13,3.154,3.196,3.204,3.109,84589.0,002429
779,2013-09-16,3.238,3.225,3.283,3.133,85535.0,002429
780,2013-09-17,3.198,3.225,3.375,3.162,134181.0,002429
781,2013-09-18,3.225,3.338,3.338,3.167,94791.0,002429
782,2013-09-27,3.672,3.672,3.672,3.672,14885.0,002429
783,2013-09-30,4.041,4.041,4.041,3.822,288827.0,002429
784,2013-10-08,4.041,4.159,4.262,3.878,269290.0,002429
785,2013-10-09,4.067,4.151,4.251,4.001,152577.0,002429
786,2013-10-10,4.096,4.08,4.141,3.949,132735.0,002429
787,2013-10-11,4.049,4.078,4.288,4.028,123241.0,002429
788,2013-10-14,4.051,3.975,4.075,3.891,133977.0,002429
789,2013-10-15,3.991,3.888,3.996,3.864,116339.0,002429
790,2013-10-16,3.87,3.559,3.909,3.554,142652.0,002429
791,2013-10-17,3.575,3.53,3.654,3.522,68867.0,002429
792,2013-10-18,3.567,3.622,3.643,3.535,65406.0,002429
793,2013-10-21,3.643,3.791,3.851,3.643,76860.0,002429
794,2013-10-22,3.796,3.785,3.938,3.767,86870.0,002429
795,2013-10-23,3.759,3.475,3.838,3.406,80950.0,002429
796,2013-10-24,3.501,3.556,3.614,3.467,44302.0,002429
797,2013-10-25,3.791,3.633,3.893,3.633,113326.0,002429
798,2013-10-28,3.606,3.709,3.751,3.33,71062.0,002429
799,2013-10-29,3.672,3.677,3.751,3.501,52221.0,002429
800,2013-10-30,3.675,3.828,3.843,3.649,70334.0,002429
801,2013-10-31,3.804,3.635,3.804,3.62,46359.0,002429
802,2013-11-01,3.606,3.48,3.609,3.43,48090.0,002429
803,2013-11-04,3.475,3.459,3.548,3.412,27042.0,002429
804,2013-11-05,3.456,3.583,3.604,3.422,30132.0,002429
805,2013-11-06,3.593,3.488,3.601,3.475,28306.0,002429
806,2013-11-07,3.467,3.346,3.488,3.317,34689.0,002429
807,2013-11-08,3.346,3.359,3.435,3.346,24035.0,002429
808,2013-11-11,3.343,3.398,3.409,3.343,18570.0,002429
809,2013-11-12,3.377,3.454,3.514,3.377,30051.0,002429
810,2013-11-13,3.448,3.364,3.488,3.356,21794.0,002429
811,2013-11-14,3.362,3.375,3.409,3.269,35505.0,002429
812,2013-11-15,3.412,3.485,3.496,3.375,49140.0,002429
813,2013-11-18,3.522,3.525,3.551,3.488,36140.0,002429
814,2013-11-19,3.509,3.583,3.614,3.477,49388.0,002429
815,2013-11-20,3.58,3.591,3.641,3.541,43626.0,002429
816,2013-11-21,3.604,3.475,3.617,3.448,63315.0,002429
817,2013-11-22,3.498,3.433,3.498,3.393,44248.0,002429
818,2013-11-25,3.43,3.596,3.604,3.401,65214.0,002429
819,2013-11-26,3.606,3.722,3.856,3.588,119211.0,002429
820,2013-11-27,3.77,3.738,3.785,3.651,66678.0,002429
821,2013-11-28,3.767,3.683,3.791,3.662,54629.0,002429
822,2013-11-29,3.675,3.749,3.756,3.675,41150.0,002429
823,2013-12-02,3.699,3.541,3.699,3.396,62317.0,002429
824,2013-12-03,3.543,3.58,3.625,3.501,56766.0,002429
825,2013-12-04,3.667,3.749,3.909,3.667,92714.0,002429
826,2013-12-05,3.699,3.712,3.767,3.685,45457.0,002429
827,2013-12-06,3.714,3.696,3.828,3.685,59493.0,002429
828,2013-12-09,3.696,3.785,3.83,3.696,68199.0,002429
829,2013-12-10,3.791,4.138,4.162,3.791,183690.0,002429
830,2013-12-11,4.143,4.059,4.175,3.962,108537.0,002429
831,2013-12-12,4.038,3.996,4.133,3.988,61834.0,002429
832,2013-12-13,3.975,3.941,4.001,3.909,55192.0,002429
833,2013-12-16,4.001,4.033,4.128,3.949,80015.0,002429
834,2013-12-17,4.057,3.735,4.057,3.677,77945.0,002429
835,2013-12-18,3.738,3.785,3.843,3.68,58746.0,002429
836,2013-12-19,3.791,3.701,3.841,3.685,34306.0,002429
837,2013-12-20,3.712,3.525,3.778,3.475,63733.0,002429
838,2013-12-23,3.554,3.483,3.564,3.422,37785.0,002429
839,2013-12-24,3.48,3.599,3.685,3.48,36939.0,002429
840,2013-12-25,3.599,3.691,3.73,3.583,28627.0,002429
841,2013-12-26,3.699,3.635,3.756,3.62,23245.0,002429
842,2013-12-27,3.633,3.614,3.683,3.546,46936.0,002429
843,2013-12-30,3.614,3.643,3.727,3.614,36480.0,002429
844,2013-12-31,3.646,3.554,3.685,3.554,43069.0,002429
845,2014-01-02,3.554,3.664,3.691,3.548,51972.0,002429
846,2014-01-03,3.659,3.835,3.893,3.606,80297.0,002429
847,2014-01-06,3.817,3.838,3.917,3.767,62634.0,002429
848,2014-01-07,3.83,3.914,3.972,3.78,77547.0,002429
849,2014-01-08,3.914,3.935,3.935,3.817,55599.0,002429
850,2014-01-09,3.912,3.885,4.088,3.859,113153.0,002429
851,2014-01-10,3.883,3.764,3.896,3.762,37444.0,002429
852,2014-01-13,3.767,3.554,3.804,3.548,49160.0,002429
853,2014-01-14,3.562,3.775,3.785,3.541,48240.0,002429
854,2014-01-15,3.764,3.817,3.88,3.746,37794.0,002429
855,2014-01-16,3.817,3.822,3.935,3.809,50525.0,002429
856,2014-01-17,3.812,3.828,3.885,3.767,21657.0,002429
857,2014-01-20,3.83,3.901,3.949,3.83,56822.0,002429
858,2014-01-21,3.883,3.985,3.988,3.883,46729.0,002429
859,2014-01-22,3.98,3.991,4.014,3.909,59769.0,002429
860,2014-01-23,4.02,4.009,4.08,3.949,53188.0,002429
861,2014-01-24,4.001,4.267,4.286,3.98,143224.0,002429
862,2014-01-27,4.188,4.259,4.317,4.162,78935.0,002429
863,2014-01-28,4.251,4.191,4.315,4.03,66237.0,002429
864,2014-01-29,4.191,4.186,4.207,4.083,43049.0,002429
865,2014-01-30,4.186,4.151,4.251,4.088,33148.0,002429
866,2014-02-07,4.117,4.217,4.222,4.033,37541.0,002429
867,2014-02-10,4.257,4.343,4.417,4.241,87862.0,002429
868,2014-02-11,4.351,4.059,4.351,4.035,117475.0,002429
869,2014-02-12,4.122,3.943,4.122,3.899,118749.0,002429
870,2014-02-13,3.922,3.896,3.999,3.896,92405.0,002429
871,2014-02-14,3.885,3.975,3.993,3.854,49627.0,002429
872,2014-02-17,3.996,4.014,4.028,3.957,60669.0,002429
873,2014-02-18,4.028,3.872,4.028,3.859,95700.0,002429
874,2014-02-19,3.885,3.988,3.996,3.796,108290.0,002429
875,2014-02-20,3.949,3.87,3.98,3.846,39853.0,002429
876,2014-02-21,3.856,3.878,3.922,3.849,43504.0,002429
877,2014-02-24,3.843,3.741,3.867,3.696,55466.0,002429
878,2014-02-25,3.778,3.367,3.806,3.367,110820.0,002429
879,2014-02-26,3.435,3.409,3.446,3.333,65996.0,002429
880,2014-02-27,3.409,3.217,3.441,3.159,102500.0,002429
881,2014-02-28,3.246,3.285,3.314,3.164,46049.0,002429
882,2014-03-03,3.296,3.483,3.488,3.296,83565.0,002429
883,2014-03-04,3.446,3.496,3.546,3.364,70440.0,002429
884,2014-03-05,3.527,3.609,3.625,3.443,87949.0,002429
885,2014-03-06,3.606,3.522,3.606,3.483,70181.0,002429
886,2014-03-07,3.535,3.425,3.543,3.393,62607.0,002429
887,2014-03-10,3.396,3.201,3.396,3.133,59887.0,002429
888,2014-03-11,3.23,3.13,3.23,3.03,67409.0,002429
889,2014-03-12,3.106,3.08,3.167,2.98,42477.0,002429
890,2014-03-13,3.09,3.13,3.146,3.08,30422.0,002429
891,2014-03-14,3.125,3.135,3.148,3.08,28722.0,002429
892,2014-03-17,3.14,3.214,3.217,3.101,36381.0,002429
893,2014-03-18,3.227,3.246,3.277,3.219,42519.0,002429
894,2014-03-19,3.243,3.183,3.243,3.159,26489.0,002429
895,2014-03-20,3.198,3.08,3.23,3.08,27995.0,002429
896,2014-03-21,3.075,3.156,3.196,3.064,29232.0,002429
897,2014-03-24,3.172,3.169,3.198,3.106,25180.0,002429
898,2014-03-25,3.172,3.248,3.254,3.172,42095.0,002429
899,2014-03-26,3.256,3.246,3.277,3.183,31695.0,002429
900,2014-03-27,3.246,3.18,3.256,3.175,29824.0,002429
901,2014-03-28,3.159,3.035,3.185,3.027,37458.0,002429
902,2014-03-31,3.009,2.917,3.075,2.896,43977.0,002429
903,2014-04-01,2.935,2.969,2.985,2.914,44138.0,002429
904,2014-04-02,2.975,2.988,3.017,2.948,32314.0,002429
905,2014-04-03,3.011,2.967,3.033,2.948,41027.0,002429
906,2014-04-04,2.961,3.004,3.011,2.935,27576.0,002429
907,2014-04-08,3.011,3.135,3.143,2.996,48094.0,002429
908,2014-04-09,3.238,3.28,3.417,3.238,98321.0,002429
909,2014-04-10,3.264,3.304,3.343,3.24,54497.0,002429
910,2014-04-11,3.304,3.354,3.409,3.24,69527.0,002429
911,2014-04-14,3.343,3.314,3.38,3.264,55120.0,002429
912,2014-04-15,3.317,3.185,3.317,3.183,75641.0,002429
913,2014-04-16,3.164,3.159,3.217,3.148,50371.0,002429
914,2014-04-17,3.167,3.198,3.225,3.167,33985.0,002429
915,2014-04-18,3.198,3.18,3.198,3.154,23984.0,002429
916,2014-04-21,3.138,3.048,3.143,3.035,62213.0,002429
917,2014-04-22,3.051,3.027,3.09,3.009,34318.0,002429
918,2014-04-23,3.04,3.046,3.067,3.014,18899.0,002429
919,2014-04-24,3.035,2.975,3.061,2.975,27101.0,002429
920,2014-04-25,2.975,2.959,3.001,2.935,19970.0,002429
921,2014-04-28,2.951,2.701,2.969,2.685,56056.0,002429
922,2014-04-29,2.717,2.764,2.777,2.696,35021.0,002429
923,2014-04-30,2.777,2.798,2.817,2.751,16816.0,002429
924,2014-05-05,2.798,2.817,2.832,2.777,20113.0,002429
925,2014-05-06,2.832,2.925,2.961,2.822,38519.0,002429
926,2014-05-07,2.922,2.835,2.922,2.832,20941.0,002429
927,2014-05-08,2.817,2.838,2.893,2.817,16110.0,002429
928,2014-05-09,2.872,2.79,2.882,2.767,17254.0,002429
929,2014-05-12,2.817,2.88,2.896,2.817,30855.0,002429
930,2014-05-13,2.88,2.882,2.909,2.851,19173.0,002429
931,2014-05-14,2.888,2.856,2.898,2.848,18532.0,002429
932,2014-05-15,2.867,2.806,2.893,2.796,19735.0,002429
933,2014-05-16,2.796,2.798,2.838,2.767,12546.0,002429
934,2014-05-19,2.798,2.759,2.798,2.751,15474.0,002429
935,2014-05-20,2.788,2.78,2.838,2.769,18172.0,002429
936,2014-05-21,2.798,2.846,2.859,2.769,27040.0,002429
937,2014-05-22,2.84,2.851,2.885,2.84,25134.0,002429
938,2014-05-23,2.846,2.885,2.888,2.832,24273.0,002429
939,2014-05-26,2.869,2.914,2.914,2.869,37763.0,002429
940,2014-05-27,2.898,2.875,2.917,2.859,26928.0,002429
941,2014-05-28,2.88,2.896,2.911,2.848,35535.0,002429
942,2014-05-29,2.901,2.848,2.906,2.846,23879.0,002429
943,2014-05-30,2.854,2.854,2.88,2.811,33985.0,002429
944,2014-06-03,2.864,2.969,2.998,2.864,94843.0,002429
945,2014-06-04,2.975,2.972,2.988,2.933,53472.0,002429
946,2014-06-05,2.988,3.043,3.054,2.959,54560.0,002429
947,2014-06-06,3.069,3.022,3.075,2.98,35759.0,002429
948,2014-06-09,3.038,2.959,3.038,2.946,39717.0,002429
949,2014-06-10,2.969,3.011,3.025,2.954,36685.0,002429
950,2014-06-11,3.023,3.015,3.067,2.988,43880.0,002429
951,2014-06-12,3.011,2.984,3.027,2.952,48223.0,002429
952,2014-06-13,2.984,3.027,3.027,2.924,100315.0,002429
953,2014-06-16,3.023,3.031,3.043,2.984,101014.0,002429
954,2014-06-17,3.023,3.027,3.059,3.003,85502.0,002429
955,2014-06-18,3.027,2.972,3.055,2.956,44251.0,002429
956,2014-06-19,2.999,2.865,3.011,2.846,43636.0,002429
957,2014-06-20,2.869,2.897,2.917,2.869,27952.0,002429
958,2014-06-23,2.924,2.952,2.996,2.889,38532.0,002429
959,2014-06-24,2.909,2.94,2.96,2.909,22430.0,002429
960,2014-06-25,2.952,2.877,2.952,2.861,31165.0,002429
961,2014-06-26,2.877,3.126,3.157,2.877,217976.0,002429
962,2014-06-27,3.138,3.086,3.173,3.023,240120.0,002429
963,2014-06-30,3.067,3.055,3.078,3.007,87101.0,002429
964,2014-07-01,3.059,3.067,3.082,3.019,65938.0,002429
965,2014-07-02,3.07,3.082,3.142,3.07,93282.0,002429
966,2014-07-03,3.067,3.094,3.126,3.059,65319.0,002429
967,2014-07-04,3.094,3.063,3.106,3.055,54568.0,002429
968,2014-07-07,3.055,3.043,3.086,3.011,40907.0,002429
969,2014-07-08,3.031,3.051,3.055,3.015,33773.0,002429
970,2014-07-09,3.043,2.952,3.043,2.94,61620.0,002429
971,2014-07-10,2.948,2.889,2.976,2.873,79076.0,002429
972,2014-07-11,2.889,2.905,2.921,2.877,39244.0,002429
973,2014-07-14,2.909,2.94,2.956,2.897,51093.0,002429
974,2014-07-15,2.94,2.936,2.956,2.897,58916.0,002429
975,2014-07-16,2.936,2.881,2.936,2.873,57742.0,002429
976,2014-07-17,2.881,2.822,2.893,2.806,63127.0,002429
977,2014-07-18,2.826,2.838,2.849,2.822,34164.0,002429
978,2014-07-21,2.834,2.842,2.849,2.822,26075.0,002429
979,2014-07-22,2.842,2.865,2.881,2.83,39770.0,002429
980,2014-07-23,2.865,2.846,2.881,2.838,35380.0,002429
981,2014-07-24,2.83,2.838,2.869,2.83,39130.0,002429
982,2014-07-25,2.865,2.885,2.893,2.842,51288.0,002429
983,2014-07-28,2.901,2.956,2.968,2.897,85239.0,002429
984,2014-07-29,2.96,2.976,2.999,2.944,73228.0,002429
985,2014-07-30,2.972,2.956,2.992,2.928,66740.0,002429
986,2014-07-31,2.968,3.011,3.011,2.952,90982.0,002429
987,2014-08-01,2.996,2.976,3.063,2.964,95465.0,002429
988,2014-08-04,2.984,3.019,3.043,2.972,72565.0,002429
989,2014-08-05,3.035,3.047,3.055,3.003,83385.0,002429
990,2014-08-06,3.063,3.047,3.063,3.015,61946.0,002429
991,2014-08-07,3.043,2.988,3.063,2.984,82329.0,002429
992,2014-08-08,2.984,3.007,3.035,2.976,45835.0,002429
993,2014-08-11,3.023,3.067,3.07,2.964,85973.0,002429
994,2014-08-12,3.031,3.185,3.209,3.031,234687.0,002429
995,2014-08-13,3.189,3.22,3.256,3.169,215724.0,002429
996,2014-08-14,3.22,3.165,3.236,3.161,131394.0,002429
997,2014-08-15,3.169,3.145,3.193,3.134,147622.0,002429
998,2014-08-18,3.157,3.248,3.256,3.157,149428.0,002429
999,2014-08-19,3.276,3.26,3.295,3.22,129419.0,002429
1000,2014-08-20,3.276,3.224,3.276,3.209,117092.0,002429
1001,2014-08-21,3.228,3.189,3.24,3.149,114458.0,002429
1002,2014-08-22,3.228,3.244,3.295,3.217,132251.0,002429
1003,2014-08-25,3.232,3.22,3.256,3.209,75911.0,002429
1004,2014-08-26,3.213,3.078,3.213,3.055,148688.0,002429
1005,2014-08-27,3.082,3.094,3.114,3.082,70584.0,002429
1006,2014-08-28,3.098,3.114,3.145,3.082,59270.0,002429
1007,2014-08-29,3.114,3.145,3.157,3.102,58553.0,002429
1008,2014-09-01,3.153,3.177,3.185,3.126,81278.0,002429
1009,2014-09-02,3.189,3.217,3.22,3.173,138708.0,002429
1010,2014-09-03,3.224,3.213,3.244,3.193,124441.0,002429
1011,2014-09-04,3.22,3.236,3.248,3.189,147290.0,002429
1012,2014-09-05,3.232,3.256,3.268,3.22,145280.0,002429
1013,2014-09-09,3.276,3.252,3.288,3.228,135640.0,002429
1014,2014-09-10,3.236,3.264,3.284,3.201,141920.0,002429
1015,2014-09-11,3.26,3.244,3.323,3.22,203109.0,002429
1016,2014-09-12,3.256,3.276,3.292,3.24,129399.0,002429
1017,2014-09-15,3.292,3.394,3.406,3.268,258697.0,002429
1018,2014-09-16,3.406,3.248,3.426,3.244,214134.0,002429
1019,2014-09-17,3.248,3.26,3.292,3.209,102714.0,002429
1020,2014-09-18,3.26,3.272,3.288,3.228,80888.0,002429
1021,2014-09-19,3.272,3.292,3.347,3.252,85180.0,002429
1022,2014-09-22,3.292,3.236,3.335,3.224,119668.0,002429
1023,2014-09-23,3.24,3.252,3.276,3.224,68825.0,002429
1024,2014-09-24,3.26,3.327,3.366,3.248,172492.0,002429
1025,2014-09-25,3.327,3.288,3.347,3.276,130761.0,002429
1026,2014-09-26,3.276,3.272,3.303,3.256,76682.0,002429
1027,2014-09-29,3.268,3.292,3.303,3.256,153412.0,002429
1028,2014-09-30,3.292,3.323,3.335,3.284,154919.0,002429
1029,2014-10-08,3.386,3.438,3.457,3.327,277703.0,002429
1030,2014-10-09,3.438,3.615,3.666,3.41,446430.0,002429
1031,2014-10-10,3.572,3.584,3.627,3.505,289947.0,002429
1032,2014-10-13,3.556,3.56,3.572,3.513,148281.0,002429
1033,2014-10-14,3.556,3.599,3.666,3.552,243911.0,002429
1034,2014-10-15,3.584,3.532,3.623,3.465,158063.0,002429
1035,2014-10-16,3.501,3.441,3.544,3.438,120491.0,002429
1036,2014-10-17,3.441,3.37,3.473,3.311,112946.0,002429
1037,2014-10-20,3.37,3.406,3.426,3.37,75427.0,002429
1038,2014-10-21,3.414,3.359,3.43,3.355,68618.0,002429
1039,2014-10-22,3.37,3.331,3.418,3.315,77793.0,002429
1040,2014-10-23,3.315,3.244,3.335,3.224,105747.0,002429
1041,2014-10-24,3.26,3.252,3.276,3.232,58346.0,002429
1042,2014-10-27,3.244,3.268,3.272,3.217,44253.0,002429
1043,2014-10-28,3.288,3.343,3.347,3.288,74474.0,002429
1044,2014-10-29,3.351,3.339,3.363,3.299,189911.0,002429
1045,2014-10-30,3.315,3.438,3.445,3.315,181792.0,002429
1046,2014-10-31,3.438,3.418,3.441,3.363,141444.0,002429
1047,2014-11-03,3.418,3.394,3.434,3.378,108309.0,002429
1048,2014-11-04,3.394,3.339,3.394,3.307,116493.0,002429
1049,2014-11-05,3.343,3.359,3.402,3.315,77212.0,002429
1050,2014-11-06,3.374,3.323,3.374,3.303,97042.0,002429
1051,2014-11-07,3.327,3.284,3.355,3.272,102605.0,002429
1052,2014-11-10,3.295,3.327,3.331,3.276,70624.0,002429
1053,2014-11-11,3.323,3.189,3.363,3.157,146331.0,002429
1054,2014-11-12,3.189,3.201,3.209,3.157,81956.0,002429
1055,2014-11-13,3.201,3.098,3.201,3.09,147497.0,002429
1056,2014-11-14,3.082,3.098,3.122,3.078,57513.0,002429
1057,2014-11-17,3.098,3.126,3.165,3.09,64453.0,002429
1058,2014-11-18,3.134,3.138,3.153,3.106,54341.0,002429
1059,2014-11-19,3.142,3.153,3.173,3.118,61512.0,002429
1060,2014-11-20,3.145,3.114,3.145,3.106,52664.0,002429
1061,2014-11-21,3.118,3.149,3.165,3.106,89255.0,002429
1062,2014-11-24,3.149,3.193,3.217,3.149,124307.0,002429
1063,2014-11-25,3.209,3.22,3.224,3.181,90420.0,002429
1064,2014-11-26,3.22,3.228,3.252,3.193,110826.0,002429
1065,2014-11-27,3.24,3.276,3.28,3.189,171408.0,002429
1066,2014-11-28,3.268,3.22,3.268,3.209,114935.0,002429
1067,2014-12-01,3.224,3.213,3.244,3.197,89960.0,002429
1068,2014-12-02,3.213,3.232,3.248,3.201,101182.0,002429
1069,2014-12-03,3.24,3.284,3.292,3.228,181062.0,002429
1070,2014-12-04,3.28,3.339,3.347,3.268,206824.0,002429
1071,2014-12-05,3.355,3.22,3.355,3.205,194979.0,002429
1072,2014-12-08,3.224,3.22,3.244,3.157,163644.0,002429
1073,2014-12-09,3.197,3.126,3.268,3.114,194186.0,002429
1074,2014-12-10,3.102,3.24,3.244,3.102,128315.0,002429
1075,2014-12-11,3.236,3.252,3.264,3.213,124617.0,002429
1076,2014-12-12,3.256,3.335,3.339,3.248,179660.0,002429
1077,2014-12-15,3.327,3.359,3.374,3.303,148022.0,002429
1078,2014-12-16,3.363,3.315,3.366,3.295,111192.0,002429
1079,2014-12-17,3.331,3.272,3.343,3.244,123440.0,002429
1080,2014-12-18,3.264,3.272,3.311,3.256,90902.0,002429
1081,2014-12-19,3.276,3.197,3.276,3.153,106957.0,002429
1082,2014-12-22,3.197,3.086,3.197,3.078,131850.0,002429
1083,2014-12-23,3.086,3.094,3.161,3.086,67707.0,002429
1084,2014-12-24,3.098,3.138,3.138,3.09,71317.0,002429
1085,2014-12-25,3.153,3.142,3.173,3.11,76388.0,002429
1086,2014-12-26,3.153,3.157,3.169,3.122,92923.0,002429
1087,2014-12-29,3.157,3.153,3.209,3.138,94879.0,002429
1088,2014-12-30,3.173,3.031,3.181,2.999,141276.0,002429
1089,2014-12-31,3.035,2.999,3.051,2.948,105464.0,002429
1090,2015-01-05,3.007,3.094,3.126,2.972,117083.0,002429
1091,2015-01-06,3.094,3.149,3.157,3.063,105173.0,002429
1092,2015-01-07,3.138,3.078,3.149,3.063,115629.0,002429
1093,2015-01-08,3.078,3.098,3.134,3.078,81425.0,002429
1094,2015-01-09,3.106,3.07,3.134,3.067,88749.0,002429
1095,2015-01-12,3.059,3.043,3.07,2.999,72645.0,002429
1096,2015-01-13,3.015,3.11,3.13,3.015,71078.0,002429
1097,2015-01-14,3.114,3.122,3.157,3.106,74871.0,002429
1098,2015-01-15,3.13,3.114,3.138,3.094,62043.0,002429
1099,2015-01-16,3.13,3.153,3.173,3.118,92618.0,002429
1100,2015-01-19,3.149,3.173,3.268,3.094,185139.0,002429
1101,2015-01-20,3.181,3.288,3.315,3.165,244304.0,002429
1102,2015-01-21,3.292,3.299,3.323,3.268,236126.0,002429
1103,2015-01-22,3.307,3.284,3.311,3.248,174412.0,002429
1104,2015-01-23,3.288,3.248,3.315,3.228,176305.0,002429
1105,2015-01-26,3.248,3.299,3.307,3.232,173452.0,002429
1106,2015-01-27,3.292,3.28,3.303,3.228,134931.0,002429
1107,2015-01-28,3.264,3.26,3.295,3.24,120153.0,002429
1108,2015-01-29,3.244,3.256,3.28,3.228,89185.0,002429
1109,2015-01-30,3.256,3.339,3.434,3.256,405142.0,002429
1110,2015-02-02,3.323,3.299,3.374,3.28,198291.0,002429
1111,2015-02-03,3.292,3.327,3.355,3.292,156916.0,002429
1112,2015-02-04,3.331,3.295,3.374,3.288,136357.0,002429
1113,2015-02-05,3.323,3.248,3.331,3.228,140754.0,002429
1114,2015-02-06,3.248,3.11,3.264,3.102,154045.0,002429
1115,2015-02-09,3.118,3.098,3.126,3.09,69789.0,002429
1116,2015-02-10,3.09,3.161,3.173,3.09,99881.0,002429
1117,2015-02-11,3.165,3.185,3.213,3.153,86328.0,002429
1118,2015-02-12,3.181,3.319,3.327,3.173,239116.0,002429
1119,2015-02-13,3.315,3.331,3.394,3.288,247602.0,002429
1120,2015-02-16,3.331,3.461,3.505,3.315,310387.0,002429
1121,2015-02-17,3.461,3.41,3.465,3.398,186052.0,002429
1122,2015-02-25,3.41,3.335,3.445,3.311,195501.0,002429
1123,2015-02-26,3.343,3.366,3.374,3.331,176467.0,002429
1124,2015-02-27,3.359,3.497,3.532,3.351,308628.0,002429
1125,2015-03-02,3.513,3.848,3.848,3.485,469536.0,002429
1126,2015-03-03,4.026,3.962,4.235,3.891,971760.0,002429
1127,2015-03-04,3.982,4.026,4.085,3.907,498207.0,002429
1128,2015-03-05,4.026,4.104,4.211,3.951,451159.0,002429
1129,2015-03-06,4.061,3.986,4.093,3.966,274374.0,002429
1130,2015-03-09,3.974,4.026,4.033,3.872,206976.0,002429
1131,2015-03-10,4.033,4.033,4.203,4.018,321574.0,002429
1132,2015-03-11,3.994,4.077,4.097,3.958,293997.0,002429
1133,2015-03-12,4.097,4.022,4.164,3.958,242229.0,002429
1134,2015-03-13,4.053,4.081,4.101,3.927,290447.0,002429
1135,2015-03-16,4.124,4.156,4.286,4.073,546385.0,002429
1136,2015-03-17,4.089,4.116,4.14,4.026,510549.0,002429
1137,2015-03-18,4.12,4.353,4.436,4.12,879512.0,002429
1138,2015-03-19,4.381,4.322,4.404,4.239,573569.0,002429
1139,2015-03-20,4.341,4.278,4.381,4.262,393493.0,002429
1140,2015-03-23,4.298,4.404,4.44,4.274,442340.0,002429
1141,2015-03-24,4.4,4.46,4.519,4.243,540738.0,002429
1142,2015-03-25,4.464,4.586,4.665,4.381,494607.0,002429
1143,2015-03-26,4.539,4.487,4.649,4.389,395465.0,002429
1144,2015-03-27,4.487,4.4,4.515,4.345,283711.13,002429
1145,2015-03-30,4.4,4.424,4.491,4.393,323344.0,002429
1146,2015-03-31,4.42,4.428,4.57,4.389,377861.0,002429
1147,2015-04-01,4.44,4.507,4.558,4.385,376074.0,002429
1148,2015-04-02,4.547,4.515,4.578,4.44,426880.0,002429
1149,2015-04-03,4.499,4.819,4.945,4.456,658165.0,002429
1150,2015-04-07,4.831,4.933,5.087,4.795,510553.0,002429
1151,2015-04-08,4.973,4.874,5.036,4.736,442938.0,002429
1152,2015-04-09,4.914,4.732,4.914,4.428,426403.0,002429
1153,2015-04-10,4.669,4.783,4.811,4.665,292913.0,002429
1154,2015-04-13,4.783,5.115,5.206,4.768,498208.0,002429
1155,2015-04-14,5.115,5.21,5.32,5.052,507914.0,002429
1156,2015-04-15,5.229,4.933,5.269,4.815,394634.0,002429
1157,2015-04-16,4.854,5.115,5.288,4.748,390671.0,002429
1158,2015-04-17,5.15,5.079,5.229,5.02,429665.0,002429
1159,2015-04-20,4.878,4.696,5.004,4.657,632600.0,002429
1160,2015-04-21,4.811,4.992,4.996,4.779,424486.0,002429
1161,2015-04-22,5.012,5.107,5.21,5.004,529538.0,002429
1162,2015-04-23,5.131,5.036,5.19,4.985,437173.0,002429
1163,2015-04-24,4.945,4.953,4.992,4.858,374693.0,002429
1164,2015-04-27,4.953,4.894,5.032,4.862,310641.0,002429
1165,2015-04-28,4.89,4.598,4.898,4.535,422506.0,002429
1166,2015-04-29,4.578,4.669,4.728,4.456,260792.0,002429
1167,2015-04-30,4.677,4.7,4.764,4.566,292930.0,002429
1168,2015-05-04,4.7,4.661,4.752,4.614,176377.0,002429
1169,2015-05-05,4.689,4.483,4.689,4.46,250756.0,002429
1170,2015-05-06,4.535,4.448,4.566,4.377,232392.0,002429
1171,2015-05-07,4.42,4.456,4.519,4.397,161172.0,002429
1172,2015-05-08,4.483,4.629,4.649,4.479,231429.0,002429
1173,2015-05-11,4.677,4.787,4.799,4.61,316513.0,002429
1174,2015-05-12,4.764,4.791,4.831,4.736,278293.0,002429
1175,2015-05-13,4.775,5.06,5.162,4.693,579197.0,002429
1176,2015-05-14,5.079,5.127,5.162,4.933,493269.0,002429
1177,2015-05-15,5.123,5.075,5.21,4.917,453902.0,002429
1178,2015-05-18,5.044,5.584,5.584,4.973,604377.0,002429
1179,2015-06-19,6.142,6.142,6.142,6.142,75379.0,002429
1180,2015-06-23,6.162,5.932,6.162,5.529,897647.0,002429
1181,2015-06-24,6.249,6.427,6.526,5.936,1193249.0,002429
1182,2015-06-25,6.13,6.015,6.399,5.814,726219.0,002429
1183,2015-06-26,5.754,5.414,5.905,5.414,427597.0,002429
1184,2015-06-29,5.549,4.872,5.58,4.872,555589.0,002429
1185,2015-06-30,4.746,5.102,5.232,4.394,660756.0,002429
1186,2015-07-01,4.983,5.043,5.608,4.944,682410.0,002429
1187,2015-07-02,5.141,5.035,5.292,4.813,648548.0,002429
1188,2015-07-03,4.916,4.789,5.221,4.532,713277.0,002429
1189,2015-07-06,5.268,4.311,5.268,4.311,617284.0,002429
1190,2015-07-07,3.951,3.88,3.955,3.88,245094.0,002429
1191,2015-08-19,4.267,4.267,4.267,4.267,12593.0,002429
1192,2015-08-20,4.695,4.695,4.695,4.695,6710.0,002429
1193,2015-08-21,5.165,4.572,5.165,4.513,1154328.0,002429
1194,2015-08-24,4.232,4.113,4.327,4.113,322799.0,002429
1195,2015-08-25,3.702,3.702,3.785,3.702,583684.0,002429
1196,2015-08-26,3.599,3.33,3.797,3.33,520027.0,002429
1197,2015-08-27,3.362,3.298,3.504,3.049,431969.0,002429
1198,2015-08-28,3.437,3.627,3.627,3.346,443946.0,002429
1199,2015-08-31,3.71,3.575,3.777,3.555,361116.0,002429
1200,2015-09-01,3.579,3.219,3.619,3.219,335637.0,002429
1201,2015-09-02,2.994,3.061,3.326,2.974,294541.0,002429
1202,2015-09-07,3.168,3.204,3.318,3.156,265674.0,002429
1203,2015-09-08,3.204,3.457,3.472,3.168,254823.0,002429
1204,2015-09-09,3.559,3.603,3.67,3.484,338638.0,002429
1205,2015-09-10,3.52,3.714,3.915,3.496,440573.0,002429
1206,2015-09-11,3.718,3.666,3.753,3.579,215514.0,002429
1207,2015-09-14,3.666,3.298,3.698,3.298,249777.0,002429
1208,2015-09-15,3.172,3.018,3.283,2.986,228714.0,002429
1209,2015-09-16,3.049,3.318,3.318,3.033,247714.0,002429
1210,2015-09-17,3.322,3.255,3.5,3.227,284066.0,002429
1211,2015-09-18,3.318,3.409,3.417,3.283,188933.0,002429
1212,2015-09-21,3.358,3.559,3.571,3.326,199535.0,002429
1213,2015-09-22,3.563,3.595,3.615,3.488,233267.0,002429
1214,2015-09-23,3.528,3.595,3.797,3.52,270535.0,002429
1215,2015-09-24,3.658,3.749,3.923,3.639,404017.0,002429
1216,2015-09-25,3.757,3.769,3.86,3.639,397228.0,002429
1217,2015-09-28,3.777,3.789,3.813,3.619,160596.0,002429
1218,2015-09-29,3.714,3.769,3.864,3.678,172445.0,002429
1219,2015-09-30,3.777,3.793,3.856,3.737,146513.0,002429
1220,2015-10-08,3.904,3.868,3.943,3.781,276349.0,002429
1221,2015-10-09,3.868,3.836,3.876,3.765,234593.0,002429
1222,2015-10-12,3.876,3.959,4.034,3.836,416773.0,002429
1223,2015-10-13,3.955,3.979,4.093,3.907,328089.0,002429
1224,2015-10-14,3.967,3.836,4.002,3.824,255035.0,002429
1225,2015-10-15,3.801,4.058,4.097,3.789,318764.0,002429
1226,2015-10-16,4.172,4.188,4.24,4.07,396596.0,002429
1227,2015-10-19,4.43,4.607,4.607,4.39,225510.0,002429
1228,2015-10-20,4.746,4.865,5.015,4.473,746564.0,002429
1229,2015-10-21,4.766,4.548,5.209,4.422,734064.0,002429
1230,2015-10-22,4.54,4.738,4.865,4.362,611438.0,002429
1231,2015-10-23,4.706,5.035,5.082,4.619,537179.0,002429
1232,2015-10-26,5.043,5.07,5.181,4.825,486556.0,002429
1233,2015-10-27,4.944,4.928,5.05,4.698,374111.0,002429
1234,2015-10-28,4.861,5.181,5.422,4.861,542759.0,002429
1235,2015-10-29,5.232,5.137,5.327,5.015,261295.0,002429
1236,2015-10-30,5.133,5.07,5.221,4.987,162034.0,002429
1237,2015-11-02,4.936,4.564,4.936,4.564,444522.0,002429
1238,2015-11-03,4.56,4.477,4.667,4.394,245071.0,002429
1239,2015-11-04,4.564,4.698,4.766,4.528,443419.0,002429
1240,2015-11-05,4.683,4.615,4.726,4.56,438774.0,002429
1241,2015-11-06,4.643,4.797,4.837,4.619,392346.0,002429
1242,2015-11-09,4.77,5.094,5.189,4.738,423460.0,002429
1243,2015-11-10,5.043,5.221,5.319,4.987,379724.0,002429
1244,2015-11-11,5.3,5.141,5.3,5.031,316681.0,002429
1245,2015-11-12,5.157,5.078,5.209,4.971,258400.0,002429
1246,2015-11-13,5.031,5.094,5.319,4.995,311121.0,002429
1247,2015-11-16,5.039,5.224,5.228,4.967,300501.0,002429
1248,2015-11-17,5.224,5.248,5.351,5.153,391984.0,002429
1249,2015-11-18,5.288,4.904,5.288,4.809,390241.0,002429
1250,2015-11-19,4.92,4.849,4.94,4.627,534397.0,002429
1251,2015-11-20,4.821,5.015,5.015,4.77,466898.0,002429
1252,2015-11-23,5.011,5.078,5.248,4.944,367157.0,002429
1253,2015-11-24,5.114,5.153,5.217,4.944,269001.0,002429
1254,2015-11-25,5.197,5.122,5.217,5.082,396568.0,002429
1255,2015-11-26,5.173,5.023,5.292,4.991,340831.0,002429
1256,2015-11-27,4.944,4.726,5.102,4.6,281353.0,002429
1257,2015-11-30,4.73,4.695,4.77,4.469,159153.0,002429
1258,2015-12-01,4.671,4.963,4.963,4.659,251764.0,002429
1259,2015-12-02,4.983,4.948,5.074,4.746,189984.0,002429
1260,2015-12-03,4.979,5.126,5.141,4.944,234638.0,002429
1261,2015-12-04,5.141,5.181,5.252,5.086,326918.0,002429
1262,2015-12-07,5.145,5.264,5.311,5.043,460081.0,002429
1263,2015-12-08,5.161,5.062,5.264,5.019,250807.0,002429
1264,2015-12-09,5.054,4.987,5.217,4.92,245860.0,002429
1265,2015-12-10,4.944,4.924,5.043,4.857,218244.0,002429
1266,2015-12-11,4.983,4.995,5.062,4.9,241710.0,002429
1267,2015-12-14,4.944,5.292,5.292,4.932,384091.0,002429
1268,2015-12-15,5.26,5.391,5.418,5.228,461528.0,002429
1269,2015-12-16,5.41,5.458,5.525,5.272,444367.0,002429
1270,2015-12-17,5.414,5.454,5.569,5.379,433222.0,002429
1271,2015-12-18,5.454,5.576,5.663,5.43,387917.0,002429
1272,2015-12-21,5.572,5.509,5.75,5.466,391699.0,002429
1273,2015-12-22,5.541,5.517,5.624,5.371,307478.0,002429
1274,2015-12-23,5.533,5.474,5.608,5.422,254373.0,002429
1275,2015-12-24,5.493,5.735,5.786,5.493,435859.0,002429
1276,2015-12-25,5.739,5.695,5.822,5.659,250180.0,002429
1277,2015-12-28,5.723,5.3,5.735,5.28,355508.0,002429
1278,2015-12-29,5.335,5.339,5.446,5.284,181899.0,002429
1279,2015-12-30,5.323,5.304,5.41,5.24,154118.0,002429
1280,2015-12-31,5.296,5.019,5.323,4.995,315152.0,002429
1281,2016-01-04,5.054,4.517,5.114,4.517,164910.0,002429
1282,2016-01-05,4.358,4.295,4.54,4.074,336147.0,002429
1283,2016-01-06,4.295,4.378,4.43,4.232,311739.0,002429
1284,2016-01-07,4.335,3.939,4.335,3.939,72034.0,002429
1285,2016-01-08,4.018,3.876,4.066,3.599,367987.0,002429
1286,2016-01-11,3.718,3.488,3.82,3.488,272748.0,002429
1287,2016-01-12,3.555,3.492,3.575,3.33,255872.0,002429
1288,2016-01-13,3.599,3.37,3.67,3.362,259769.0,002429
1289,2016-01-14,3.204,3.488,3.5,3.148,279643.0,002429
1290,2016-01-15,3.449,3.263,3.52,3.188,239741.0,002429
1291,2016-01-18,3.164,3.358,3.457,3.128,238624.0,002429
1292,2016-01-19,3.362,3.532,3.555,3.33,273470.0,002429
1293,2016-01-20,3.512,3.48,3.532,3.397,247061.0,002429
1294,2016-01-21,3.378,3.279,3.555,3.263,239420.0,002429
1295,2016-01-22,3.33,3.314,3.385,3.196,181388.0,002429
1296,2016-01-25,3.342,3.362,3.421,3.31,147497.0,002429
1297,2016-01-26,3.322,3.026,3.322,3.026,219933.0,002429
1298,2016-01-27,3.073,2.942,3.077,2.776,282900.0,002429
1299,2016-01-28,2.887,2.863,2.954,2.832,168181.0,002429
1300,2016-01-29,2.879,2.978,3.014,2.859,185754.0,002429
1301,2016-02-01,2.966,2.927,2.99,2.867,120606.0,002429
1302,2016-02-02,2.927,3.045,3.085,2.927,167825.0,002429
1303,2016-02-03,3.006,3.033,3.057,2.954,144569.0,002429
1304,2016-02-04,3.057,3.113,3.148,3.029,191964.0,002429
1305,2016-02-05,3.12,3.097,3.156,3.073,127769.0,002429
1306,2016-02-15,2.966,3.077,3.109,2.927,130162.0,002429
1307,2016-02-16,3.109,3.231,3.263,3.089,179322.0,002429
1308,2016-02-17,3.263,3.413,3.437,3.227,296901.0,002429
1309,2016-02-18,3.429,3.358,3.476,3.342,168067.0,002429
1310,2016-02-19,3.378,3.508,3.579,3.314,206139.0,002429
1311,2016-02-22,3.52,3.528,3.599,3.453,229575.0,002429
1312,2016-02-23,3.528,3.441,3.54,3.401,179497.0,002429
1313,2016-02-24,3.429,3.433,3.449,3.338,152509.0,002429
1314,2016-02-25,3.453,3.089,3.453,3.089,233347.0,002429
1315,2016-02-26,3.124,3.073,3.156,2.986,161808.0,002429
1316,2016-02-29,3.073,2.848,3.089,2.8,195476.0,002429
1317,2016-03-01,2.863,2.887,2.931,2.737,215370.0,002429
1318,2016-03-02,2.855,3.026,3.037,2.84,287937.0,002429
1319,2016-03-03,2.998,3.061,3.097,2.978,238534.0,002429
1320,2016-03-04,3.029,2.919,3.176,2.899,218083.0,002429
1321,2016-03-07,3.018,3.033,3.073,2.962,177982.0,002429
1322,2016-03-08,3.037,3.089,3.105,2.887,190516.0,002429
1323,2016-03-09,3.006,2.99,3.144,2.939,151934.0,002429
1324,2016-03-10,3.073,2.974,3.105,2.966,160544.0,002429
1325,2016-03-11,2.911,2.931,2.978,2.891,103097.0,002429
1326,2016-03-14,2.974,3.041,3.081,2.954,176665.0,002429
1327,2016-03-15,3.089,3.045,3.089,2.998,135613.0,002429
1328,2016-03-16,3.053,3.018,3.117,2.986,121827.0,002429
1329,2016-03-17,3.029,3.117,3.12,3.014,243843.0,002429
1330,2016-03-18,3.124,3.397,3.429,3.109,529270.0,002429
1331,2016-03-21,3.385,3.476,3.476,3.346,422145.0,002429
1332,2016-03-22,3.449,3.405,3.465,3.389,214277.0,002429
1333,2016-03-23,3.37,3.445,3.492,3.37,271209.0,002429
1334,2016-03-24,3.401,3.378,3.54,3.358,237336.0,002429
1335,2016-03-25,3.362,3.409,3.417,3.338,125209.0,002429
1336,2016-03-28,3.417,3.413,3.528,3.389,252432.0,002429
1337,2016-03-29,3.37,3.251,3.413,3.2,217530.0,002429
1338,2016-03-30,3.291,3.385,3.393,3.267,179023.0,002429
1339,2016-03-31,3.397,3.449,3.496,3.374,268185.0,002429
1340,2016-04-01,3.417,3.397,3.437,3.291,178105.0,002429
1341,2016-04-05,3.397,3.496,3.504,3.354,307920.0,002429
1342,2016-04-06,3.472,3.468,3.488,3.409,263377.0,002429
1343,2016-04-07,3.468,3.389,3.476,3.385,157606.0,002429
1344,2016-04-08,3.354,3.354,3.441,3.294,173733.0,002429
1345,2016-04-11,3.397,3.413,3.457,3.378,224548.0,002429
1346,2016-04-12,3.405,3.378,3.429,3.33,131350.0,002429
1347,2016-04-13,3.381,3.441,3.468,3.381,234418.0,002429
1348,2016-04-14,3.453,3.583,3.615,3.441,400020.0,002429
1349,2016-05-23,3.312,3.292,3.384,3.224,546999.0,002429
1350,2016-05-24,3.228,3.152,3.24,3.064,381987.0,002429
1351,2016-05-25,3.152,3.072,3.168,3.068,199313.0,002429
1352,2016-05-26,3.072,3.036,3.104,2.929,243987.0,002429
1353,2016-05-27,3.009,3.013,3.048,2.997,154135.0,002429
1354,2016-05-30,3.024,3.04,3.12,3.013,168992.0,002429
1355,2016-05-31,3.032,3.136,3.14,3.024,262863.0,002429
1356,2016-06-01,3.144,3.14,3.16,3.108,209935.0,002429
1357,2016-06-02,3.128,3.455,3.455,3.124,506092.0,002429
1358,2016-06-03,3.491,3.419,3.543,3.348,576095.0,002429
1359,2016-06-06,3.423,3.495,3.499,3.388,327329.0,002429
1360,2016-06-07,3.487,3.487,3.539,3.419,273658.0,002429
1361,2016-06-08,3.471,3.408,3.491,3.376,218140.0,002429
1362,2016-06-13,3.352,3.072,3.36,3.072,314710.0,002429
1363,2016-06-14,3.068,3.076,3.092,3.016,152275.0,002429
1364,2016-06-15,3.024,3.156,3.208,3.001,213744.0,002429
1365,2016-06-16,3.156,3.164,3.244,3.14,191027.0,002429
1366,2016-06-17,3.164,3.148,3.224,3.104,186686.0,002429
1367,2016-06-20,3.144,3.116,3.164,3.064,155371.0,002429
1368,2016-06-21,3.14,3.124,3.232,3.104,215481.0,002429
1369,2016-06-22,3.1,3.184,3.208,3.1,165907.0,002429
1370,2016-06-23,3.168,3.328,3.376,3.168,393325.0,002429
1371,2016-06-24,3.316,3.236,3.316,3.072,330461.0,002429
1372,2016-06-27,3.188,3.332,3.348,3.184,236581.0,002429
1373,2016-06-28,3.296,3.336,3.36,3.272,217086.0,002429
1374,2016-06-29,3.348,3.316,3.427,3.308,231201.0,002429
1375,2016-06-30,3.324,3.344,3.344,3.268,184310.0,002429
1376,2016-07-01,3.344,3.296,3.404,3.288,188650.0,002429
1377,2016-07-04,3.308,3.348,3.376,3.288,217145.0,002429
1378,2016-07-05,3.36,3.36,3.38,3.328,205642.0,002429
1379,2016-07-06,3.352,3.368,3.384,3.328,181354.0,002429
1380,2016-07-07,3.368,3.431,3.463,3.344,275774.0,002429
1381,2016-07-08,3.419,3.368,3.419,3.36,158017.0,002429
1382,2016-07-11,3.419,3.392,3.503,3.388,271442.0,002429
1383,2016-07-12,3.392,3.408,3.427,3.308,193422.0,002429
1384,2016-07-13,3.451,3.495,3.519,3.404,298356.0,002429
1385,2016-07-14,3.463,3.455,3.507,3.419,187087.0,002429
1386,2016-07-15,3.467,3.471,3.495,3.431,148316.0,002429
1387,2016-07-18,3.455,3.408,3.463,3.364,172250.0,002429
1388,2016-07-19,3.388,3.443,3.447,3.388,124595.0,002429
1389,2016-07-20,3.439,3.392,3.455,3.392,141085.0,002429
1390,2016-07-21,3.404,3.408,3.435,3.388,108239.0,002429
1391,2016-07-22,3.408,3.336,3.427,3.316,147111.0,002429
1392,2016-07-25,3.332,3.348,3.372,3.324,86839.0,002429
1393,2016-07-26,3.344,3.392,3.396,3.344,103777.0,002429
1394,2016-07-27,3.396,3.2,3.412,3.152,236821.0,002429
1395,2016-07-28,3.196,3.128,3.224,3.064,228006.0,002429
1396,2016-07-29,3.128,3.112,3.14,3.088,129297.0,002429
1397,2016-08-01,3.108,3.08,3.108,3.024,100580.0,002429
1398,2016-08-02,3.068,3.104,3.12,3.068,75083.0,002429
1399,2016-08-03,3.092,3.116,3.116,3.076,82854.0,002429
1400,2016-08-04,3.12,3.124,3.128,3.092,65390.0,002429
1401,2016-08-05,3.116,3.112,3.14,3.1,77882.0,002429
1402,2016-08-08,3.116,3.152,3.152,3.08,81181.0,002429
1403,2016-08-09,3.136,3.176,3.196,3.128,106787.0,002429
1404,2016-08-10,3.172,3.176,3.24,3.164,103714.0,002429
1405,2016-08-11,3.16,3.144,3.2,3.144,69096.0,002429
1406,2016-08-12,3.156,3.212,3.216,3.14,95511.0,002429
1407,2016-08-15,3.212,3.248,3.268,3.184,236470.0,002429
1408,2016-08-16,3.24,3.248,3.268,3.232,112249.0,002429
1409,2016-08-17,3.256,3.268,3.276,3.232,103707.0,002429
1410,2016-08-18,3.264,3.232,3.272,3.216,109597.0,002429
1411,2016-08-19,3.232,3.24,3.248,3.212,79273.0,002429
1412,2016-08-22,3.24,3.184,3.248,3.18,97083.0,002429
1413,2016-08-23,3.16,3.192,3.216,3.16,71276.0,002429
1414,2016-08-24,3.204,3.196,3.216,3.188,68719.0,002429
1415,2016-08-25,3.18,3.16,3.184,3.124,85567.0,002429
1416,2016-08-26,3.16,3.16,3.212,3.152,77077.0,002429
1417,2016-08-29,3.16,3.164,3.188,3.152,63451.0,002429
1418,2016-08-30,3.176,3.312,3.32,3.172,365248.0,002429
1419,2016-08-31,3.288,3.312,3.336,3.26,209675.0,002429
1420,2016-09-01,3.304,3.272,3.308,3.264,115392.0,002429
1421,2016-09-02,3.28,3.312,3.364,3.276,246744.0,002429
1422,2016-09-05,3.312,3.292,3.336,3.276,134579.0,002429
1423,2016-09-06,3.284,3.3,3.304,3.2,177933.0,002429
1424,2016-09-07,3.3,3.28,3.34,3.264,149871.0,002429
1425,2016-09-08,3.268,3.276,3.296,3.256,93966.0,002429
1426,2016-09-09,3.276,3.228,3.288,3.216,100599.0,002429
1427,2016-09-12,3.18,3.088,3.196,3.084,158602.0,002429
1428,2016-09-13,3.108,3.124,3.132,3.092,81433.0,002429
1429,2016-09-14,3.104,3.112,3.128,3.096,69272.0,002429
1430,2016-09-19,3.132,3.144,3.164,3.116,59035.0,002429
1431,2016-09-20,3.152,3.152,3.18,3.14,70167.0,002429
1432,2016-09-21,3.136,3.148,3.164,3.132,65378.0,002429
1433,2016-09-22,3.172,3.196,3.196,3.148,122429.0,002429
1434,2016-09-23,3.184,3.284,3.308,3.184,278255.0,002429
1435,2016-09-26,3.3,3.447,3.571,3.276,748491.0,002429
1436,2016-09-27,3.431,3.523,3.571,3.415,487498.0,002429
1437,2016-09-28,3.535,3.595,3.607,3.463,346589.0,002429
1438,2016-09-29,3.559,3.603,3.659,3.535,356560.0,002429
1439,2016-09-30,3.611,3.603,3.623,3.539,308244.0,002429
1440,2016-10-10,3.615,3.671,3.687,3.615,249511.0,002429
1441,2016-10-11,3.655,3.846,3.938,3.651,353004.0,002429
1442,2016-10-12,3.83,3.858,4.026,3.814,369984.0,002429
1443,2016-10-13,3.87,3.922,3.954,3.814,230277.0,002429
1444,2016-10-14,3.902,3.894,3.918,3.834,160868.0,002429
1445,2016-10-17,3.89,3.874,4.01,3.83,192225.0,002429
1446,2016-10-18,3.906,4.142,4.182,3.874,358174.0,002429
1447,2016-10-19,4.11,4.09,4.174,4.05,203230.0,002429
1448,2016-10-20,4.11,4.138,4.166,4.062,193312.0,002429
1449,2016-10-21,4.154,4.146,4.21,4.054,203604.0,002429
1450,2016-10-24,4.154,4.134,4.182,4.018,171705.0,002429
1451,2016-10-25,4.094,4.078,4.142,4.042,164802.0,002429
1452,2016-10-26,4.066,4.046,4.074,3.922,248907.0,002429
1453,2016-10-27,4.014,4.09,4.13,4.014,139066.0,002429
1454,2016-10-28,4.066,4.05,4.138,4.022,109748.0,002429
1455,2016-10-31,4.07,3.998,4.11,3.962,127850.0,002429
1456,2016-11-01,4.066,4.062,4.082,3.95,184285.0,002429
1457,2016-11-02,4.07,4.182,4.337,4.046,320225.0,002429
1458,2016-11-03,4.202,4.15,4.321,4.122,217787.0,002429
1459,2016-11-04,4.202,4.134,4.269,4.114,112037.0,002429
1460,2016-11-07,4.134,4.229,4.257,4.134,168021.0,002429
1461,2016-11-08,4.261,4.237,4.285,4.206,118696.0,002429
1462,2016-11-09,4.257,4.074,4.265,3.986,200686.0,002429
1463,2016-11-10,4.122,4.19,4.206,4.098,133775.0,002429
1464,2016-11-11,4.217,4.361,4.385,4.194,262410.0,002429
1465,2016-11-14,4.385,4.07,4.429,4.05,531746.0,002429
1466,2016-11-15,4.066,4.094,4.138,3.91,284253.0,002429
1467,2016-11-16,4.054,4.014,4.09,3.986,244297.0,002429
1468,2016-11-17,4.018,4.122,4.166,3.99,175349.0,002429
1469,2016-11-18,4.134,4.17,4.285,4.134,149735.0,002429
1470,2016-11-21,4.17,4.261,4.281,4.138,158580.0,002429
1471,2016-11-22,4.297,4.329,4.417,4.261,250823.0,002429
1472,2016-11-23,4.369,4.373,4.465,4.329,211188.0,002429
1473,2016-11-24,4.377,4.361,4.417,4.309,118636.0,002429
1474,2016-11-25,4.353,4.449,4.453,4.245,201628.0,002429
1475,2016-11-28,4.461,4.541,4.628,4.437,192921.0,002429
1476,2016-11-29,4.549,4.429,4.68,4.429,185092.0,002429
1477,2016-11-30,4.489,4.481,4.545,4.389,109189.0,002429
1478,2016-12-01,4.477,4.441,4.529,4.409,130473.0,002429
1479,2016-12-02,4.441,4.401,4.497,4.361,136782.0,002429
1480,2016-12-05,4.385,4.401,4.501,4.309,98747.0,002429
1481,2016-12-06,4.421,4.561,4.561,4.397,162336.0,002429
1482,2016-12-07,4.565,4.569,4.612,4.541,99152.0,002429
1483,2016-12-08,4.609,4.553,4.688,4.525,169660.0,002429
1484,2016-12-09,4.577,4.585,4.656,4.553,88381.0,002429
1485,2016-12-12,4.569,4.337,4.569,4.317,141100.0,002429
1486,2016-12-13,4.333,4.285,4.405,4.118,143449.0,002429
1487,2016-12-14,4.253,4.313,4.321,4.237,102184.0,002429
1488,2016-12-15,4.237,4.341,4.385,4.237,91122.0,002429
1489,2016-12-16,4.321,4.409,4.445,4.309,95612.0,002429
1490,2016-12-19,4.409,4.305,4.429,4.269,75321.0,002429
1491,2016-12-20,4.309,4.217,4.333,4.178,121086.0,002429
1492,2016-12-21,4.245,4.317,4.345,4.221,80111.0,002429
1493,2016-12-22,4.281,4.301,4.361,4.269,55162.0,002429
1494,2016-12-23,4.305,4.206,4.309,4.146,96781.0,002429
1495,2016-12-26,4.206,4.15,4.206,4.082,54905.0,002429
1496,2016-12-27,4.174,4.138,4.182,4.11,42744.0,002429
1497,2016-12-28,4.142,4.13,4.241,4.102,67804.0,002429
1498,2016-12-29,4.15,4.066,4.162,4.01,90839.0,002429
1499,2016-12-30,4.022,3.974,4.09,3.902,111541.0,002429
1500,2017-01-03,3.974,4.058,4.114,3.942,96161.0,002429
1501,2017-01-04,4.062,4.134,4.142,4.05,77027.0,002429
1502,2017-01-05,4.134,4.142,4.158,4.058,77580.0,002429
1503,2017-01-06,4.11,4.182,4.202,4.102,77487.0,002429
1504,2017-01-09,4.186,4.241,4.249,4.15,65266.0,002429
1505,2017-01-10,4.229,4.241,4.265,4.206,53751.0,002429
1506,2017-01-11,4.245,4.202,4.253,4.202,57073.0,002429
1507,2017-01-12,4.202,4.198,4.237,4.174,67536.0,002429
1508,2017-01-13,4.198,4.118,4.217,4.098,64758.0,002429
1509,2017-01-16,4.078,4.022,4.158,3.89,76314.0,002429
1510,2017-01-17,4.022,4.018,4.05,3.97,86855.0,002429
1511,2017-01-18,3.99,3.982,4.03,3.95,67885.0,002429
1512,2017-01-19,3.982,3.922,4.006,3.87,102705.0,002429
1513,2017-01-20,3.922,3.974,4.034,3.886,89547.0,002429
1514,2017-01-23,4.062,3.994,4.062,3.954,201640.0,002429
1515,2017-01-24,3.958,3.783,4.002,3.755,168981.0,002429
1516,2017-01-25,3.775,3.87,3.91,3.747,134473.0,002429
1517,2017-01-26,3.886,3.934,3.962,3.854,80123.0,002429
1518,2017-02-03,3.95,3.998,4.022,3.93,67526.0,002429
1519,2017-02-06,3.998,4.042,4.05,3.93,94791.0,002429
1520,2017-02-07,4.014,4.002,4.042,3.978,47670.0,002429
1521,2017-02-08,3.99,3.978,4.026,3.95,79758.0,002429
1522,2017-02-09,3.994,3.994,4.038,3.966,105011.0,002429
1523,2017-02-10,3.998,3.962,4.018,3.934,80979.0,002429
1524,2017-02-13,3.97,3.974,4.002,3.942,61749.0,002429
1525,2017-02-14,3.978,3.946,3.986,3.946,59999.0,002429
1526,2017-02-15,3.954,3.878,3.958,3.87,93785.0,002429
1527,2017-02-16,3.894,3.894,3.954,3.791,80208.0,002429
1528,2017-02-17,3.91,3.93,3.934,3.886,77374.0,002429
1529,2017-02-20,3.93,4.014,4.038,3.926,111271.0,002429
1530,2017-02-21,4.014,4.022,4.062,3.99,66540.0,002429
1531,2017-02-22,4.038,3.99,4.05,3.982,87598.0,002429
1532,2017-02-23,3.994,4.022,4.046,3.994,73732.0,002429
1533,2017-02-24,4.03,4.046,4.046,3.998,52390.0,002429
1534,2017-02-27,4.062,3.99,4.106,3.97,127551.0,002429
1535,2017-02-28,3.994,4.002,4.01,3.97,42432.0,002429
1536,2017-03-01,4.006,3.998,4.014,3.982,63112.0,002429
1537,2017-03-02,4.006,3.942,4.006,3.942,60083.0,002429
1538,2017-03-03,3.946,4.002,4.002,3.934,67035.0,002429
1539,2017-03-06,3.998,4.09,4.11,3.982,171606.0,002429
1540,2017-03-07,4.102,4.146,4.21,4.066,152809.0,002429
1541,2017-03-08,4.126,4.114,4.229,4.106,98174.0,002429
1542,2017-03-09,4.142,4.198,4.285,4.094,190227.0,002429
1543,2017-03-10,4.182,4.305,4.361,4.182,199194.0,002429
1544,2017-03-13,4.317,4.289,4.337,4.257,123029.0,002429
1545,2017-03-14,4.313,4.186,4.313,4.182,118205.0,002429
1546,2017-03-15,4.17,4.198,4.249,4.158,88707.0,002429
1547,2017-03-16,4.198,4.237,4.249,4.19,85433.0,002429
1548,2017-03-17,4.225,4.15,4.245,4.134,109376.0,002429
1549,2017-03-20,4.154,4.182,4.186,4.114,81043.0,002429
1550,2017-03-21,4.178,4.154,4.178,4.122,89035.0,002429
1551,2017-03-22,4.134,4.166,4.166,4.118,82824.0,002429
1552,2017-03-23,4.166,4.13,4.174,4.082,85547.0,002429
1553,2017-03-24,4.138,4.126,4.138,4.066,114292.0,002429
1554,2017-03-27,4.122,4.178,4.198,4.102,106495.0,002429
1555,2017-03-28,4.182,4.114,4.194,4.114,60203.0,002429
1556,2017-03-29,4.118,4.086,4.13,4.078,61613.0,002429
1557,2017-03-30,4.082,3.97,4.082,3.934,147247.0,002429
1558,2017-03-31,3.97,3.962,3.99,3.922,76105.0,002429
1559,2017-04-05,3.966,4.042,4.062,3.966,86129.0,002429
1560,2017-04-06,4.054,4.078,4.078,4.022,54059.0,002429
1561,2017-04-07,4.186,4.078,4.186,4.03,98494.0,002429
1562,2017-04-10,4.146,3.95,4.146,3.934,147824.0,002429
1563,2017-04-11,3.934,3.918,3.974,3.85,114783.0,002429
1564,2017-04-12,3.89,3.85,3.922,3.838,81250.0,002429
1565,2017-04-13,3.842,3.882,3.906,3.842,42279.0,002429
1566,2017-04-14,3.862,3.87,3.91,3.854,52411.0,002429
1567,2017-04-17,3.862,3.866,3.89,3.814,53051.0,002429
1568,2017-04-18,3.854,3.671,3.898,3.647,113255.0,002429
1569,2017-04-19,3.611,3.583,3.663,3.511,131894.0,002429
1570,2017-04-20,3.583,3.555,3.607,3.515,71283.0,002429
1571,2017-04-21,3.563,3.571,3.647,3.539,75730.0,002429
1572,2017-04-24,3.559,3.479,3.583,3.471,67830.0,002429
1573,2017-04-25,3.483,3.555,3.559,3.479,60561.0,002429
1574,2017-04-26,3.535,3.555,3.591,3.523,49481.0,002429
1575,2017-04-27,3.543,3.531,3.567,3.503,79664.0,002429
1576,2017-04-28,3.539,3.623,3.647,3.527,76374.0,002429
1577,2017-05-02,3.631,3.603,3.647,3.591,51607.0,002429
1578,2017-05-03,3.611,3.587,3.627,3.571,36551.0,002429
1579,2017-05-04,3.571,3.555,3.607,3.535,67601.0,002429
1580,2017-05-05,3.535,3.523,3.543,3.467,65794.0,002429
1581,2017-05-08,3.527,3.507,3.543,3.491,38489.0,002429
1582,2017-05-09,3.511,3.527,3.539,3.487,57006.0,002429
1583,2017-05-10,3.527,3.451,3.539,3.451,54378.0,002429
1584,2017-05-11,3.451,3.384,3.451,3.292,73818.0,002429
1585,2017-05-12,3.412,3.364,3.412,3.336,40919.0,002429
1586,2017-05-15,3.38,3.443,3.471,3.38,92135.0,002429
1587,2017-05-16,3.451,3.503,3.503,3.415,56984.0,002429
1588,2017-05-17,3.483,3.499,3.543,3.479,55088.0,002429
1589,2017-05-18,3.483,3.491,3.491,3.455,40113.0,002429
1590,2017-05-19,3.491,3.487,3.523,3.463,43196.0,002429
1591,2017-05-22,3.467,3.36,3.491,3.316,81710.0,002429
1592,2017-05-23,3.368,3.232,3.368,3.212,114030.0,002429
1593,2017-05-24,3.224,3.204,3.228,3.156,91347.0,002429
1594,2017-05-25,3.196,3.232,3.236,3.164,59339.0,002429
1595,2017-05-26,3.244,3.228,3.26,3.22,54598.0,002429
1596,2017-05-31,3.264,3.22,3.28,3.204,66687.0,002429
1597,2017-06-01,3.22,3.104,3.224,3.104,60420.0,002429
1598,2017-06-02,3.116,3.124,3.148,3.044,95395.0,002429
1599,2017-06-05,3.168,3.216,3.232,3.16,107424.0,002429
1600,2017-06-06,3.196,3.256,3.264,3.196,66637.0,002429
1601,2017-06-07,3.256,3.356,3.4,3.24,173411.0,002429
1602,2017-06-08,3.38,3.3,3.443,3.292,261195.0,002429
1603,2017-06-09,3.29,3.2,3.32,3.16,421035.0,002429
1604,2017-06-12,3.18,3.03,3.19,3.03,443047.0,002429
1605,2017-06-13,3.03,3.1,3.12,3.02,313079.0,002429
1606,2017-06-14,3.09,3.06,3.1,3.05,204444.0,002429
1607,2017-06-15,3.07,3.14,3.14,3.06,368572.0,002429
1608,2017-06-16,3.13,3.1,3.13,3.09,189641.0,002429
1609,2017-06-19,3.1,3.13,3.14,3.09,239786.0,002429
1610,2017-06-20,3.15,3.13,3.18,3.12,256209.0,002429
1611,2017-06-21,3.14,3.1,3.14,3.06,356834.0,002429
1612,2017-06-22,3.1,3.04,3.1,3.03,306064.0,002429
1613,2017-06-23,3.02,3.03,3.04,2.98,304208.0,002429
1614,2017-06-26,3.04,3.06,3.06,3.01,201522.0,002429
1615,2017-06-27,3.06,3.04,3.07,3.02,188617.0,002429
1616,2017-06-28,3.03,3.0,3.03,3.0,193695.0,002429
1617,2017-06-29,3.0,3.02,3.03,3.0,169647.0,002429
1618,2017-06-30,3.03,3.07,3.07,3.01,291737.0,002429
1619,2017-07-03,3.08,3.06,3.08,3.05,168191.0,002429
1620,2017-07-04,3.06,3.07,3.08,3.05,175672.0,002429
1621,2017-07-05,3.07,3.08,3.09,3.06,202598.0,002429
1622,2017-07-06,3.09,3.1,3.11,3.07,259406.0,002429
1623,2017-07-07,3.1,3.11,3.11,3.08,202064.0,002429
1624,2017-07-10,3.1,3.09,3.11,3.07,204554.0,002429
1625,2017-07-11,3.08,3.07,3.09,3.06,178862.0,002429
1626,2017-07-12,3.06,3.06,3.08,3.03,191182.0,002429
1627,2017-07-13,3.05,3.06,3.07,3.03,180429.0,002429
1628,2017-07-14,3.06,3.04,3.06,3.02,152644.0,002429
1629,2017-07-17,3.08,3.26,3.33,3.05,1534799.0,002429
1630,2017-07-18,3.17,3.32,3.34,3.13,1096233.0,002429
1631,2017-07-19,3.27,3.29,3.32,3.24,777737.0,002429
1632,2017-07-20,3.28,3.28,3.29,3.25,476965.0,002429
1633,2017-07-21,3.28,3.31,3.41,3.27,787294.0,002429
1634,2017-07-24,3.29,3.36,3.39,3.25,673683.0,002429
1635,2017-07-25,3.34,3.31,3.37,3.29,338658.0,002429
1636,2017-07-26,3.32,3.29,3.33,3.26,286690.0,002429
1637,2017-07-27,3.28,3.3,3.3,3.21,414186.0,002429
1638,2017-07-28,3.28,3.25,3.29,3.23,284308.0,002429
1639,2017-07-31,3.25,3.27,3.28,3.23,420036.0,002429
1640,2017-08-01,3.27,3.32,3.34,3.25,545107.0,002429
1641,2017-08-02,3.32,3.25,3.35,3.25,498238.0,002429
1642,2017-08-03,3.25,3.25,3.28,3.23,373920.0,002429
1643,2017-08-04,3.25,3.23,3.26,3.22,286226.0,002429
1644,2017-08-07,3.23,3.27,3.27,3.22,272402.0,002429
1645,2017-08-08,3.27,3.29,3.32,3.24,461110.0,002429
1646,2017-08-09,3.3,3.26,3.3,3.25,263865.0,002429
1647,2017-08-10,3.27,3.22,3.27,3.21,273830.0,002429
1648,2017-08-11,3.2,3.12,3.21,3.1,440104.0,002429
1649,2017-08-14,3.13,3.19,3.2,3.12,286806.0,002429
1650,2017-08-15,3.18,3.18,3.21,3.17,215938.0,002429
1651,2017-08-16,3.18,3.22,3.24,3.17,273247.0,002429
1652,2017-08-17,3.22,3.25,3.26,3.2,302044.0,002429
1653,2017-08-18,3.22,3.23,3.25,3.21,204035.0,002429
1654,2017-08-21,3.23,3.25,3.25,3.22,232631.0,002429
1655,2017-08-22,3.24,3.23,3.27,3.22,294955.0,002429
1656,2017-08-23,3.23,3.21,3.23,3.2,197659.0,002429
1657,2017-08-24,3.21,3.2,3.23,3.19,187491.0,002429
1658,2017-08-25,3.19,3.22,3.25,3.18,222614.0,002429
1659,2017-08-28,3.22,3.25,3.26,3.21,286559.0,002429
1660,2017-08-29,3.25,3.22,3.25,3.22,230030.0,002429
1661,2017-08-30,3.23,3.22,3.23,3.21,180227.0,002429
1662,2017-08-31,3.21,3.22,3.23,3.2,186319.0,002429
1663,2017-09-01,3.22,3.21,3.23,3.19,212446.0,002429
1664,2017-09-04,3.2,3.23,3.23,3.2,241681.0,002429
1665,2017-09-05,3.22,3.21,3.23,3.2,265648.0,002429
1666,2017-09-06,3.21,3.3,3.32,3.2,807524.0,002429
1667,2017-09-07,3.28,3.24,3.29,3.22,458558.0,002429
1668,2017-09-08,3.23,3.25,3.27,3.23,264179.0,002429
1669,2017-09-11,3.24,3.25,3.25,3.23,229201.0,002429
1670,2017-09-12,3.25,3.22,3.26,3.21,324554.0,002429
1671,2017-09-13,3.23,3.25,3.26,3.21,313470.0,002429
1672,2017-09-14,3.25,3.27,3.29,3.23,366302.0,002429
1673,2017-09-15,3.26,3.23,3.27,3.23,261521.0,002429
1674,2017-09-18,3.23,3.26,3.27,3.22,227989.0,002429
1675,2017-09-19,3.26,3.28,3.29,3.24,327332.0,002429
1676,2017-09-20,3.27,3.45,3.54,3.27,1317315.0,002429
1677,2017-09-21,3.45,3.4,3.49,3.37,753826.0,002429
1678,2017-09-22,3.39,3.35,3.39,3.33,469088.0,002429
1679,2017-09-25,3.33,3.42,3.52,3.33,708468.0,002429
1680,2017-09-26,3.4,3.39,3.44,3.36,302253.0,002429
1681,2017-09-27,3.4,3.42,3.44,3.35,301815.0,002429
1682,2017-09-28,3.41,3.42,3.47,3.4,352996.0,002429
1683,2017-09-29,3.4,3.4,3.42,3.38,283084.0,002429
1684,2017-10-09,3.42,3.6,3.63,3.4,1116863.0,002429
1685,2017-10-10,3.57,3.6,3.66,3.55,779089.0,002429
1686,2017-10-11,3.58,3.56,3.71,3.54,811372.0,002429
1687,2017-10-12,3.55,3.6,3.63,3.53,451182.0,002429
1688,2017-10-13,3.59,3.61,3.65,3.58,396204.0,002429
1689,2017-10-16,3.61,3.45,3.61,3.45,627993.0,002429
1690,2017-10-17,3.47,3.48,3.5,3.42,227973.0,002429
1691,2017-10-18,3.5,3.63,3.73,3.46,1133000.0,002429
1692,2017-10-19,3.6,3.55,3.65,3.53,587226.0,002429
1693,2017-10-20,3.53,3.61,3.63,3.51,427607.0,002429
1694,2017-10-23,3.61,3.67,3.72,3.61,511435.0,002429
1695,2017-10-24,3.69,3.67,3.69,3.58,437055.0,002429
1696,2017-10-25,3.66,3.76,3.79,3.63,691751.0,002429
1697,2017-10-26,3.74,3.7,3.83,3.68,876695.0,002429
1698,2017-10-27,3.7,3.66,3.74,3.61,613085.0,002429
1699,2017-10-30,3.65,3.5,3.68,3.49,695736.0,002429
1700,2017-10-31,3.5,3.56,3.56,3.49,332195.0,002429
1701,2017-11-01,3.56,3.52,3.57,3.51,311156.0,002429
1702,2017-11-02,3.52,3.41,3.52,3.38,511308.0,002429
1703,2017-11-03,3.4,3.4,3.42,3.37,301744.0,002429
1704,2017-11-06,3.41,3.51,3.53,3.39,413782.0,002429
1705,2017-11-07,3.49,3.52,3.53,3.47,301679.0,002429
1706,2017-11-08,3.5,3.46,3.52,3.45,318380.0,002429
1707,2017-11-09,3.46,3.53,3.54,3.41,438883.0,002429
1708,2017-11-10,3.52,3.62,3.68,3.48,906117.0,002429
1709,2017-11-13,3.62,3.72,3.75,3.59,826634.0,002429
1710,2017-11-14,3.72,3.65,3.77,3.62,637435.0,002429
1711,2017-11-15,3.65,3.81,3.82,3.62,1042145.0,002429
1712,2017-11-16,3.77,3.79,3.88,3.74,1087703.0,002429
1713,2017-11-17,3.76,3.58,3.79,3.58,857040.0,002429
1714,2017-11-20,3.53,3.68,3.69,3.52,561480.0,002429
1715,2017-11-21,3.68,3.84,3.85,3.66,1057971.0,002429
1716,2017-11-22,3.83,3.8,3.91,3.75,991026.0,002429
1717,2017-11-23,3.8,3.77,3.9,3.76,1180039.0,002429
1718,2017-11-24,3.77,3.92,3.96,3.65,1198952.0,002429
1719,2017-11-27,3.87,3.76,3.97,3.76,1070884.0,002429
1720,2017-11-28,3.73,3.92,3.92,3.7,947198.0,002429
1721,2017-11-29,3.9,3.87,3.93,3.82,797903.0,002429
1722,2017-11-30,3.85,3.89,3.98,3.81,914611.0,002429
1723,2017-12-01,3.85,4.0,4.08,3.85,1487759.0,002429
1724,2017-12-04,4.0,4.01,4.04,3.93,919362.0,002429
1725,2017-12-05,3.99,3.86,4.01,3.8,1091472.0,002429
1726,2017-12-06,3.84,4.07,4.07,3.81,1385324.0,002429
1727,2017-12-07,4.03,4.01,4.12,3.99,984544.0,002429
1728,2017-12-08,4.02,3.98,4.07,3.96,861790.0,002429
1729,2017-12-11,3.95,3.99,4.01,3.9,811071.0,002429
1730,2017-12-12,3.97,3.92,4.03,3.92,646701.0,002429
1731,2017-12-13,3.91,3.95,3.95,3.9,528724.0,002429
1732,2017-12-14,3.93,3.96,3.98,3.83,810327.0,002429
1733,2017-12-15,3.96,3.83,3.96,3.83,591266.0,002429
1734,2017-12-18,3.81,3.74,3.86,3.72,543376.0,002429
1735,2017-12-19,3.75,3.77,3.8,3.74,293924.0,002429
1736,2017-12-20,3.76,3.77,3.79,3.7,375792.0,002429
1737,2017-12-21,3.76,3.83,3.86,3.74,463308.0,002429
1738,2017-12-22,3.81,3.82,3.85,3.78,279151.0,002429
1739,2017-12-25,3.8,3.73,3.81,3.73,323037.0,002429
1740,2017-12-26,3.72,3.64,3.74,3.55,584806.0,002429
1741,2017-12-27,3.61,3.61,3.68,3.58,307257.0,002429
1742,2017-12-28,3.6,3.51,3.64,3.48,443312.0,002429
1743,2017-12-29,3.52,3.58,3.61,3.52,319936.0,002429
1744,2018-01-02,3.6,3.61,3.64,3.58,222168.0,002429
1745,2018-01-03,3.62,3.63,3.65,3.59,312438.0,002429
1746,2018-01-04,3.62,3.63,3.66,3.6,297742.0,002429
1747,2018-01-05,3.63,3.56,3.64,3.55,373920.0,002429
1748,2018-01-08,3.56,3.59,3.59,3.52,260350.0,002429
1749,2018-01-09,3.59,3.56,3.59,3.54,193308.0,002429
1750,2018-01-10,3.55,3.48,3.57,3.47,354861.0,002429
1751,2018-01-11,3.48,3.61,3.62,3.42,473671.0,002429
1752,2018-01-12,3.58,3.54,3.6,3.53,268705.0,002429
1753,2018-01-15,3.54,3.45,3.56,3.43,317121.0,002429
1754,2018-01-16,3.43,3.42,3.47,3.39,295294.0,002429
1755,2018-01-17,3.42,3.44,3.45,3.36,283311.0,002429
1756,2018-01-18,3.42,3.41,3.45,3.4,157792.0,002429
1757,2018-01-19,3.4,3.36,3.41,3.35,291777.0,002429
1758,2018-01-22,3.35,3.36,3.38,3.29,275245.0,002429
1759,2018-01-23,3.35,3.32,3.36,3.3,233428.0,002429
1760,2018-01-24,3.31,3.36,3.38,3.26,390027.0,002429
1761,2018-01-25,3.34,3.35,3.41,3.33,320266.0,002429
1762,2018-01-26,3.37,3.36,3.39,3.34,175679.0,002429
1763,2018-01-29,3.36,3.31,3.38,3.29,236098.0,002429
1764,2018-01-30,3.3,3.3,3.33,3.29,109858.0,002429
1765,2018-01-31,3.32,3.39,3.44,3.32,478956.0,002429
1766,2018-02-01,3.38,3.3,3.41,3.29,296698.0,002429
1767,2018-02-02,3.29,3.22,3.3,3.14,285273.0,002429
1768,2018-02-05,3.19,3.23,3.25,3.15,141335.0,002429
1769,2018-02-06,3.18,3.03,3.22,3.02,348016.0,002429
1770,2018-02-07,3.09,3.07,3.12,3.0,210908.0,002429
1771,2018-02-08,3.07,3.11,3.12,3.06,155567.0,002429
1772,2018-02-09,3.06,3.08,3.12,3.02,323101.0,002429
1773,2018-02-12,3.11,3.17,3.18,3.09,184368.0,002429
1774,2018-02-13,3.17,3.16,3.2,3.14,155442.0,002429
1775,2018-02-14,3.15,3.13,3.17,3.1,140510.0,002429
1776,2018-02-22,3.15,3.18,3.2,3.15,147290.0,002429
1777,2018-02-23,3.18,3.17,3.18,3.14,133287.0,002429
1778,2018-02-26,3.19,3.26,3.28,3.17,277068.0,002429
1779,2018-02-27,3.25,3.25,3.29,3.24,208672.0,002429
1780,2018-02-28,3.25,3.35,3.36,3.22,362187.0,002429
1781,2018-03-01,3.32,3.37,3.4,3.3,277155.0,002429
1782,2018-03-02,3.34,3.3,3.36,3.28,266215.0,002429
1783,2018-03-05,3.38,3.39,3.43,3.35,268688.0,002429
1784,2018-03-06,3.37,3.41,3.43,3.36,286870.0,002429
1785,2018-03-07,3.4,3.47,3.54,3.37,535928.0,002429
1786,2018-03-08,3.44,3.45,3.47,3.4,341413.0,002429
1787,2018-03-09,3.45,3.46,3.48,3.41,319537.0,002429
1788,2018-03-12,3.47,3.49,3.51,3.46,343330.0,002429
1789,2018-03-13,3.48,3.46,3.48,3.43,318334.0,002429
1790,2018-03-14,3.44,3.35,3.45,3.35,339898.0,002429
1791,2018-03-15,3.34,3.37,3.39,3.32,229009.0,002429
1792,2018-03-16,3.36,3.45,3.52,3.36,458674.0,002429
1793,2018-03-19,3.43,3.39,3.45,3.37,311512.0,002429
1794,2018-03-20,3.36,3.35,3.37,3.31,187060.0,002429
1795,2018-03-21,3.35,3.3,3.38,3.29,226299.0,002429
1796,2018-03-22,3.3,3.24,3.32,3.24,211576.0,002429
1797,2018-03-23,3.17,3.05,3.17,3.01,392334.0,002429
1798,2018-03-26,3.04,3.11,3.12,3.01,251257.0,002429
1799,2018-03-27,3.16,3.18,3.2,3.14,233642.0,002429
1800,2018-03-28,3.15,3.15,3.2,3.13,146000.0,002429
1801,2018-03-29,3.17,3.18,3.19,3.15,136696.0,002429
1802,2018-03-30,3.19,3.24,3.27,3.16,253654.0,002429
1803,2018-04-02,3.24,3.27,3.31,3.23,245165.0,002429
1804,2018-04-03,3.22,3.18,3.23,3.15,211419.0,002429
1805,2018-04-04,3.19,3.14,3.2,3.13,157570.0,002429
1806,2018-04-09,3.13,3.14,3.17,3.11,144212.0,002429
1807,2018-04-10,3.15,3.17,3.17,3.11,167464.0,002429
1808,2018-04-11,3.18,3.16,3.2,3.14,178713.0,002429
1809,2018-04-12,3.16,3.13,3.16,3.12,123315.0,002429
1810,2018-04-13,3.15,3.14,3.16,3.12,89801.0,002429
1811,2018-04-16,3.14,3.12,3.14,3.1,121389.0,002429
1812,2018-04-17,3.13,3.14,3.18,3.12,191536.0,002429
1813,2018-04-18,3.15,3.22,3.28,3.14,663783.0,002429
1814,2018-04-19,3.22,3.2,3.25,3.18,362704.0,002429
1815,2018-04-20,3.19,3.3,3.36,3.17,819111.0,002429
1816,2018-04-23,3.3,3.33,3.37,3.28,553274.0,002429
1817,2018-04-24,3.31,3.35,3.38,3.28,447706.0,002429
1818,2018-04-25,3.32,3.3,3.37,3.29,326843.0,002429
1819,2018-04-26,3.32,3.3,3.38,3.29,439827.0,002429
1820,2018-04-27,3.3,3.23,3.33,3.22,312543.0,002429
1821,2018-05-02,3.24,3.23,3.27,3.17,214533.0,002429
1822,2018-05-03,3.22,3.3,3.31,3.17,324485.0,002429
1823,2018-05-04,3.28,3.26,3.31,3.25,186979.0,002429
1824,2018-05-07,3.27,3.27,3.29,3.25,192938.0,002429
1825,2018-05-08,3.27,3.26,3.28,3.23,204805.0,002429
1826,2018-05-09,3.26,3.28,3.32,3.23,279492.0,002429
1827,2018-05-10,3.29,3.26,3.29,3.24,189225.0,002429
1828,2018-05-11,3.27,3.25,3.3,3.25,180636.0,002429
1829,2018-05-14,3.26,3.2,3.28,3.18,211786.0,002429
1830,2018-05-15,3.18,3.19,3.21,3.14,224612.0,002429
1831,2018-05-16,3.19,3.14,3.19,3.13,230639.0,002429
1832,2018-05-17,3.14,3.13,3.15,3.12,121932.0,002429
1833,2018-05-18,3.14,3.13,3.15,3.09,192214.0,002429
1834,2018-05-21,3.15,3.17,3.18,3.13,156022.0,002429
1835,2018-05-22,3.17,3.18,3.19,3.15,137364.0,002429
1836,2018-05-23,3.17,3.12,3.18,3.12,176377.0,002429
1837,2018-05-24,3.13,3.11,3.14,3.11,115251.0,002429
1838,2018-05-25,3.11,3.08,3.12,3.07,132801.0,002429
1839,2018-05-28,3.08,3.07,3.09,3.06,98399.0,002429
1840,2018-05-29,3.06,3.06,3.09,3.05,86436.0,002429
1841,2018-05-30,3.03,3.0,3.06,3.0,217087.0,002429
1842,2018-05-31,3.02,3.04,3.05,3.01,118807.0,002429
1843,2018-06-01,3.03,3.02,3.05,3.02,109317.0,002429
1844,2018-06-04,3.05,3.05,3.07,3.04,81534.0,002429
1845,2018-06-05,3.05,3.09,3.1,3.05,120670.0,002429
1846,2018-06-06,3.08,3.08,3.1,3.06,71776.0,002429
1847,2018-06-07,3.08,3.03,3.09,3.02,115941.0,002429
1848,2018-06-08,3.03,3.04,3.04,3.01,117109.0,002429
1849,2018-06-11,3.03,3.03,3.06,3.02,89296.0,002429
1850,2018-06-12,3.02,3.04,3.05,3.01,104648.0,002429
1851,2018-06-13,3.03,3.01,3.04,3.01,87096.0,002429
1852,2018-06-14,3.01,2.98,3.04,2.98,141567.0,002429
1853,2018-06-15,2.98,2.82,3.0,2.82,306476.0,002429
1854,2018-06-19,2.8,2.54,2.8,2.54,387884.0,002429
1855,2018-06-20,2.48,2.55,2.57,2.48,222179.0,002429
1856,2018-06-21,2.55,2.43,2.56,2.43,219190.0,002429
1857,2018-06-22,2.43,2.43,2.48,2.31,227238.0,002429
1858,2018-06-25,2.46,2.4,2.47,2.4,145457.0,002429
1859,2018-06-26,2.37,2.43,2.45,2.32,163494.0,002429
1860,2018-06-27,2.44,2.43,2.47,2.42,137627.0,002429
1861,2018-06-28,2.43,2.41,2.45,2.4,129307.0,002429
1862,2018-06-29,2.4,2.48,2.49,2.4,175360.0,002429
