,date,open,close,high,low,volume,code
0,2002-02-05,1.022,0.988,1.054,0.984,642229.42,600583
1,2002-02-06,0.978,0.999,1.012,0.969,131130.06,600583
2,2002-02-07,0.995,1.011,1.022,0.991,78639.09,600583
3,2002-02-08,1.018,0.997,1.022,0.995,48235.41,600583
4,2002-02-25,1.014,1.002,1.018,0.98,56828.94,600583
5,2002-02-26,0.997,1.012,1.013,0.985,28083.34,600583
6,2002-02-27,1.011,1.024,1.036,1.004,77379.64,600583
7,2002-02-28,1.021,1.011,1.031,1.008,26822.1,600583
8,2002-03-01,1.008,1.007,1.017,1.002,15920.34,600583
9,2002-03-04,1.004,1.012,1.013,0.997,20074.58,600583
10,2002-03-05,1.013,1.021,1.028,1.013,34493.44,600583
11,2002-03-06,1.022,1.018,1.028,1.015,38983.26,600583
12,2002-03-07,1.019,1.039,1.051,1.018,80830.21,600583
13,2002-03-08,1.044,1.043,1.053,1.03,48792.61,600583
14,2002-03-11,1.044,1.057,1.077,1.039,53615.37,600583
15,2002-03-12,1.056,1.047,1.07,1.041,42571.55,600583
16,2002-03-13,1.043,1.037,1.063,1.034,33594.62,600583
17,2002-03-14,1.035,1.053,1.054,1.03,23229.21,600583
18,2002-03-15,1.053,1.019,1.055,1.016,34483.99,600583
19,2002-03-18,1.032,1.016,1.04,1.013,24222.27,600583
20,2002-03-19,1.049,1.072,1.075,1.037,66856.12,600583
21,2002-03-20,1.08,1.069,1.086,1.063,55321.84,600583
22,2002-03-21,1.076,1.077,1.094,1.07,37829.44,600583
23,2002-03-22,1.077,1.098,1.101,1.068,28301.44,600583
24,2002-03-25,1.098,1.098,1.113,1.089,29765.07,600583
25,2002-03-26,1.098,1.086,1.103,1.082,29654.42,600583
26,2002-03-27,1.08,1.097,1.101,1.078,21696.57,600583
27,2002-03-28,1.103,1.095,1.114,1.089,19005.55,600583
28,2002-03-29,1.08,1.073,1.095,1.07,33041.28,600583
29,2002-04-01,1.07,1.065,1.079,1.061,20443.91,600583
30,2002-04-02,1.073,1.065,1.073,1.061,17007.08,600583
31,2002-04-03,1.066,1.075,1.098,1.066,26187.29,600583
32,2002-04-04,1.077,1.089,1.091,1.058,13851.65,600583
33,2002-04-05,1.092,1.08,1.095,1.074,11174.28,600583
34,2002-04-08,1.082,1.089,1.101,1.079,13047.25,600583
35,2002-04-09,1.092,1.098,1.111,1.089,16149.01,600583
36,2002-04-10,1.101,1.09,1.103,1.08,13153.33,600583
37,2002-04-11,1.092,1.076,1.095,1.075,7742.84,600583
38,2002-04-12,1.076,1.089,1.097,1.073,8673.29,600583
39,2002-04-15,1.095,1.079,1.095,1.066,14627.09,600583
40,2002-04-16,1.078,1.076,1.084,1.068,6430.0,600583
41,2002-04-17,1.079,1.076,1.09,1.072,6309.88,600583
42,2002-04-18,1.08,1.066,1.08,1.063,7693.13,600583
43,2002-04-22,1.07,1.06,1.07,1.05,11106.58,600583
44,2002-04-23,1.057,1.059,1.063,1.046,6182.8,600583
45,2002-04-24,1.053,1.053,1.062,1.046,4838.8,600583
46,2002-04-25,1.068,1.053,1.072,1.046,5476.3,600583
47,2002-04-26,1.053,1.067,1.072,1.052,5397.13,600583
48,2002-04-29,1.068,1.076,1.08,1.06,10108.18,600583
49,2002-04-30,1.076,1.093,1.095,1.07,17410.45,600583
50,2002-05-08,1.094,1.08,1.095,1.079,4767.83,600583
51,2002-05-09,1.076,1.07,1.082,1.063,6163.56,600583
52,2002-05-10,1.067,1.062,1.07,1.057,6013.0,600583
53,2002-05-13,1.06,1.054,1.065,1.053,5876.3,600583
54,2002-05-14,1.051,1.052,1.066,1.051,5690.26,600583
55,2002-05-15,1.047,1.027,1.057,1.021,17359.9,600583
56,2002-05-16,1.022,1.014,1.025,1.011,17801.23,600583
57,2002-05-17,1.014,1.039,1.04,0.999,11986.52,600583
58,2002-05-20,1.035,1.016,1.035,1.004,7233.6,600583
59,2002-05-21,1.033,1.028,1.042,1.016,19349.47,600583
60,2002-05-22,1.023,1.006,1.028,1.006,4962.2,600583
61,2002-05-23,1.079,1.021,1.079,1.015,15051.2,600583
62,2002-05-24,1.03,1.001,1.03,0.978,25579.68,600583
63,2002-05-27,1.001,1.0,1.003,0.99,5018.6,600583
64,2002-05-28,0.999,1.003,1.007,0.997,3409.11,600583
65,2002-05-29,1.003,0.984,1.003,0.979,6922.38,600583
66,2002-05-30,0.984,0.992,0.995,0.972,5578.98,600583
67,2002-05-31,0.99,0.993,1.002,0.987,4478.9,600583
68,2002-06-03,0.97,0.983,0.997,0.96,4801.1,600583
69,2002-06-04,0.983,0.98,0.99,0.971,4375.28,600583
70,2002-06-05,0.98,0.976,0.992,0.966,4128.6,600583
71,2002-06-06,0.974,1.005,1.016,0.971,10848.43,600583
72,2002-06-07,1.003,1.009,1.021,0.997,11229.67,600583
73,2002-06-10,0.998,1.003,1.01,0.998,2618.08,600583
74,2002-06-11,1.001,1.015,1.017,1.0,3662.33,600583
75,2002-06-12,1.016,1.006,1.016,1.003,2133.23,600583
76,2002-06-13,1.005,1.003,1.014,0.991,2070.0,600583
77,2002-06-14,0.995,0.992,1.002,0.986,2229.75,600583
78,2002-06-17,0.986,0.988,0.997,0.98,2399.5,600583
79,2002-06-18,0.991,1.006,1.011,0.991,2254.71,600583
80,2002-06-19,1.004,0.996,1.006,0.994,1259.01,600583
81,2002-06-20,1.009,1.013,1.016,0.997,3868.0,600583
82,2002-06-21,1.015,1.033,1.037,1.005,12231.69,600583
83,2002-06-24,1.136,1.136,1.136,1.08,129965.96,600583
84,2002-06-25,1.135,1.093,1.144,1.087,38429.2,600583
85,2002-06-26,1.076,1.091,1.105,1.07,12851.93,600583
86,2002-06-27,1.092,1.091,1.098,1.079,16819.04,600583
87,2002-06-28,1.091,1.077,1.101,1.066,16667.0,600583
88,2002-07-01,1.08,1.076,1.092,1.073,6897.9,600583
89,2002-07-02,1.073,1.077,1.077,1.067,3073.74,600583
90,2002-07-03,1.081,1.08,1.082,1.066,5247.43,600583
91,2002-07-04,1.082,1.07,1.084,1.07,4112.0,600583
92,2002-07-05,1.066,1.073,1.077,1.062,3888.61,600583
93,2002-07-08,1.073,1.092,1.102,1.066,13524.13,600583
94,2002-07-09,1.091,1.089,1.096,1.082,4711.0,600583
95,2002-07-10,1.092,1.079,1.098,1.072,5237.2,600583
96,2002-07-11,1.065,1.078,1.083,1.065,4027.88,600583
97,2002-07-12,1.082,1.07,1.082,1.069,1527.0,600583
98,2002-07-15,1.07,1.061,1.078,1.054,3159.04,600583
99,2002-07-16,1.077,1.059,1.077,1.056,3068.19,600583
100,2002-07-17,1.058,1.05,1.066,1.046,3579.0,600583
101,2002-07-18,1.051,1.048,1.059,1.046,5903.2,600583
102,2002-07-19,1.06,1.054,1.06,1.046,7016.5,600583
103,2002-07-22,1.057,1.037,1.057,1.035,4527.52,600583
104,2002-07-23,1.035,1.022,1.041,1.021,6926.0,600583
105,2002-07-24,1.018,1.026,1.032,1.016,2872.52,600583
106,2002-07-25,1.032,1.026,1.032,1.021,1752.63,600583
107,2002-07-26,1.027,1.039,1.04,1.017,3974.98,600583
108,2002-07-29,1.041,1.041,1.041,1.032,1524.71,600583
109,2002-07-30,1.044,1.042,1.044,1.035,2055.22,600583
110,2002-07-31,1.036,1.033,1.038,1.033,1273.0,600583
111,2002-08-01,1.031,1.028,1.032,1.022,814.57,600583
112,2002-08-02,1.027,1.028,1.035,1.02,2551.03,600583
113,2002-08-05,1.027,1.044,1.047,1.022,3944.08,600583
114,2002-08-06,1.044,1.047,1.053,1.041,3307.39,600583
115,2002-08-07,1.047,1.044,1.047,1.042,2084.0,600583
116,2002-08-08,1.045,1.048,1.054,1.045,4878.02,600583
117,2002-08-09,1.047,1.033,1.047,1.033,1557.0,600583
118,2002-08-12,1.04,1.023,1.04,1.021,1673.0,600583
119,2002-08-13,1.022,1.024,1.03,1.02,732.6,600583
120,2002-08-14,1.035,1.035,1.036,1.025,1400.6,600583
121,2002-08-15,1.044,1.035,1.044,1.035,2107.5,600583
122,2002-08-16,1.036,1.039,1.042,1.032,1562.3,600583
123,2002-08-19,1.047,1.036,1.047,1.035,2426.0,600583
124,2002-08-20,1.041,1.047,1.051,1.037,3223.71,600583
125,2002-08-21,1.047,1.056,1.058,1.045,8956.39,600583
126,2002-08-22,1.058,1.06,1.07,1.054,6839.13,600583
127,2002-08-23,1.06,1.055,1.063,1.051,3747.0,600583
128,2002-08-26,1.055,1.056,1.061,1.05,1949.28,600583
129,2002-08-27,1.057,1.07,1.076,1.05,4832.41,600583
130,2002-08-28,1.072,1.072,1.079,1.066,7976.31,600583
131,2002-08-29,1.07,1.054,1.07,1.053,3242.0,600583
132,2002-08-30,1.048,1.057,1.058,1.048,2087.0,600583
133,2002-09-02,1.057,1.058,1.061,1.044,1142.0,600583
134,2002-09-03,1.058,1.057,1.066,1.054,1531.0,600583
135,2002-09-04,1.06,1.06,1.065,1.045,2895.5,600583
136,2002-09-05,1.059,1.048,1.059,1.047,2865.0,600583
137,2002-09-06,1.046,1.046,1.051,1.038,3397.4,600583
138,2002-09-09,1.044,1.044,1.047,1.033,3577.28,600583
139,2002-09-10,1.044,1.038,1.049,1.035,4244.0,600583
140,2002-09-11,1.039,1.039,1.042,1.032,2840.1,600583
141,2002-09-12,1.039,1.046,1.049,1.033,2033.0,600583
142,2002-09-13,1.044,1.047,1.047,1.038,666.0,600583
143,2002-09-16,1.041,1.03,1.044,1.028,2182.99,600583
144,2002-09-17,1.028,1.039,1.042,1.028,1965.71,600583
145,2002-09-18,1.038,1.039,1.045,1.038,498.0,600583
146,2002-09-19,1.032,1.054,1.058,1.032,2108.84,600583
147,2002-09-20,1.054,1.047,1.054,1.044,1357.47,600583
148,2002-09-23,1.039,1.047,1.057,1.039,1749.98,600583
149,2002-09-25,1.044,1.044,1.053,1.035,2866.85,600583
150,2002-09-26,1.047,1.054,1.066,1.044,8637.79,600583
151,2002-09-27,1.059,1.058,1.061,1.051,6917.3,600583
152,2002-10-08,1.058,1.059,1.059,1.044,2097.78,600583
153,2002-10-09,1.059,1.028,1.059,1.028,9908.0,600583
154,2002-10-10,1.029,1.006,1.032,1.003,8268.45,600583
155,2002-10-11,1.004,1.0,1.016,0.99,8319.0,600583
156,2002-10-14,0.999,0.999,1.005,0.983,4975.1,600583
157,2002-10-15,1.003,0.995,1.006,0.993,1258.0,600583
158,2002-10-16,1.002,1.0,1.017,1.0,2754.0,600583
159,2002-10-17,1.006,0.988,1.006,0.986,1740.0,600583
160,2002-10-18,0.988,0.993,0.997,0.985,1601.49,600583
161,2002-10-21,0.99,1.003,1.003,0.99,735.5,600583
162,2002-10-22,0.997,1.013,1.019,0.997,700.0,600583
163,2002-10-23,1.015,1.015,1.019,1.01,811.78,600583
164,2002-10-24,1.019,1.016,1.02,1.003,1658.64,600583
165,2002-10-25,1.017,1.01,1.023,1.008,1479.0,600583
166,2002-10-28,1.01,0.994,1.013,0.991,1672.8,600583
167,2002-10-29,0.99,0.995,0.996,0.985,4135.09,600583
168,2002-10-30,0.99,0.997,0.999,0.989,1172.5,600583
169,2002-10-31,0.999,0.999,1.004,0.991,698.0,600583
170,2002-11-01,0.99,0.991,0.999,0.988,3155.7,600583
171,2002-11-04,1.001,1.005,1.008,0.998,823.5,600583
172,2002-11-05,1.015,1.024,1.029,1.003,5107.96,600583
173,2002-11-06,1.024,1.016,1.024,1.008,3098.6,600583
174,2002-11-07,1.016,1.015,1.021,1.006,1350.1,600583
175,2002-11-08,1.023,0.999,1.023,0.997,3051.1,600583
176,2002-11-11,1.002,0.995,1.002,0.991,1146.5,600583
177,2002-11-12,0.995,0.978,1.0,0.971,3975.0,600583
178,2002-11-13,0.988,0.971,0.99,0.954,4050.31,600583
179,2002-11-14,0.972,0.959,0.972,0.955,2156.43,600583
180,2002-11-15,0.945,0.963,0.987,0.945,4586.02,600583
181,2002-11-18,0.958,0.957,0.965,0.955,2431.35,600583
182,2002-11-19,0.957,0.958,0.96,0.945,1372.88,600583
183,2002-11-20,0.954,0.939,0.954,0.939,1852.99,600583
184,2002-11-21,0.94,0.926,0.94,0.917,3226.11,600583
185,2002-11-22,0.923,0.92,0.932,0.904,3708.1,600583
186,2002-11-25,0.92,0.92,0.922,0.915,1120.0,600583
187,2002-11-26,0.939,0.905,0.945,0.904,1675.0,600583
188,2002-11-27,0.897,0.907,0.913,0.894,1643.0,600583
189,2002-11-28,0.904,0.926,0.927,0.902,1771.67,600583
190,2002-11-29,0.932,0.927,0.943,0.925,4058.82,600583
191,2002-12-02,0.926,0.904,0.926,0.903,1081.0,600583
192,2002-12-03,0.904,0.915,0.92,0.9,4523.45,600583
193,2002-12-04,0.916,0.932,0.937,0.913,5498.41,600583
194,2002-12-05,0.932,0.922,0.932,0.913,561.39,600583
195,2002-12-06,0.932,0.925,0.932,0.907,971.0,600583
196,2002-12-09,0.925,0.923,0.934,0.918,1460.01,600583
197,2002-12-10,0.92,0.914,0.929,0.909,435.5,600583
198,2002-12-11,0.911,0.91,0.912,0.904,1702.0,600583
199,2002-12-12,0.904,0.912,0.92,0.904,330.0,600583
200,2002-12-13,0.905,0.911,0.916,0.898,939.01,600583
201,2002-12-16,0.913,0.92,0.932,0.905,1066.42,600583
202,2002-12-17,0.914,0.918,0.925,0.914,2070.0,600583
203,2002-12-18,0.925,0.929,0.958,0.916,2369.1,600583
204,2002-12-19,0.941,0.927,0.941,0.92,1208.1,600583
205,2002-12-20,0.927,0.942,0.944,0.926,1749.3,600583
206,2002-12-23,0.932,0.942,0.954,0.932,838.8,600583
207,2002-12-24,0.939,0.943,0.95,0.936,475.68,600583
208,2002-12-25,0.945,0.938,0.954,0.936,851.41,600583
209,2002-12-26,0.94,0.914,0.94,0.914,1910.0,600583
210,2002-12-27,0.904,0.918,0.952,0.902,1223.55,600583
211,2002-12-30,0.914,0.887,0.914,0.887,1900.51,600583
212,2002-12-31,0.932,0.888,0.932,0.868,15420.32,600583
213,2003-01-02,0.87,0.855,0.887,0.85,2313.0,600583
214,2003-01-03,0.85,0.842,0.859,0.839,3051.0,600583
215,2003-01-06,0.836,0.842,0.846,0.833,2292.9,600583
216,2003-01-07,0.842,0.835,0.853,0.834,1541.0,600583
217,2003-01-08,0.836,0.862,0.866,0.836,1413.89,600583
218,2003-01-09,0.868,0.877,0.88,0.855,2541.64,600583
219,2003-01-10,0.88,0.865,0.88,0.855,3286.7,600583
220,2003-01-13,0.862,0.884,0.884,0.859,3344.39,600583
221,2003-01-14,0.884,0.936,0.944,0.881,11595.71,600583
222,2003-01-15,0.939,0.925,0.942,0.923,11921.29,600583
223,2003-01-16,0.92,0.939,0.948,0.92,10715.54,600583
224,2003-01-17,0.945,0.938,0.945,0.936,4818.08,600583
225,2003-01-20,0.939,0.933,0.94,0.926,2071.72,600583
226,2003-01-21,0.936,0.918,0.939,0.916,1382.0,600583
227,2003-01-22,0.913,0.932,0.971,0.913,4392.0,600583
228,2003-01-23,0.926,0.92,0.938,0.916,5184.5,600583
229,2003-01-24,0.914,0.952,0.953,0.914,6727.4,600583
230,2003-01-27,0.954,0.96,0.968,0.952,5062.05,600583
231,2003-01-28,0.96,0.96,0.965,0.952,1790.0,600583
232,2003-01-29,0.96,0.96,0.964,0.958,2043.93,600583
233,2003-02-10,0.968,0.966,0.977,0.96,5233.0,600583
234,2003-02-11,0.965,0.952,0.967,0.944,6624.45,600583
235,2003-02-12,0.955,0.951,0.961,0.949,4134.0,600583
236,2003-02-13,0.957,0.961,0.964,0.95,12162.63,600583
237,2003-02-14,0.971,0.96,0.972,0.958,2837.5,600583
238,2003-02-17,0.962,0.949,0.965,0.946,4479.5,600583
239,2003-02-18,0.945,0.95,0.955,0.937,2383.99,600583
240,2003-02-19,0.945,0.951,0.953,0.938,2091.0,600583
241,2003-02-20,0.952,0.956,0.963,0.944,3255.42,600583
242,2003-02-21,0.961,0.939,0.961,0.932,6475.5,600583
243,2003-02-24,0.945,0.934,0.945,0.932,2242.73,600583
244,2003-02-25,0.934,0.942,0.945,0.933,7164.34,600583
245,2003-02-26,0.944,0.946,0.948,0.938,11172.85,600583
246,2003-02-27,0.949,0.943,0.952,0.94,3679.6,600583
247,2003-02-28,0.945,0.954,0.954,0.944,4879.19,600583
248,2003-03-03,0.954,0.958,0.965,0.945,5554.5,600583
249,2003-03-04,0.961,0.954,0.963,0.952,2243.01,600583
250,2003-03-05,0.957,0.952,0.958,0.947,1998.8,600583
251,2003-03-06,0.952,0.931,0.952,0.931,2138.6,600583
252,2003-03-07,0.93,0.934,0.939,0.93,1466.0,600583
253,2003-03-10,0.936,0.918,0.938,0.918,1521.0,600583
254,2003-03-11,0.918,0.908,0.918,0.907,3558.73,600583
255,2003-03-12,0.911,0.905,0.912,0.899,3016.13,600583
256,2003-03-13,0.905,0.893,0.91,0.892,6121.3,600583
257,2003-03-14,0.893,0.894,0.899,0.891,1343.2,600583
258,2003-03-17,0.894,0.92,0.92,0.893,4584.07,600583
259,2003-03-18,0.92,0.905,0.923,0.905,3759.3,600583
260,2003-03-19,0.9,0.9,0.911,0.889,2209.0,600583
261,2003-03-20,0.9,0.9,0.91,0.894,1596.0,600583
262,2003-03-21,0.891,0.9,0.902,0.891,1415.0,600583
263,2003-03-24,0.891,0.896,0.904,0.891,3079.91,600583
264,2003-03-25,0.906,0.893,0.906,0.887,1017.99,600583
265,2003-03-26,0.891,0.889,0.896,0.888,797.73,600583
266,2003-03-27,0.891,0.899,0.913,0.88,4744.9,600583
267,2003-03-28,0.91,0.909,0.913,0.897,4687.15,600583
268,2003-03-31,0.909,0.916,0.92,0.902,3087.3,600583
269,2003-04-01,0.916,0.914,0.928,0.907,3344.32,600583
270,2003-04-02,0.914,0.921,0.923,0.913,2766.58,600583
271,2003-04-03,0.918,0.939,0.947,0.889,27438.52,600583
272,2003-04-04,0.945,0.943,0.958,0.932,12432.45,600583
273,2003-04-07,0.945,0.923,0.945,0.906,13859.72,600583
274,2003-04-08,0.918,0.919,0.92,0.909,4299.22,600583
275,2003-04-09,0.912,0.912,0.932,0.886,13235.38,600583
276,2003-04-10,0.931,0.924,0.942,0.91,28523.07,600583
277,2003-04-11,0.926,0.974,0.982,0.926,34042.44,600583
278,2003-04-14,0.976,0.992,0.997,0.976,47908.46,600583
279,2003-04-15,0.986,0.987,0.995,0.965,12166.11,600583
280,2003-04-16,0.989,0.97,1.019,0.968,20080.5,600583
281,2003-04-17,0.971,0.966,0.99,0.952,13265.83,600583
282,2003-04-18,0.971,0.981,0.985,0.959,5357.03,600583
283,2003-04-21,0.98,0.951,0.98,0.944,6589.54,600583
284,2003-04-22,0.949,0.957,0.961,0.949,3583.24,600583
285,2003-04-23,0.949,0.939,0.957,0.939,4297.0,600583
286,2003-04-24,0.938,0.932,0.94,0.927,9970.23,600583
287,2003-04-25,0.931,0.907,0.935,0.905,5058.34,600583
288,2003-04-28,0.953,0.965,0.965,0.897,20798.42,600583
289,2003-04-29,0.958,0.94,0.958,0.939,11821.91,600583
290,2003-04-30,0.939,0.953,0.955,0.932,14997.04,600583
291,2003-05-13,0.959,0.895,0.963,0.893,16868.0,600583
292,2003-05-14,0.895,0.911,0.913,0.895,6315.0,600583
293,2003-05-15,0.911,0.934,0.936,0.911,16329.44,600583
294,2003-05-16,0.932,0.924,0.932,0.918,6139.96,600583
295,2003-05-19,0.927,0.932,0.938,0.921,3906.49,600583
296,2003-05-20,0.931,0.927,0.931,0.92,5818.0,600583
297,2003-05-21,0.926,0.926,0.931,0.923,1958.49,600583
298,2003-05-22,0.916,0.925,0.929,0.907,1716.06,600583
299,2003-05-23,0.92,0.929,0.939,0.914,4832.8,600583
300,2003-05-26,0.913,0.932,0.938,0.909,5908.5,600583
301,2003-05-27,0.934,0.932,0.934,0.919,2946.08,600583
302,2003-05-28,0.934,0.951,0.956,0.926,11222.21,600583
303,2003-05-29,0.944,0.958,0.958,0.943,5793.31,600583
304,2003-05-30,0.961,0.961,0.965,0.952,6941.65,600583
305,2003-06-02,0.952,0.951,0.961,0.949,4022.79,600583
306,2003-06-03,0.961,0.955,0.981,0.954,9480.99,600583
307,2003-06-04,0.955,0.951,0.955,0.949,3937.19,600583
308,2003-06-05,0.955,0.943,0.956,0.943,4172.0,600583
309,2003-06-06,0.942,0.933,0.944,0.932,3839.7,600583
310,2003-06-09,0.929,0.92,0.932,0.918,3102.74,600583
311,2003-06-10,0.933,0.929,0.933,0.923,443.9,600583
312,2003-06-11,0.933,0.944,0.952,0.931,2195.6,600583
313,2003-06-12,0.939,0.942,0.944,0.936,1977.74,600583
314,2003-06-13,0.945,0.952,0.952,0.942,1935.84,600583
315,2003-06-16,0.952,0.939,0.952,0.934,4448.6,600583
316,2003-06-17,0.94,0.932,0.945,0.925,1356.9,600583
317,2003-06-18,0.923,0.93,0.936,0.923,1799.6,600583
318,2003-06-19,0.93,0.916,0.932,0.914,3799.2,600583
319,2003-06-20,0.916,0.916,0.922,0.915,1243.1,600583
320,2003-06-23,0.914,0.914,0.918,0.902,1311.74,600583
321,2003-06-24,0.911,0.913,0.916,0.908,1180.3,600583
322,2003-06-25,0.919,0.911,0.919,0.906,1312.0,600583
323,2003-06-26,0.903,0.911,0.916,0.902,1212.0,600583
324,2003-06-27,0.909,0.909,0.914,0.907,1093.0,600583
325,2003-06-30,0.908,0.906,0.909,0.904,1278.35,600583
326,2003-07-01,0.908,0.904,0.913,0.902,1903.0,600583
327,2003-07-02,0.894,0.895,0.899,0.891,3719.2,600583
328,2003-07-03,0.898,0.894,0.898,0.892,2443.0,600583
329,2003-07-04,0.894,0.9,0.9,0.891,1147.08,600583
330,2003-07-07,0.894,0.898,0.904,0.894,2714.45,600583
331,2003-07-08,0.899,0.884,0.902,0.882,4578.21,600583
332,2003-07-09,0.887,0.883,0.891,0.88,4873.35,600583
333,2003-07-10,0.884,0.902,0.902,0.881,5632.48,600583
334,2003-07-11,0.901,0.896,0.904,0.893,1470.46,600583
335,2003-07-14,0.896,0.917,0.917,0.896,4143.57,600583
336,2003-07-15,0.916,0.911,0.917,0.906,5769.94,600583
337,2003-07-16,0.909,0.912,0.916,0.909,1875.57,600583
338,2003-07-17,0.911,0.913,0.916,0.906,4899.98,600583
339,2003-07-18,0.913,0.907,0.922,0.904,6578.35,600583
340,2003-07-21,0.904,0.902,0.907,0.9,6392.35,600583
341,2003-07-22,0.907,0.92,0.929,0.907,2487.49,600583
342,2003-07-23,0.918,0.926,0.927,0.915,1923.78,600583
343,2003-07-24,0.925,0.918,0.926,0.918,1267.0,600583
344,2003-07-25,0.917,0.907,0.923,0.905,2512.0,600583
345,2003-07-28,0.907,0.902,0.907,0.9,2128.86,600583
346,2003-07-29,0.9,0.908,0.91,0.899,812.09,600583
347,2003-07-30,0.92,0.94,0.94,0.907,12754.92,600583
348,2003-07-31,0.937,0.938,0.944,0.9,5845.65,600583
349,2003-08-01,0.932,0.94,0.945,0.932,2572.78,600583
350,2003-08-04,0.936,0.952,0.955,0.936,4941.71,600583
351,2003-08-05,0.952,0.945,0.955,0.94,1470.0,600583
352,2003-08-06,0.944,0.938,0.944,0.932,2443.0,600583
353,2003-08-07,0.934,0.939,0.944,0.933,2769.0,600583
354,2003-08-08,0.939,0.932,0.939,0.931,1938.9,600583
355,2003-08-11,0.929,0.925,0.933,0.92,3990.5,600583
356,2003-08-12,0.925,0.931,0.933,0.925,1776.0,600583
357,2003-08-13,0.927,0.92,0.929,0.92,1963.0,600583
358,2003-08-14,0.92,0.913,0.933,0.91,4180.2,600583
359,2003-08-15,0.908,0.904,0.913,0.897,4904.1,600583
360,2003-08-18,0.902,0.905,0.913,0.899,748.7,600583
361,2003-08-19,0.9,0.913,0.924,0.9,215.0,600583
362,2003-08-20,0.916,0.914,0.916,0.91,1210.0,600583
363,2003-08-21,0.92,0.919,0.922,0.913,588.9,600583
364,2003-08-22,0.92,0.918,0.923,0.916,1582.0,600583
365,2003-08-25,0.914,0.916,0.923,0.901,1574.14,600583
366,2003-08-26,0.913,0.919,0.923,0.913,5925.82,600583
367,2003-08-27,0.923,0.918,0.926,0.918,1091.0,600583
368,2003-08-28,0.918,0.913,0.922,0.907,2289.0,600583
369,2003-08-29,0.912,0.918,0.92,0.908,1491.24,600583
370,2003-09-01,0.918,0.931,0.936,0.918,1422.09,600583
371,2003-09-02,0.932,0.932,0.944,0.93,1665.8,600583
372,2003-09-03,0.927,0.923,0.932,0.92,924.4,600583
373,2003-09-04,0.919,0.925,0.932,0.919,1010.14,600583
374,2003-09-05,0.927,0.932,0.939,0.922,2786.3,600583
375,2003-09-08,0.932,0.937,0.942,0.932,1814.4,600583
376,2003-09-09,0.939,0.932,0.939,0.923,927.41,600583
377,2003-09-10,0.926,0.932,0.936,0.923,551.0,600583
378,2003-09-11,0.93,0.929,0.934,0.925,2458.46,600583
379,2003-09-12,0.923,0.918,0.926,0.917,1780.0,600583
380,2003-09-15,0.907,0.919,0.923,0.907,1644.1,600583
381,2003-09-16,0.913,0.92,0.928,0.911,1530.5,600583
382,2003-09-17,0.914,0.92,0.922,0.914,1101.89,600583
383,2003-09-18,0.911,0.913,0.92,0.911,2328.0,600583
384,2003-09-19,0.911,0.918,0.926,0.911,2232.5,600583
385,2003-09-22,0.914,0.916,0.925,0.913,2535.0,600583
386,2003-09-24,0.92,0.921,0.929,0.912,2207.1,600583
387,2003-09-25,0.927,0.912,0.927,0.911,595.3,600583
388,2003-09-26,0.911,0.91,0.92,0.909,2119.01,600583
389,2003-09-29,0.91,0.916,0.916,0.91,1811.8,600583
390,2003-09-30,0.918,0.917,0.923,0.911,701.0,600583
391,2003-10-08,0.911,0.92,0.923,0.911,794.0,600583
392,2003-10-09,0.92,0.932,0.936,0.919,1328.09,600583
393,2003-10-10,0.938,0.945,0.95,0.928,2791.25,600583
394,2003-10-13,0.94,0.945,0.963,0.94,9022.47,600583
395,2003-10-14,0.942,0.945,0.952,0.942,4277.0,600583
396,2003-10-15,0.948,0.94,0.962,0.933,1294.2,600583
397,2003-10-16,0.934,0.933,0.939,0.926,1078.04,600583
398,2003-10-17,0.935,0.945,0.952,0.928,1768.56,600583
399,2003-10-20,0.95,0.933,0.952,0.93,1351.8,600583
400,2003-10-21,0.933,0.933,0.933,0.925,765.33,600583
401,2003-10-22,0.941,0.951,0.962,0.933,4256.4,600583
402,2003-10-23,0.953,0.965,0.972,0.951,17670.59,600583
403,2003-10-24,0.965,0.965,0.969,0.958,2131.81,600583
404,2003-10-27,0.962,0.962,0.967,0.956,3626.21,600583
405,2003-10-28,0.962,0.972,0.98,0.962,7889.62,600583
406,2003-10-29,0.975,0.97,0.975,0.953,4608.66,600583
407,2003-10-30,0.971,0.963,0.972,0.958,2781.34,600583
408,2003-10-31,0.96,0.971,0.98,0.96,2467.87,600583
409,2003-11-03,0.972,0.984,0.985,0.97,4133.32,600583
410,2003-11-04,0.984,0.99,0.999,0.977,9258.68,600583
411,2003-11-05,0.996,0.975,0.996,0.972,3413.8,600583
412,2003-11-06,0.98,0.97,0.982,0.965,4355.02,600583
413,2003-11-07,0.969,0.961,0.97,0.953,6593.66,600583
414,2003-11-10,0.96,0.969,0.969,0.955,1463.05,600583
415,2003-11-11,0.971,0.969,0.973,0.957,3803.56,600583
416,2003-11-12,0.965,0.948,0.968,0.946,9831.41,600583
417,2003-11-13,0.944,0.948,0.953,0.944,5172.16,600583
418,2003-11-14,0.948,0.958,0.962,0.948,11525.66,600583
419,2003-11-17,0.955,0.96,0.965,0.955,965.15,600583
420,2003-11-18,0.951,0.945,0.962,0.942,4036.09,600583
421,2003-11-19,0.94,0.948,0.951,0.94,2471.0,600583
422,2003-11-20,0.961,0.962,0.965,0.947,5036.48,600583
423,2003-11-21,0.965,0.955,0.968,0.951,2256.3,600583
424,2003-11-24,0.955,0.96,0.965,0.944,3605.17,600583
425,2003-11-25,0.969,0.964,0.972,0.955,7907.15,600583
426,2003-11-26,0.962,0.962,0.962,0.953,4660.33,600583
427,2003-11-27,0.959,0.955,0.964,0.955,4388.21,600583
428,2003-11-28,0.955,0.95,0.958,0.946,6037.0,600583
429,2003-12-01,0.945,0.953,0.96,0.941,5390.11,600583
430,2003-12-02,0.953,0.962,0.973,0.949,8433.55,600583
431,2003-12-03,0.959,0.969,0.975,0.959,8187.78,600583
432,2003-12-04,0.969,0.969,0.971,0.962,3115.5,600583
433,2003-12-05,0.97,0.969,0.975,0.958,7960.4,600583
434,2003-12-08,0.976,0.98,0.995,0.97,10705.07,600583
435,2003-12-09,0.986,0.987,0.987,0.976,6249.18,600583
436,2003-12-10,0.983,0.989,0.999,0.976,8228.7,600583
437,2003-12-11,0.987,0.98,0.987,0.975,6339.29,600583
438,2003-12-12,0.976,0.98,0.982,0.975,2702.7,600583
439,2003-12-15,0.98,0.972,0.98,0.968,4097.28,600583
440,2003-12-16,0.965,0.972,0.975,0.959,4690.73,600583
441,2003-12-17,0.972,0.977,0.992,0.972,8601.51,600583
442,2003-12-18,0.98,1.022,1.044,0.98,41127.55,600583
443,2003-12-19,1.017,1.024,1.037,1.015,18469.03,600583
444,2003-12-22,1.024,1.027,1.039,1.016,14155.63,600583
445,2003-12-23,1.034,1.051,1.052,1.027,23448.54,600583
446,2003-12-24,1.049,1.036,1.051,1.027,14973.41,600583
447,2003-12-25,1.036,1.032,1.04,1.023,9797.46,600583
448,2003-12-26,1.032,1.032,1.049,1.024,9717.86,600583
449,2003-12-29,1.017,1.019,1.027,1.015,9461.17,600583
450,2003-12-30,1.019,1.022,1.033,1.018,5476.39,600583
451,2003-12-31,1.033,1.039,1.047,1.016,6598.94,600583
452,2004-01-02,1.026,1.024,1.046,1.019,3606.4,600583
453,2004-01-05,1.026,1.056,1.058,1.019,12961.75,600583
454,2004-01-06,1.061,1.048,1.061,1.039,15341.21,600583
455,2004-01-07,1.051,1.039,1.053,1.037,15034.45,600583
456,2004-01-08,1.042,1.052,1.065,1.033,20284.25,600583
457,2004-01-09,1.06,1.054,1.086,1.046,15139.67,600583
458,2004-01-12,1.056,1.061,1.066,1.04,16765.66,600583
459,2004-01-13,1.065,1.093,1.098,1.065,20337.37,600583
460,2004-01-15,1.087,1.054,1.104,1.054,22097.94,600583
461,2004-01-16,1.052,1.042,1.06,1.029,14428.0,600583
462,2004-01-29,1.044,1.044,1.06,1.041,11540.5,600583
463,2004-01-30,1.047,1.024,1.047,1.022,11450.76,600583
464,2004-02-02,1.033,1.047,1.054,1.012,21148.47,600583
465,2004-02-03,1.062,1.054,1.077,1.044,20554.15,600583
466,2004-02-04,1.067,1.074,1.091,1.061,19077.52,600583
467,2004-02-05,1.076,1.104,1.11,1.069,34381.53,600583
468,2004-02-06,1.097,1.105,1.133,1.083,19166.05,600583
469,2004-02-09,1.105,1.14,1.158,1.105,31861.69,600583
470,2004-02-10,1.143,1.128,1.147,1.123,19752.41,600583
471,2004-02-11,1.126,1.118,1.127,1.104,13378.39,600583
472,2004-02-12,1.118,1.099,1.126,1.094,8979.33,600583
473,2004-02-13,1.094,1.118,1.123,1.094,7109.91,600583
474,2004-02-16,1.122,1.122,1.132,1.115,13573.68,600583
475,2004-02-17,1.126,1.131,1.156,1.124,16881.86,600583
476,2004-02-18,1.129,1.136,1.138,1.114,14539.83,600583
477,2004-02-19,1.133,1.125,1.14,1.115,12111.79,600583
478,2004-02-20,1.118,1.119,1.132,1.111,7146.12,600583
479,2004-02-23,1.116,1.097,1.14,1.096,9810.35,600583
480,2004-02-24,1.101,1.1,1.111,1.091,10811.47,600583
481,2004-02-25,1.105,1.086,1.111,1.076,10748.68,600583
482,2004-02-26,1.083,1.077,1.089,1.066,13067.29,600583
483,2004-02-27,1.077,1.086,1.094,1.069,9992.77,600583
484,2004-03-01,1.086,1.093,1.104,1.073,6886.34,600583
485,2004-03-02,1.094,1.086,1.099,1.077,5435.01,600583
486,2004-03-03,1.083,1.063,1.089,1.062,5555.13,600583
487,2004-03-04,1.06,1.069,1.072,1.052,10464.16,600583
488,2004-03-05,1.069,1.079,1.086,1.061,5582.0,600583
489,2004-03-08,1.079,1.096,1.128,1.079,19984.48,600583
490,2004-03-09,1.111,1.104,1.131,1.101,18673.38,600583
491,2004-03-10,1.111,1.185,1.212,1.111,43859.89,600583
492,2004-03-11,1.195,1.19,1.204,1.175,27871.14,600583
493,2004-03-12,1.197,1.208,1.245,1.19,59817.93,600583
494,2004-03-15,1.209,1.225,1.229,1.197,32889.54,600583
495,2004-03-16,1.23,1.224,1.231,1.208,21245.38,600583
496,2004-03-17,1.224,1.215,1.227,1.203,13275.07,600583
497,2004-03-18,1.215,1.215,1.239,1.211,24111.17,600583
498,2004-03-19,1.215,1.222,1.227,1.204,14555.17,600583
499,2004-03-22,1.225,1.225,1.229,1.21,12724.83,600583
500,2004-03-23,1.224,1.227,1.229,1.211,10734.82,600583
501,2004-03-24,1.225,1.265,1.297,1.22,29862.72,600583
502,2004-03-25,1.261,1.261,1.27,1.251,9448.16,600583
503,2004-03-26,1.254,1.269,1.275,1.245,9860.74,600583
504,2004-03-29,1.269,1.277,1.322,1.23,16775.15,600583
505,2004-03-30,1.277,1.318,1.322,1.269,14850.01,600583
506,2004-03-31,1.318,1.319,1.332,1.305,12669.28,600583
507,2004-04-01,1.325,1.311,1.334,1.305,9544.19,600583
508,2004-04-02,1.317,1.333,1.345,1.302,18131.49,600583
509,2004-04-05,1.338,1.339,1.362,1.329,12622.28,600583
510,2004-04-06,1.34,1.354,1.371,1.331,11319.15,600583
511,2004-04-07,1.352,1.373,1.379,1.348,12642.64,600583
512,2004-04-08,1.371,1.431,1.44,1.365,37383.72,600583
513,2004-04-09,1.431,1.389,1.439,1.388,27115.37,600583
514,2004-04-12,1.378,1.339,1.395,1.328,35501.87,600583
515,2004-04-13,1.339,1.321,1.368,1.32,19018.92,600583
516,2004-04-14,1.318,1.316,1.336,1.307,20925.21,600583
517,2004-04-15,1.316,1.282,1.329,1.274,53551.35,600583
518,2004-04-16,1.283,1.317,1.322,1.276,17600.31,600583
519,2004-04-20,1.307,1.296,1.311,1.275,13581.48,600583
520,2004-04-21,1.298,1.265,1.3,1.261,20629.56,600583
521,2004-04-22,1.265,1.282,1.285,1.265,6163.21,600583
522,2004-04-23,1.268,1.281,1.304,1.268,10655.62,600583
523,2004-04-26,1.281,1.301,1.307,1.281,10848.91,600583
524,2004-04-27,1.307,1.29,1.307,1.284,12378.18,600583
525,2004-04-28,1.286,1.293,1.304,1.254,20087.86,600583
526,2004-04-29,1.282,1.252,1.294,1.25,7794.9,600583
527,2004-04-30,1.254,1.255,1.268,1.242,8213.48,600583
528,2004-05-10,1.274,1.226,1.281,1.225,4021.78,600583
529,2004-05-11,1.219,1.246,1.246,1.219,3449.18,600583
530,2004-05-12,1.247,1.269,1.275,1.246,5554.57,600583
531,2004-05-13,1.28,1.272,1.28,1.262,3156.33,600583
532,2004-05-14,1.282,1.287,1.317,1.272,15099.87,600583
533,2004-05-17,1.287,1.272,1.293,1.255,5727.9,600583
534,2004-05-18,1.268,1.236,1.27,1.213,13757.48,600583
535,2004-05-19,1.236,1.222,1.246,1.22,6002.0,600583
536,2004-05-20,1.222,1.235,1.245,1.217,5129.28,600583
537,2004-05-21,1.245,1.257,1.263,1.238,5155.17,600583
538,2004-05-24,1.257,1.252,1.27,1.247,3650.47,600583
539,2004-05-25,1.252,1.251,1.272,1.229,10397.88,600583
540,2004-05-26,1.232,1.26,1.268,1.229,3610.15,600583
541,2004-05-27,1.268,1.286,1.293,1.259,6416.5,600583
542,2004-05-28,1.285,1.273,1.288,1.263,2744.73,600583
543,2004-06-01,1.273,1.306,1.313,1.273,8984.84,600583
544,2004-06-02,1.31,1.312,1.331,1.305,7391.66,600583
545,2004-06-03,1.306,1.278,1.314,1.268,5747.03,600583
546,2004-06-04,1.272,1.273,1.28,1.261,3559.14,600583
547,2004-06-07,1.253,1.253,1.269,1.238,3291.26,600583
548,2004-06-08,1.236,1.242,1.255,1.227,12012.51,600583
549,2004-06-09,1.23,1.203,1.253,1.186,30543.45,600583
550,2004-06-10,1.195,1.207,1.218,1.189,11905.71,600583
551,2004-06-11,1.203,1.189,1.232,1.189,6640.1,600583
552,2004-06-14,1.189,1.203,1.227,1.171,18349.65,600583
553,2004-06-15,1.208,1.205,1.213,1.186,9590.11,600583
554,2004-06-16,1.205,1.215,1.226,1.194,5846.64,600583
555,2004-06-17,1.214,1.192,1.225,1.186,4594.81,600583
556,2004-06-18,1.199,1.204,1.208,1.174,8312.12,600583
557,2004-06-21,1.196,1.195,1.202,1.182,2906.44,600583
558,2004-06-22,1.201,1.204,1.212,1.189,7762.4,600583
559,2004-06-23,1.21,1.19,1.21,1.186,11177.44,600583
560,2004-06-24,1.191,1.151,1.195,1.139,21413.7,600583
561,2004-06-25,1.143,1.134,1.16,1.13,6556.48,600583
562,2004-06-28,1.126,1.132,1.142,1.116,8985.93,600583
563,2004-06-29,1.132,1.157,1.165,1.124,12457.99,600583
564,2004-06-30,1.16,1.166,1.171,1.151,14626.24,600583
565,2004-07-01,1.152,1.193,1.203,1.152,10669.72,600583
566,2004-07-02,1.193,1.206,1.211,1.185,3650.04,600583
567,2004-07-05,1.203,1.203,1.203,1.187,3846.3,600583
568,2004-07-06,1.203,1.215,1.245,1.2,9818.0,600583
569,2004-07-07,1.217,1.219,1.22,1.203,1795.28,600583
570,2004-07-08,1.205,1.221,1.233,1.205,2113.0,600583
571,2004-07-09,1.22,1.214,1.229,1.214,2424.29,600583
572,2004-07-12,1.187,1.196,1.208,1.187,7279.61,600583
573,2004-07-13,1.194,1.202,1.203,1.177,1368.05,600583
574,2004-07-14,1.21,1.226,1.226,1.196,9254.4,600583
575,2004-07-15,1.255,1.342,1.345,1.246,30487.95,600583
576,2004-07-16,1.343,1.355,1.384,1.332,25278.09,600583
577,2004-07-19,1.355,1.381,1.385,1.338,20163.45,600583
578,2004-07-20,1.375,1.375,1.392,1.358,20850.27,600583
579,2004-07-21,1.373,1.361,1.373,1.336,11303.33,600583
580,2004-07-22,1.356,1.338,1.37,1.336,17594.78,600583
581,2004-07-23,1.332,1.399,1.401,1.324,30003.86,600583
582,2004-07-26,1.392,1.38,1.416,1.368,23623.86,600583
583,2004-07-27,1.378,1.386,1.404,1.367,18186.16,600583
584,2004-07-28,1.388,1.407,1.425,1.383,10615.53,600583
585,2004-07-29,1.41,1.394,1.416,1.379,10054.6,600583
586,2004-07-30,1.386,1.371,1.394,1.371,11592.86,600583
587,2004-08-02,1.367,1.361,1.367,1.343,8848.76,600583
588,2004-08-03,1.348,1.335,1.37,1.332,8869.94,600583
589,2004-08-04,1.333,1.375,1.384,1.33,12035.22,600583
590,2004-08-05,1.375,1.358,1.391,1.35,4640.08,600583
591,2004-08-06,1.356,1.379,1.384,1.353,5221.45,600583
592,2004-08-09,1.379,1.407,1.41,1.373,9118.04,600583
593,2004-08-10,1.444,1.461,1.463,1.409,35426.77,600583
594,2004-08-11,1.466,1.43,1.474,1.422,17220.93,600583
595,2004-08-12,1.419,1.44,1.444,1.392,9609.0,600583
596,2004-08-13,1.431,1.479,1.481,1.428,13199.14,600583
597,2004-08-16,1.484,1.451,1.495,1.445,10504.84,600583
598,2004-08-17,1.445,1.451,1.459,1.422,7013.81,600583
599,2004-08-18,1.448,1.47,1.477,1.438,12750.86,600583
600,2004-08-19,1.465,1.468,1.477,1.446,6320.23,600583
601,2004-08-20,1.459,1.476,1.483,1.453,5416.74,600583
602,2004-08-23,1.483,1.431,1.492,1.419,10855.3,600583
603,2004-08-24,1.435,1.424,1.444,1.411,6525.08,600583
604,2004-08-25,1.418,1.428,1.443,1.418,2415.65,600583
605,2004-08-26,1.428,1.433,1.442,1.419,4540.92,600583
606,2004-08-27,1.427,1.373,1.44,1.362,24822.89,600583
607,2004-08-30,1.362,1.355,1.366,1.345,10555.63,600583
608,2004-08-31,1.384,1.381,1.389,1.356,5995.8,600583
609,2004-09-01,1.358,1.362,1.384,1.355,3183.0,600583
610,2004-09-02,1.359,1.394,1.399,1.341,2984.77,600583
611,2004-09-03,1.397,1.41,1.413,1.382,3372.4,600583
612,2004-09-06,1.401,1.398,1.436,1.398,6763.97,600583
613,2004-09-07,1.414,1.391,1.414,1.368,1994.53,600583
614,2004-09-08,1.392,1.394,1.41,1.377,2324.08,600583
615,2004-09-09,1.408,1.369,1.408,1.367,5720.1,600583
616,2004-09-10,1.371,1.393,1.397,1.354,5546.16,600583
617,2004-09-13,1.359,1.376,1.389,1.359,6910.54,600583
618,2004-09-14,1.391,1.425,1.427,1.384,9363.95,600583
619,2004-09-15,1.434,1.471,1.494,1.415,29094.22,600583
620,2004-09-16,1.47,1.486,1.491,1.452,18698.94,600583
621,2004-09-17,1.49,1.546,1.553,1.47,52407.43,600583
622,2004-09-20,1.549,1.561,1.562,1.531,42029.9,600583
623,2004-09-21,1.552,1.539,1.561,1.521,17441.3,600583
624,2004-09-22,1.517,1.528,1.538,1.495,22659.53,600583
625,2004-09-23,1.533,1.68,1.681,1.52,47295.19,600583
626,2004-09-24,1.713,1.593,1.732,1.578,60780.81,600583
627,2004-09-27,1.624,1.599,1.646,1.59,24281.47,600583
628,2004-09-28,1.605,1.649,1.667,1.603,18015.77,600583
629,2004-09-29,1.654,1.652,1.68,1.635,10393.78,600583
630,2004-09-30,1.652,1.661,1.702,1.635,15870.89,600583
631,2004-10-08,1.676,1.79,1.803,1.661,26931.84,600583
632,2004-10-12,1.777,1.718,1.777,1.702,34328.19,600583
633,2004-10-13,1.704,1.833,1.846,1.704,35546.06,600583
634,2004-10-14,1.813,1.733,1.847,1.721,28805.92,600583
635,2004-10-15,1.734,1.779,1.819,1.734,30254.0,600583
636,2004-10-18,1.776,1.739,1.795,1.702,27870.82,600583
637,2004-10-19,1.739,1.724,1.764,1.719,16612.07,600583
638,2004-10-20,1.717,1.768,1.769,1.672,16849.89,600583
639,2004-10-21,1.76,1.792,1.833,1.752,21291.08,600583
640,2004-10-22,1.796,1.838,1.86,1.783,27302.69,600583
641,2004-10-25,1.891,1.791,1.893,1.788,19052.61,600583
642,2004-10-26,1.788,1.836,1.856,1.788,16194.08,600583
643,2004-10-27,1.839,1.803,1.856,1.788,17406.87,600583
644,2004-10-28,1.796,1.765,1.804,1.743,21674.94,600583
645,2004-10-29,1.717,1.708,1.754,1.678,25345.31,600583
646,2004-11-01,1.702,1.709,1.743,1.693,11811.63,600583
647,2004-11-02,1.708,1.696,1.728,1.679,15594.91,600583
648,2004-11-03,1.697,1.722,1.728,1.683,12200.1,600583
649,2004-11-04,1.721,1.639,1.736,1.624,43868.09,600583
650,2004-11-05,1.625,1.657,1.663,1.625,22944.81,600583
651,2004-11-08,1.649,1.688,1.693,1.635,7337.86,600583
652,2004-11-09,1.683,1.738,1.747,1.683,12826.64,600583
653,2004-11-10,1.746,1.78,1.813,1.732,14126.76,600583
654,2004-11-11,1.77,1.77,1.805,1.755,14622.64,600583
655,2004-11-12,1.762,1.753,1.775,1.731,6672.51,600583
656,2004-11-15,1.764,1.753,1.775,1.736,6390.8,600583
657,2004-11-16,1.748,1.778,1.788,1.745,6966.83,600583
658,2004-11-17,1.779,1.758,1.779,1.747,3723.1,600583
659,2004-11-18,1.74,1.773,1.777,1.74,6275.99,600583
660,2004-11-19,1.77,1.758,1.774,1.74,3971.47,600583
661,2004-11-22,1.753,1.703,1.762,1.701,14393.05,600583
662,2004-11-23,1.703,1.72,1.721,1.702,5510.17,600583
663,2004-11-24,1.719,1.704,1.719,1.7,4126.12,600583
664,2004-11-25,1.701,1.706,1.719,1.694,3997.99,600583
665,2004-11-26,1.702,1.713,1.717,1.702,884.13,600583
666,2004-11-29,1.71,1.657,1.715,1.65,6472.97,600583
667,2004-11-30,1.658,1.654,1.676,1.642,3640.64,600583
668,2004-12-01,1.655,1.655,1.676,1.648,3741.91,600583
669,2004-12-02,1.655,1.643,1.655,1.633,5602.2,600583
670,2004-12-03,1.642,1.646,1.675,1.64,2704.92,600583
671,2004-12-06,1.646,1.617,1.655,1.605,4723.39,600583
672,2004-12-07,1.6,1.595,1.622,1.594,5092.04,600583
673,2004-12-08,1.633,1.611,1.639,1.599,14114.13,600583
674,2004-12-09,1.61,1.633,1.654,1.599,5286.74,600583
675,2004-12-10,1.664,1.611,1.664,1.608,2094.95,600583
676,2004-12-13,1.607,1.612,1.629,1.593,5330.74,600583
677,2004-12-14,1.612,1.632,1.637,1.599,2804.24,600583
678,2004-12-15,1.639,1.646,1.654,1.621,4834.7,600583
679,2004-12-16,1.645,1.638,1.65,1.634,2784.17,600583
680,2004-12-17,1.647,1.636,1.649,1.631,2555.09,600583
681,2004-12-20,1.632,1.617,1.632,1.599,5084.77,600583
682,2004-12-21,1.615,1.622,1.629,1.615,4007.26,600583
683,2004-12-22,1.621,1.654,1.654,1.62,9319.22,600583
684,2004-12-23,1.655,1.664,1.676,1.646,8689.53,600583
685,2004-12-24,1.663,1.663,1.673,1.654,1940.31,600583
686,2004-12-27,1.659,1.659,1.676,1.646,2668.02,600583
687,2004-12-28,1.65,1.697,1.7,1.65,7033.5,600583
688,2004-12-29,1.702,1.685,1.706,1.669,6467.37,600583
689,2004-12-30,1.685,1.706,1.71,1.67,12829.65,600583
690,2004-12-31,1.599,1.68,1.753,1.599,27912.83,600583
691,2005-01-04,1.617,1.632,1.644,1.617,8332.0,600583
692,2005-01-05,1.624,1.636,1.649,1.624,5519.8,600583
693,2005-01-06,1.645,1.63,1.645,1.61,5639.0,600583
694,2005-01-07,1.614,1.66,1.666,1.599,8349.09,600583
695,2005-01-10,1.648,1.633,1.648,1.605,3785.19,600583
696,2005-01-11,1.627,1.691,1.718,1.627,10000.75,600583
697,2005-01-12,1.69,1.694,1.702,1.665,1654.51,600583
698,2005-01-13,1.689,1.702,1.706,1.672,1898.01,600583
699,2005-01-14,1.702,1.689,1.725,1.682,10604.09,600583
700,2005-01-17,1.672,1.659,1.672,1.641,2869.77,600583
701,2005-01-18,1.647,1.669,1.676,1.634,1408.55,600583
702,2005-01-19,1.659,1.651,1.667,1.631,2688.66,600583
703,2005-01-20,1.633,1.673,1.685,1.607,10119.58,600583
704,2005-01-21,1.667,1.691,1.7,1.642,2970.34,600583
705,2005-01-24,1.715,1.719,1.725,1.691,5766.43,600583
706,2005-01-25,1.706,1.762,1.768,1.686,14623.73,600583
707,2005-01-26,1.761,1.754,1.777,1.741,7674.61,600583
708,2005-01-27,1.745,1.707,1.745,1.69,9778.19,600583
709,2005-01-28,1.702,1.745,1.747,1.697,6376.93,600583
710,2005-01-31,1.745,1.745,1.796,1.728,10183.49,600583
711,2005-02-01,1.763,1.673,1.763,1.629,41193.77,600583
712,2005-02-02,1.65,1.762,1.779,1.634,20660.1,600583
713,2005-02-03,1.77,1.773,1.807,1.737,14298.43,600583
714,2005-02-04,1.751,1.789,1.805,1.75,8734.19,600583
715,2005-02-16,1.805,1.831,1.831,1.788,6262.99,600583
716,2005-02-17,1.831,1.814,1.831,1.789,5989.93,600583
717,2005-02-18,1.803,1.842,1.844,1.802,7020.71,600583
718,2005-02-21,1.844,1.883,1.885,1.83,7636.54,600583
719,2005-02-22,1.881,1.913,1.941,1.864,10195.71,600583
720,2005-02-23,1.911,1.914,1.945,1.887,7767.89,600583
721,2005-02-24,1.912,1.925,1.939,1.891,6613.92,600583
722,2005-02-25,1.917,1.997,2.044,1.917,19002.61,600583
723,2005-02-28,1.994,1.986,2.02,1.975,21996.68,600583
724,2005-03-01,1.984,2.014,2.018,1.964,12111.45,600583
725,2005-03-02,2.005,1.966,2.061,1.96,19055.85,600583
726,2005-03-03,1.96,2.017,2.019,1.957,4174.56,600583
727,2005-03-04,2.009,2.061,2.08,2.009,21408.09,600583
728,2005-03-07,2.076,2.131,2.137,2.071,19634.33,600583
729,2005-03-08,2.147,2.133,2.22,2.131,30888.34,600583
730,2005-03-09,2.131,2.168,2.199,2.11,10549.28,600583
731,2005-03-10,2.149,2.126,2.166,2.112,8801.98,600583
732,2005-03-11,2.13,2.216,2.22,2.111,12022.25,600583
733,2005-03-14,2.233,2.226,2.303,2.216,27109.61,600583
734,2005-03-15,2.222,2.192,2.243,2.178,13666.25,600583
735,2005-03-16,2.149,2.249,2.265,2.106,27030.66,600583
736,2005-03-17,2.247,2.326,2.379,2.218,22754.58,600583
737,2005-03-18,2.303,2.303,2.383,2.293,16363.53,600583
738,2005-03-21,2.297,2.35,2.372,2.222,13515.73,600583
739,2005-03-22,2.351,2.428,2.449,2.351,15956.94,600583
740,2005-03-23,2.428,2.322,2.468,2.302,19683.86,600583
741,2005-03-24,2.321,2.269,2.321,2.193,36004.43,600583
742,2005-03-25,2.234,2.278,2.309,2.234,10026.48,600583
743,2005-03-28,2.272,2.32,2.337,2.252,9089.78,600583
744,2005-03-29,2.32,2.271,2.355,2.269,11144.46,600583
745,2005-03-30,2.252,2.186,2.267,2.181,21205.58,600583
746,2005-03-31,2.165,2.231,2.235,2.157,9453.74,600583
747,2005-04-01,2.209,2.321,2.394,2.205,13378.53,600583
748,2005-04-04,2.304,2.313,2.362,2.261,6991.77,600583
749,2005-04-05,2.305,2.403,2.424,2.283,14417.17,600583
750,2005-04-06,2.406,2.51,2.531,2.398,15497.63,600583
751,2005-04-07,2.518,2.482,2.56,2.442,15812.77,600583
752,2005-04-08,2.467,2.466,2.492,2.422,8287.17,600583
753,2005-04-11,2.454,2.361,2.454,2.342,14854.85,600583
754,2005-04-12,2.345,2.349,2.383,2.303,9980.23,600583
755,2005-04-13,2.366,2.398,2.406,2.338,12003.09,600583
756,2005-04-14,2.398,2.37,2.405,2.37,7373.48,600583
757,2005-04-15,2.355,2.327,2.357,2.321,10962.59,600583
758,2005-04-19,2.303,2.296,2.338,2.252,5549.22,600583
759,2005-04-20,2.278,2.376,2.382,2.278,12409.1,600583
760,2005-04-21,2.376,2.448,2.449,2.359,6247.7,600583
761,2005-04-22,2.458,2.4,2.458,2.381,6163.21,600583
762,2005-04-25,2.363,2.387,2.419,2.321,8354.58,600583
763,2005-04-26,2.389,2.433,2.448,2.355,10921.08,600583
764,2005-04-27,2.433,2.501,2.542,2.421,11086.59,600583
765,2005-04-28,2.525,2.49,2.525,2.467,5628.37,600583
766,2005-04-29,2.492,2.472,2.51,2.406,8061.84,600583
767,2005-05-09,2.458,2.372,2.458,2.372,11282.5,600583
768,2005-05-10,2.347,2.412,2.449,2.26,22998.13,600583
769,2005-05-11,2.404,2.29,2.404,2.278,4453.4,600583
770,2005-05-12,2.268,2.268,2.36,2.203,8076.33,600583
771,2005-05-13,2.262,2.234,2.273,2.143,32529.46,600583
772,2005-05-16,2.174,2.26,2.271,2.17,5434.34,600583
773,2005-05-17,2.256,2.273,2.308,2.22,3073.7,600583
774,2005-05-18,2.257,2.175,2.298,2.131,17017.51,600583
775,2005-05-19,2.143,2.142,2.174,2.06,27247.48,600583
776,2005-05-20,2.102,2.173,2.179,2.092,5293.14,600583
777,2005-05-23,2.135,2.12,2.154,2.096,4632.14,600583
778,2005-05-24,2.146,2.112,2.146,2.07,6640.29,600583
779,2005-05-25,2.106,2.133,2.172,2.086,3034.06,600583
780,2005-05-26,2.122,2.13,2.163,2.12,2598.29,600583
781,2005-05-27,2.122,2.058,2.138,2.041,11449.81,600583
782,2005-05-30,2.05,2.071,2.086,2.006,5162.21,600583
783,2005-05-31,2.089,2.091,2.11,2.063,6060.43,600583
784,2005-06-01,2.077,2.051,2.091,2.018,5787.6,600583
785,2005-06-02,2.06,1.957,2.07,1.887,22934.21,600583
786,2005-06-03,1.923,1.961,1.971,1.889,13636.55,600583
787,2005-06-06,1.953,2.115,2.153,1.902,9798.58,600583
788,2005-06-07,2.122,2.134,2.213,2.071,21014.73,600583
789,2005-06-08,2.117,2.348,2.348,2.117,29713.89,600583
790,2005-06-09,2.359,2.392,2.472,2.329,19971.55,600583
791,2005-06-10,2.381,2.372,2.484,2.351,14554.91,600583
792,2005-06-13,2.379,2.298,2.381,2.277,9602.72,600583
793,2005-06-14,2.313,2.301,2.37,2.294,13026.79,600583
794,2005-06-15,2.298,2.278,2.298,2.213,9225.29,600583
795,2005-06-16,2.267,2.359,2.36,2.246,8200.24,600583
796,2005-06-17,2.377,2.329,2.377,2.308,4151.4,600583
797,2005-06-20,2.346,2.484,2.515,2.305,16756.07,600583
798,2005-06-21,2.479,2.449,2.491,2.434,5763.91,600583
799,2005-06-22,2.444,2.491,2.52,2.441,14329.99,600583
800,2005-06-23,2.495,2.475,2.522,2.453,6551.55,600583
801,2005-06-24,2.465,2.445,2.475,2.423,16229.28,600583
802,2005-06-27,2.483,2.468,2.515,2.435,20204.4,600583
803,2005-06-28,2.464,2.411,2.464,2.399,9407.54,600583
804,2005-06-29,2.407,2.432,2.443,2.406,2662.07,600583
805,2005-06-30,2.428,2.411,2.45,2.365,9806.21,600583
806,2005-07-01,2.389,2.382,2.4,2.355,11455.29,600583
807,2005-07-04,2.361,2.388,2.412,2.288,9257.21,600583
808,2005-07-05,2.369,2.304,2.381,2.277,17215.52,600583
809,2005-07-06,2.241,2.15,2.287,2.079,31716.68,600583
810,2005-07-07,2.127,2.142,2.173,2.096,4503.63,600583
811,2005-07-08,2.132,2.152,2.163,2.112,6458.5,600583
812,2005-07-11,2.171,2.157,2.224,2.145,4342.84,600583
813,2005-07-12,2.083,2.227,2.236,2.083,12908.66,600583
814,2005-07-13,2.224,2.235,2.265,2.194,1952.84,600583
815,2005-07-14,2.241,2.266,2.27,2.225,1557.01,600583
816,2005-07-15,2.247,2.233,2.293,2.23,1163.8,600583
817,2005-07-18,2.223,2.206,2.225,2.153,8822.65,600583
818,2005-07-19,2.195,2.15,2.205,2.081,7545.8,600583
819,2005-07-20,2.101,2.114,2.149,2.051,11364.48,600583
820,2005-07-21,2.092,2.112,2.118,2.07,5628.87,600583
821,2005-07-22,2.148,2.176,2.188,2.081,10014.29,600583
822,2005-07-25,2.172,2.223,2.225,2.148,3054.63,600583
823,2005-07-26,2.22,2.251,2.288,2.205,4463.14,600583
824,2005-07-27,2.251,2.295,2.296,2.236,5307.16,600583
825,2005-07-28,2.306,2.277,2.378,2.277,3786.34,600583
826,2005-07-29,2.257,2.257,2.277,2.235,5672.69,600583
827,2005-08-01,2.27,2.275,2.319,2.262,3807.47,600583
828,2005-08-02,2.277,2.323,2.327,2.257,2822.76,600583
829,2005-08-03,2.33,2.33,2.367,2.33,5580.73,600583
830,2005-08-04,2.333,2.304,2.339,2.301,2507.85,600583
831,2005-08-05,2.28,2.337,2.35,2.28,11037.01,600583
832,2005-08-08,2.337,2.318,2.368,2.298,6495.28,600583
833,2005-08-09,2.306,2.322,2.328,2.286,4016.86,600583
834,2005-08-10,2.348,2.389,2.398,2.329,9431.68,600583
835,2005-08-11,2.391,2.497,2.513,2.391,27956.29,600583
836,2005-08-12,2.497,2.5,2.548,2.467,23257.91,600583
837,2005-08-15,2.505,2.635,2.679,2.505,22064.95,600583
838,2005-08-16,2.64,2.604,2.671,2.578,13168.4,600583
839,2005-08-17,2.608,2.655,2.665,2.546,7683.74,600583
840,2005-08-18,2.648,2.576,2.743,2.555,9448.58,600583
841,2005-08-19,2.579,2.522,2.606,2.52,7004.13,600583
842,2005-08-22,2.537,2.548,2.608,2.522,5656.95,600583
843,2005-08-23,2.559,2.605,2.619,2.537,10854.51,600583
844,2005-08-24,2.602,2.633,2.67,2.588,4835.55,600583
845,2005-08-25,2.629,2.618,2.67,2.59,5830.91,600583
846,2005-08-26,2.603,2.607,2.624,2.578,2526.18,600583
847,2005-08-29,2.607,2.567,2.607,2.552,3274.7,600583
848,2005-08-30,2.576,2.568,2.576,2.544,2334.23,600583
849,2005-08-31,2.568,2.657,2.665,2.567,3581.4,600583
850,2005-09-01,2.664,2.715,2.742,2.658,9862.05,600583
851,2005-09-02,2.725,2.761,2.769,2.69,6972.44,600583
852,2005-09-05,2.764,2.733,2.774,2.692,3277.22,600583
853,2005-09-06,2.733,2.692,2.743,2.672,4738.66,600583
854,2005-09-07,2.691,2.743,2.753,2.679,5455.81,600583
855,2005-09-08,2.733,2.7,2.752,2.686,4831.5,600583
856,2005-09-09,2.696,2.671,2.696,2.658,2997.24,600583
857,2005-09-12,2.671,2.691,2.751,2.671,4817.0,600583
858,2005-09-13,2.691,2.691,2.712,2.671,10350.9,600583
859,2005-09-14,2.693,2.64,2.696,2.599,25600.26,600583
860,2005-09-15,2.64,2.597,2.64,2.557,19669.57,600583
861,2005-09-16,2.536,2.576,2.64,2.536,9579.23,600583
862,2005-09-19,2.575,2.573,2.588,2.52,15467.11,600583
863,2005-09-20,2.573,2.581,2.588,2.567,7511.99,600583
864,2005-09-21,2.575,2.588,2.601,2.538,5307.01,600583
865,2005-09-22,2.598,2.566,2.598,2.545,2308.39,600583
866,2005-09-23,2.541,2.548,2.579,2.541,6425.83,600583
867,2005-09-26,2.547,2.536,2.547,2.52,1682.45,600583
868,2005-09-27,2.537,2.553,2.588,2.537,7111.74,600583
869,2005-09-28,2.549,2.608,2.608,2.549,5353.96,600583
870,2005-09-29,2.606,2.606,2.619,2.588,6264.24,600583
871,2005-09-30,2.588,2.64,2.64,2.588,4158.93,600583
872,2005-10-10,2.629,2.608,2.634,2.599,2194.34,600583
873,2005-10-11,2.608,2.632,2.638,2.603,1509.16,600583
874,2005-10-12,2.632,2.652,2.672,2.609,3236.39,600583
875,2005-10-13,2.652,2.687,2.712,2.652,11658.37,600583
876,2005-10-14,2.68,2.736,2.743,2.651,26398.61,600583
877,2005-10-17,2.734,2.73,2.779,2.712,25258.27,600583
878,2005-10-18,2.713,2.743,2.766,2.696,11557.38,600583
879,2005-10-19,2.691,2.679,2.753,2.679,11597.76,600583
880,2005-10-20,2.656,2.613,2.671,2.581,12460.68,600583
881,2005-10-21,2.608,2.64,2.648,2.593,3483.01,600583
882,2005-10-24,2.65,2.64,2.65,2.598,2379.61,600583
883,2005-10-25,2.636,2.656,2.681,2.62,7341.63,600583
884,2005-10-26,2.677,2.632,2.677,2.612,12637.43,600583
885,2005-10-27,2.629,2.676,2.702,2.629,4130.45,600583
886,2005-10-28,2.675,2.689,2.741,2.651,2255.86,600583
887,2005-10-31,2.672,2.68,2.702,2.661,4993.3,600583
888,2005-11-01,2.681,2.666,2.689,2.642,2026.0,600583
889,2005-11-02,2.663,2.65,2.681,2.64,1798.99,600583
890,2005-11-03,2.691,2.629,2.691,2.617,1821.57,600583
891,2005-11-04,2.624,2.634,2.638,2.588,4329.75,600583
892,2005-11-07,2.599,2.618,2.638,2.598,605.0,600583
893,2005-11-08,2.618,2.607,2.624,2.577,5447.1,600583
894,2005-11-09,2.606,2.627,2.637,2.606,1422.18,600583
895,2005-11-10,2.627,2.583,2.632,2.567,3001.5,600583
896,2005-11-11,2.579,2.583,2.608,2.563,3963.41,600583
897,2005-11-14,2.608,2.588,2.608,2.577,1049.72,600583
898,2005-11-15,2.577,2.56,2.598,2.558,968.81,600583
899,2005-11-16,2.57,2.504,2.57,2.484,3938.15,600583
900,2005-11-17,2.504,2.362,2.504,2.34,61051.68,600583
901,2005-11-18,2.36,2.402,2.443,2.33,3708.52,600583
902,2005-11-21,2.412,2.432,2.473,2.381,12125.04,600583
903,2005-11-22,2.432,2.451,2.451,2.402,4216.4,600583
904,2005-11-23,2.43,2.464,2.466,2.427,4098.75,600583
905,2005-11-24,2.461,2.469,2.502,2.451,3616.93,600583
906,2005-11-25,2.443,2.464,2.484,2.443,2516.68,600583
907,2005-11-29,2.432,2.381,2.432,2.37,7083.05,600583
908,2005-11-30,2.381,2.371,2.381,2.352,4608.32,600583
909,2005-12-01,2.36,2.404,2.432,2.355,3530.49,600583
910,2005-12-02,2.384,2.397,2.422,2.372,2639.36,600583
911,2005-12-05,2.417,2.39,2.417,2.372,1956.56,600583
912,2005-12-06,2.382,2.399,2.409,2.381,2319.42,600583
913,2005-12-07,2.387,2.401,2.41,2.387,2507.9,600583
914,2005-12-08,2.401,2.407,2.43,2.392,2653.2,600583
915,2005-12-09,2.402,2.404,2.42,2.401,3285.0,600583
916,2005-12-12,2.401,2.343,2.401,2.338,8506.36,600583
917,2005-12-13,2.343,2.381,2.39,2.343,9135.54,600583
918,2005-12-14,2.381,2.456,2.482,2.375,14801.58,600583
919,2005-12-15,2.449,2.458,2.505,2.443,4271.72,600583
920,2005-12-16,2.436,2.509,2.514,2.436,9658.55,600583
921,2005-12-29,2.572,2.671,2.685,2.572,22320.56,600583
922,2005-12-30,2.671,2.662,2.71,2.637,8249.01,600583
923,2006-01-04,2.679,2.688,2.694,2.656,12036.62,600583
924,2006-01-05,2.692,2.732,2.764,2.692,23018.99,600583
925,2006-01-06,2.735,2.734,2.764,2.713,22915.42,600583
926,2006-01-24,2.417,2.338,2.417,2.236,75155.75,600583
927,2006-01-25,2.319,2.564,2.572,2.308,57567.87,600583
928,2006-02-06,2.589,2.577,2.65,2.516,26943.29,600583
929,2006-02-07,2.577,2.516,2.588,2.5,22370.25,600583
930,2006-02-08,2.505,2.436,2.522,2.43,19400.7,600583
931,2006-02-09,2.436,2.391,2.485,2.358,20945.58,600583
932,2006-02-10,2.381,2.454,2.464,2.381,15385.14,600583
933,2006-02-13,2.483,2.539,2.64,2.469,36957.36,600583
934,2006-02-14,2.536,2.624,2.645,2.535,24204.4,600583
935,2006-02-15,2.624,2.579,2.636,2.565,15625.43,600583
936,2006-02-16,2.577,2.518,2.605,2.508,16875.04,600583
937,2006-02-17,2.506,2.512,2.567,2.506,11152.28,600583
938,2006-02-20,2.512,2.448,2.515,2.439,6712.61,600583
939,2006-02-21,2.443,2.483,2.484,2.443,8506.93,600583
940,2006-02-22,2.484,2.42,2.503,2.412,10602.12,600583
941,2006-02-23,2.481,2.411,2.481,2.366,11605.39,600583
942,2006-02-24,2.411,2.437,2.443,2.387,9020.02,600583
943,2006-02-27,2.438,2.426,2.474,2.401,11071.34,600583
944,2006-02-28,2.412,2.458,2.473,2.384,6115.84,600583
945,2006-03-01,2.464,2.543,2.555,2.458,6750.52,600583
946,2006-03-02,2.546,2.497,2.567,2.479,7414.53,600583
947,2006-03-03,2.503,2.478,2.505,2.443,10936.82,600583
948,2006-03-06,2.484,2.546,2.55,2.464,10539.63,600583
949,2006-03-07,2.549,2.568,2.614,2.523,26550.52,600583
950,2006-03-08,2.55,2.536,2.6,2.526,12004.16,600583
951,2006-03-09,2.536,2.628,2.635,2.51,16461.93,600583
952,2006-03-10,2.628,2.686,2.711,2.614,23406.33,600583
953,2006-03-13,2.679,2.691,2.731,2.63,11359.67,600583
954,2006-03-14,2.691,2.681,2.721,2.665,4544.85,600583
955,2006-03-15,2.7,2.794,2.814,2.691,19131.07,600583
956,2006-03-16,2.805,2.788,2.82,2.774,11902.05,600583
957,2006-03-17,2.79,2.726,2.8,2.713,10525.79,600583
958,2006-03-20,2.726,2.76,2.784,2.714,6119.01,600583
959,2006-03-21,2.878,2.833,2.887,2.812,19966.26,600583
960,2006-03-22,2.841,2.901,2.914,2.784,12436.53,600583
961,2006-03-23,2.917,2.887,2.919,2.868,11091.26,600583
962,2006-03-24,2.888,2.865,2.945,2.864,9778.46,600583
963,2006-03-27,2.886,2.876,2.912,2.838,12083.87,600583
964,2006-03-28,2.863,3.019,3.053,2.863,17123.78,600583
965,2006-03-29,3.043,3.068,3.116,3.017,23803.05,600583
966,2006-03-30,3.078,3.042,3.085,3.002,13625.61,600583
967,2006-03-31,3.043,3.105,3.145,3.017,15904.82,600583
968,2006-04-03,3.11,3.181,3.186,3.1,29304.44,600583
969,2006-04-04,3.186,3.424,3.426,3.181,25510.24,600583
970,2006-04-05,3.416,3.378,3.421,3.358,18400.73,600583
971,2006-04-06,3.378,3.354,3.431,3.344,17709.65,600583
972,2006-04-07,3.339,3.267,3.405,3.245,28222.27,600583
973,2006-04-10,3.261,3.26,3.314,3.227,26358.83,600583
974,2006-04-11,3.271,3.319,3.416,3.262,32974.65,600583
975,2006-04-12,3.311,3.386,3.414,3.277,26470.25,600583
976,2006-04-13,3.374,3.251,3.39,3.23,20980.44,600583
977,2006-04-14,3.24,3.341,3.374,3.178,16637.47,600583
978,2006-04-17,3.312,3.308,3.386,3.282,17471.76,600583
979,2006-04-18,3.312,3.342,3.38,3.25,17314.46,600583
980,2006-04-19,3.359,3.677,3.677,3.359,49358.38,600583
981,2006-04-20,3.685,3.624,3.757,3.54,30090.74,600583
982,2006-04-21,3.623,3.985,3.986,3.612,42701.18,600583
983,2006-04-25,3.84,3.91,4.007,3.726,29880.93,600583
984,2006-04-26,3.907,3.786,3.907,3.753,24880.05,600583
985,2006-04-27,3.786,3.793,3.882,3.687,14721.46,600583
986,2006-04-28,3.727,3.791,3.83,3.693,20431.28,600583
987,2006-05-08,3.817,3.954,4.086,3.817,25606.66,600583
988,2006-05-09,3.962,4.157,4.273,3.954,27205.3,600583
989,2006-05-10,4.161,4.231,4.309,4.14,22734.97,600583
990,2006-05-11,4.223,4.419,4.607,4.162,28802.13,600583
991,2006-05-12,4.368,4.861,4.861,4.354,42451.66,600583
992,2006-05-15,4.866,5.348,5.348,4.866,52115.55,600583
993,2006-05-16,5.406,4.814,5.51,4.814,92460.27,600583
994,2006-05-17,4.758,4.441,4.918,4.333,70606.66,600583
995,2006-05-18,4.263,4.805,4.886,4.169,85617.16,600583
996,2006-05-19,4.776,4.724,4.903,4.595,64063.46,600583
997,2006-05-22,4.72,4.417,4.72,4.367,57110.18,600583
998,2006-05-23,4.367,4.25,4.439,4.184,45411.02,600583
999,2006-05-24,4.3,4.379,4.479,4.217,51464.28,600583
1000,2006-05-25,4.381,4.385,4.439,4.315,37506.96,600583
1001,2006-05-26,4.387,4.454,4.51,4.323,50235.85,600583
1002,2006-05-29,4.481,4.61,4.674,4.362,58535.76,600583
1003,2006-05-30,4.616,4.882,5.072,4.529,76839.69,600583
1004,2006-05-31,4.866,4.691,5.011,4.679,77280.06,600583
1005,2006-06-01,4.679,4.697,4.814,4.533,64268.95,600583
1006,2006-06-02,4.575,4.564,4.695,4.429,46562.81,600583
1007,2006-06-05,4.502,4.5,4.554,4.371,22054.2,600583
1008,2006-06-06,4.491,4.506,4.647,4.429,23131.54,600583
1009,2006-06-07,4.506,4.327,4.57,4.263,33271.72,600583
1010,2006-06-08,4.269,4.437,4.471,4.263,35628.21,600583
1011,2006-06-09,4.437,4.4,4.471,4.325,28948.69,600583
1012,2006-06-12,4.348,4.575,4.585,4.315,44655.41,600583
1013,2006-06-13,4.564,4.612,4.633,4.535,31479.68,600583
1014,2006-06-14,4.595,4.483,4.595,4.429,23242.54,600583
1015,2006-06-15,4.471,4.76,4.899,4.45,65917.47,600583
1016,2006-06-16,4.782,5.072,5.14,4.782,105221.75,600583
1017,2006-06-19,5.072,5.151,5.313,4.949,59406.21,600583
1018,2006-06-20,5.094,5.092,5.151,4.99,36912.5,600583
1019,2006-06-21,5.053,5.072,5.167,4.992,28427.05,600583
1020,2006-06-22,5.053,5.113,5.205,5.011,28087.36,600583
1021,2006-06-23,5.074,4.907,5.074,4.778,58276.54,600583
1022,2006-06-26,4.417,4.681,4.782,4.417,228938.16,600583
1023,2006-06-27,4.577,4.429,4.658,4.36,98944.35,600583
1024,2006-06-28,4.427,4.489,4.508,4.217,84270.31,600583
1025,2006-06-29,4.575,4.789,4.837,4.575,84439.66,600583
1026,2006-06-30,4.824,4.762,4.876,4.67,50868.89,600583
1027,2006-07-03,4.768,4.78,4.803,4.668,44216.09,600583
1028,2006-07-04,4.782,4.731,4.782,4.689,30776.8,600583
1029,2006-07-05,4.731,4.805,4.859,4.691,43810.9,600583
1030,2006-07-06,4.81,5.051,5.076,4.81,51230.73,600583
1031,2006-07-07,5.049,5.196,5.406,5.049,81570.93,600583
1032,2006-07-10,5.219,5.063,5.261,4.995,26307.88,600583
1033,2006-07-11,5.063,4.953,5.063,4.907,29707.67,600583
1034,2006-07-12,4.97,4.913,5.011,4.866,35593.14,600583
1035,2006-07-13,4.913,4.851,5.105,4.72,50062.28,600583
1036,2006-07-14,4.891,4.899,4.988,4.866,24285.08,600583
1037,2006-07-17,4.928,5.053,5.053,4.928,30566.41,600583
1038,2006-07-18,5.078,4.957,5.134,4.945,18773.46,600583
1039,2006-07-19,4.909,4.785,4.947,4.701,29464.43,600583
1040,2006-07-20,4.722,4.832,4.855,4.72,13226.98,600583
1041,2006-07-21,4.855,4.845,4.857,4.785,7134.57,600583
1042,2006-07-24,4.782,4.793,4.841,4.683,15504.13,600583
1043,2006-07-25,4.782,4.822,4.866,4.751,13162.55,600583
1044,2006-07-26,4.822,4.782,4.834,4.768,12753.57,600583
1045,2006-07-27,4.782,4.726,4.797,4.693,13280.63,600583
1046,2006-07-28,4.751,4.61,4.774,4.548,30042.32,600583
1047,2006-07-31,4.593,4.408,4.593,4.367,19687.57,600583
1048,2006-08-01,4.367,4.319,4.437,4.302,18380.64,600583
1049,2006-08-02,4.321,4.352,4.373,4.273,15955.29,600583
1050,2006-08-03,4.356,4.45,4.533,4.356,14520.79,600583
1051,2006-08-04,4.45,4.383,4.45,4.369,17372.11,600583
1052,2006-08-07,4.296,4.396,4.471,4.252,17923.1,600583
1053,2006-08-08,4.458,4.444,4.489,4.348,6411.25,600583
1054,2006-08-09,4.471,4.45,4.487,4.414,5284.07,600583
1055,2006-08-10,4.512,4.491,4.512,4.431,8038.91,600583
1056,2006-08-11,4.489,4.473,4.504,4.458,5011.31,600583
1057,2006-08-14,4.473,4.367,4.473,4.352,12684.05,600583
1058,2006-08-15,4.346,4.441,4.471,4.327,5148.94,600583
1059,2006-08-16,4.441,4.45,4.481,4.377,8138.91,600583
1060,2006-08-17,4.408,4.489,4.508,4.398,17614.64,600583
1061,2006-08-18,4.473,4.427,4.504,4.408,5466.04,600583
1062,2006-08-21,4.342,4.444,4.45,4.31,5520.39,600583
1063,2006-08-22,4.429,4.529,4.575,4.41,13712.03,600583
1064,2006-08-23,4.529,4.647,4.693,4.514,14127.29,600583
1065,2006-08-24,4.647,4.635,4.71,4.591,9809.8,600583
1066,2006-08-25,4.635,4.595,4.691,4.589,8941.93,600583
1067,2006-08-28,4.577,4.685,4.76,4.577,15553.86,600583
1068,2006-08-29,4.643,4.739,4.789,4.643,20119.85,600583
1069,2006-08-30,4.689,4.82,4.845,4.689,15665.41,600583
1070,2006-08-31,4.824,4.774,4.855,4.76,8482.61,600583
1071,2006-09-01,4.782,4.662,4.803,4.647,12508.31,600583
1072,2006-09-04,4.658,4.699,4.731,4.577,5584.28,600583
1073,2006-09-05,4.695,4.656,4.695,4.637,10398.52,600583
1074,2006-09-06,4.637,4.658,4.683,4.614,8425.94,600583
1075,2006-09-07,4.658,4.554,4.662,4.548,12147.42,600583
1076,2006-09-08,4.554,4.616,4.639,4.537,5477.27,600583
1077,2006-09-11,4.575,4.562,4.602,4.512,5165.89,600583
1078,2006-09-12,4.535,4.558,4.608,4.481,9651.68,600583
1079,2006-09-13,4.564,4.487,4.585,4.458,18547.87,600583
1080,2006-09-14,4.471,4.448,4.491,4.4,12378.8,600583
1081,2006-09-15,4.448,4.502,4.604,4.448,12849.12,600583
1082,2006-09-18,4.533,4.552,4.57,4.471,11891.47,600583
1083,2006-09-19,4.52,4.624,4.645,4.52,13468.55,600583
1084,2006-09-20,4.627,4.649,4.679,4.533,20812.55,600583
1085,2006-09-21,4.597,4.668,4.706,4.595,14729.96,600583
1086,2006-09-22,4.668,4.62,4.699,4.612,24313.13,600583
1087,2006-09-25,4.579,4.575,4.647,4.564,14652.87,600583
1088,2006-09-26,4.575,4.491,4.575,4.471,8940.91,600583
1089,2006-09-27,4.491,4.502,4.575,4.491,4852.51,600583
1090,2006-09-28,4.502,4.656,4.689,4.481,16389.36,600583
1091,2006-09-29,4.679,4.695,4.762,4.664,14117.73,600583
1092,2006-10-09,4.695,4.868,4.876,4.639,28712.2,600583
1093,2006-10-10,4.866,5.101,5.232,4.834,85712.05,600583
1094,2006-10-11,5.111,4.984,5.165,4.949,36193.31,600583
1095,2006-10-12,4.949,4.801,4.99,4.722,25569.23,600583
1096,2006-10-13,4.762,4.801,4.859,4.741,16204.45,600583
1097,2006-10-16,4.785,4.747,4.785,4.674,27328.31,600583
1098,2006-10-17,4.726,4.755,4.841,4.72,12938.04,600583
1099,2006-10-18,4.755,4.847,4.918,4.755,21167.19,600583
1100,2006-10-19,4.847,4.864,4.882,4.803,12140.61,600583
1101,2006-10-20,4.866,4.853,4.886,4.803,10895.93,600583
1102,2006-10-23,4.857,4.882,4.901,4.803,18651.57,600583
1103,2006-10-24,4.876,4.886,4.949,4.816,31992.12,600583
1104,2006-10-25,4.959,5.096,5.178,4.907,63219.02,600583
1105,2006-10-26,5.096,5.113,5.146,4.997,21386.89,600583
1106,2006-10-27,5.094,5.005,5.234,5.001,46076.77,600583
1107,2006-10-30,4.992,4.955,5.051,4.903,30489.46,600583
1108,2006-10-31,4.93,4.943,5.055,4.913,24435.62,600583
1109,2006-11-01,4.97,5.013,5.032,4.907,27186.33,600583
1110,2006-11-02,5.011,4.932,5.011,4.907,14447.79,600583
1111,2006-11-03,4.924,4.893,4.959,4.824,30631.15,600583
1112,2006-11-06,4.889,4.735,4.889,4.699,32297.55,600583
1113,2006-11-07,4.762,4.803,4.889,4.747,34682.86,600583
1114,2006-11-08,4.803,4.878,4.884,4.741,23198.71,600583
1115,2006-11-09,4.876,4.866,4.88,4.758,28140.93,600583
1116,2006-11-10,4.87,4.832,4.895,4.774,22922.7,600583
1117,2006-11-13,4.785,4.558,4.785,4.491,35035.16,600583
1118,2006-11-14,4.566,4.656,4.67,4.564,26096.29,600583
1119,2006-11-15,4.658,4.845,4.907,4.629,47974.25,600583
1120,2006-11-16,4.845,4.822,4.951,4.782,43845.79,600583
1121,2006-11-17,4.71,4.751,4.897,4.699,37139.41,600583
1122,2006-11-20,4.753,4.741,4.92,4.72,51213.99,600583
1123,2006-11-21,4.743,5.024,5.061,4.743,52311.86,600583
1124,2006-11-22,5.024,5.032,5.132,4.97,39784.34,600583
1125,2006-11-23,5.011,5.017,5.072,4.949,29152.83,600583
1126,2006-11-24,5.007,5.385,5.458,4.976,89838.15,600583
1127,2006-11-27,5.363,5.402,5.437,5.284,35639.46,600583
1128,2006-11-28,5.385,5.51,5.573,5.367,49525.84,600583
1129,2006-11-29,5.404,5.862,5.959,5.302,92927.61,600583
1130,2006-11-30,5.885,5.862,5.999,5.781,37208.7,600583
1131,2006-12-01,5.887,5.928,6.09,5.887,30795.23,600583
1132,2006-12-04,5.947,6.003,6.144,5.947,30008.44,600583
1133,2006-12-05,5.959,6.08,6.238,5.949,50319.35,600583
1134,2006-12-06,6.072,5.826,6.072,5.656,59022.9,600583
1135,2006-12-07,5.781,5.781,5.905,5.72,84049.02,600583
1136,2006-12-08,5.739,5.726,5.76,5.598,40280.09,600583
1137,2006-12-11,5.637,5.855,5.872,5.637,42004.81,600583
1138,2006-12-12,5.864,5.926,6.07,5.862,37821.06,600583
1139,2006-12-13,5.93,5.87,6.068,5.801,74499.72,600583
1140,2006-12-14,5.864,5.903,5.905,5.76,54854.77,600583
1141,2006-12-15,5.926,6.494,6.494,5.926,61074.19,600583
1142,2006-12-18,6.492,6.785,6.93,6.485,40479.77,600583
1143,2006-12-19,6.795,6.675,6.799,6.446,28934.71,600583
1144,2006-12-20,6.498,6.591,6.652,6.498,24929.25,600583
1145,2006-12-21,6.612,6.691,6.953,6.587,40711.82,600583
1146,2006-12-22,6.643,6.908,6.962,6.531,26832.1,600583
1147,2006-12-26,7.07,6.76,7.197,6.675,25503.37,600583
1148,2006-12-27,6.685,6.897,6.962,6.633,36703.89,600583
1149,2006-12-28,6.845,7.118,7.236,6.845,49277.32,600583
1150,2006-12-29,7.126,7.209,7.402,7.028,38307.83,600583
1151,2007-01-04,7.23,7.078,7.319,6.987,37856.64,600583
1152,2007-01-05,7.007,6.706,7.007,6.671,29366.07,600583
1153,2007-01-08,6.716,6.654,6.816,6.577,74877.59,600583
1154,2007-01-09,6.687,7.003,7.007,6.687,64602.44,600583
1155,2007-01-10,6.984,7.026,7.066,6.82,30176.64,600583
1156,2007-01-11,6.987,7.128,7.207,6.799,31754.34,600583
1157,2007-01-12,7.068,7.17,7.296,6.976,38573.41,600583
1158,2007-01-15,7.07,7.565,7.567,6.991,61621.49,600583
1159,2007-01-16,7.581,7.714,7.762,7.421,49198.78,600583
1160,2007-01-17,7.669,7.773,8.13,7.554,55678.08,600583
1161,2007-01-18,7.654,7.802,7.985,7.654,23615.12,600583
1162,2007-01-19,7.714,8.12,8.203,7.714,23941.51,600583
1163,2007-01-22,8.213,8.265,8.317,7.943,39609.36,600583
1164,2007-01-23,8.309,7.804,8.309,7.735,31631.44,600583
1165,2007-01-24,7.797,8.182,8.297,7.756,29431.56,600583
1166,2007-01-25,8.149,8.186,8.523,7.797,33143.82,600583
1167,2007-01-26,8.005,8.459,8.465,7.901,18934.76,600583
1168,2007-01-29,8.421,8.315,8.546,8.172,28361.96,600583
1169,2007-01-30,8.278,8.12,8.359,8.107,32819.6,600583
1170,2007-01-31,8.101,7.606,8.109,7.486,27207.52,600583
1171,2007-02-01,7.486,7.533,7.61,7.132,23803.98,600583
1172,2007-02-02,7.548,7.163,7.608,7.028,12434.53,600583
1173,2007-02-05,7.159,7.257,7.271,6.862,13909.21,600583
1174,2007-02-06,7.132,6.878,7.132,6.758,61105.7,600583
1175,2007-02-07,6.864,6.96,7.163,6.824,43797.54,600583
1176,2007-02-08,6.955,7.296,7.305,6.947,47098.32,600583
1177,2007-02-09,7.298,7.001,7.377,6.966,31315.54,600583
1178,2007-02-12,6.945,7.417,7.527,6.878,28821.79,600583
1179,2007-02-13,7.486,7.384,7.629,7.323,23962.57,600583
1180,2007-02-14,7.446,7.38,7.546,7.315,46903.34,600583
1181,2007-02-15,7.398,7.39,7.477,7.359,87559.81,600583
1182,2007-02-16,7.469,7.646,7.901,7.465,48643.72,600583
1183,2007-02-26,7.818,7.964,8.109,7.818,50258.64,600583
1184,2007-02-27,8.068,7.192,8.068,7.167,76121.0,600583
1185,2007-02-28,6.987,7.072,7.176,6.939,83210.56,600583
1186,2007-03-01,7.066,6.633,7.066,6.571,51644.03,600583
1187,2007-03-02,6.654,6.833,6.883,6.591,36382.22,600583
1188,2007-03-05,6.862,6.556,6.881,6.446,49374.03,600583
1189,2007-03-06,6.546,6.739,6.795,6.452,31234.19,600583
1190,2007-03-07,6.743,6.968,7.08,6.743,31964.44,600583
1191,2007-03-08,6.989,7.012,7.063,6.841,27580.69,600583
1192,2007-03-09,6.945,6.787,7.012,6.758,25609.97,600583
1193,2007-03-12,6.82,6.922,6.997,6.685,32930.6,600583
1194,2007-03-13,6.945,7.205,7.309,6.908,42603.38,600583
1195,2007-03-14,7.207,7.276,7.423,7.111,31215.41,600583
1196,2007-03-15,7.278,7.402,7.423,7.199,38753.97,600583
1197,2007-03-16,7.407,7.226,7.461,7.219,37000.59,600583
1198,2007-03-19,7.049,7.242,7.359,7.007,23760.22,600583
1199,2007-03-20,7.257,7.009,7.257,6.999,40924.68,600583
1200,2007-03-21,7.005,6.924,7.107,6.914,31863.22,600583
1201,2007-03-22,6.945,7.174,7.319,6.945,67295.0,600583
1202,2007-03-23,7.192,7.226,7.236,7.111,21598.77,600583
1203,2007-03-26,7.23,7.274,7.34,7.153,43960.61,600583
1204,2007-03-27,7.257,7.276,7.413,7.194,54412.8,600583
1205,2007-03-28,7.29,7.444,7.486,7.226,66698.88,600583
1206,2007-03-29,7.517,7.346,7.558,7.29,40910.67,600583
1207,2007-03-30,7.278,7.126,7.34,7.003,49501.39,600583
1208,2007-04-02,7.215,7.155,7.215,7.005,49030.88,600583
1209,2007-04-03,7.184,7.494,7.527,7.107,63141.93,600583
1210,2007-04-04,7.506,7.675,7.768,7.398,58299.24,600583
1211,2007-04-05,7.642,7.571,7.669,7.508,36700.64,600583
1212,2007-04-06,7.546,7.54,7.546,7.363,67355.73,600583
1213,2007-04-09,7.544,7.471,7.689,7.421,91617.33,600583
1214,2007-04-11,7.612,7.494,7.631,7.271,95278.17,600583
1215,2007-04-12,7.59,7.764,7.777,7.511,83245.15,600583
1216,2007-04-13,7.808,7.904,8.062,7.808,81296.25,600583
1217,2007-04-16,7.901,7.951,8.039,7.802,56254.82,600583
1218,2007-04-17,7.933,7.872,7.933,7.664,74260.81,600583
1219,2007-04-18,7.943,7.802,7.976,7.683,84992.88,600583
1220,2007-04-19,7.802,7.292,7.802,7.07,78331.98,600583
1221,2007-04-20,7.298,7.633,7.694,7.298,57146.68,600583
1222,2007-04-23,7.673,7.694,7.797,7.461,87887.74,600583
1223,2007-04-24,7.797,8.101,8.107,7.694,126621.97,600583
1224,2007-04-25,7.901,7.814,7.98,7.694,87919.2,600583
1225,2007-04-26,7.816,7.685,7.816,7.59,57638.37,600583
1226,2007-04-27,7.694,7.382,7.731,7.303,62698.59,600583
1227,2007-04-30,7.319,7.301,7.479,7.107,65352.8,600583
1228,2007-05-08,7.797,7.646,7.939,7.486,117355.16,600583
1229,2007-05-09,7.648,7.473,7.725,7.236,74341.12,600583
1230,2007-05-10,7.444,7.355,7.615,7.34,108682.71,600583
1231,2007-05-11,7.402,7.538,7.691,7.402,105184.8,600583
1232,2007-05-14,7.506,7.746,7.752,7.357,127937.15,600583
1233,2007-05-15,7.756,7.504,7.86,7.488,90909.0,600583
1234,2007-05-16,7.45,7.958,8.043,7.45,118036.72,600583
1235,2007-05-17,7.956,8.218,8.297,7.841,93722.85,600583
1236,2007-05-18,8.193,8.232,8.446,8.059,79446.01,600583
1237,2007-05-21,7.98,8.107,8.452,7.904,66161.21,600583
1238,2007-05-22,8.107,8.005,8.24,7.924,70777.76,600583
1239,2007-05-23,8.016,8.205,8.315,8.016,55246.31,600583
1240,2007-05-24,8.209,8.328,8.519,8.13,86622.16,600583
1241,2007-05-25,8.313,9.162,9.162,8.172,110415.19,600583
1242,2007-05-28,9.419,9.359,9.673,9.191,100560.99,600583
1243,2007-05-29,9.461,9.563,9.627,9.162,56330.07,600583
1244,2007-05-30,8.796,8.606,9.355,8.606,93570.8,600583
1245,2007-05-31,8.671,9.467,9.467,8.671,84736.78,600583
1246,2007-06-01,9.752,9.579,10.189,9.232,97398.72,600583
1247,2007-06-04,9.628,8.885,9.7,8.752,69728.47,600583
1248,2007-06-05,8.545,9.178,9.278,7.997,83162.06,600583
1249,2007-06-06,9.328,9.22,9.503,9.003,83215.45,600583
1250,2007-06-07,9.238,9.348,9.533,9.003,69008.03,600583
1251,2007-06-08,9.395,9.333,9.465,9.078,62532.34,600583
1252,2007-06-11,9.33,9.828,9.998,9.15,91126.62,600583
1253,2007-06-12,9.833,10.388,10.518,9.765,140881.44,600583
1254,2007-06-13,10.468,10.298,10.578,10.153,86840.1,600583
1255,2007-06-14,10.273,10.005,10.273,9.878,62798.3,600583
1256,2007-06-15,10.005,10.503,10.623,9.953,72409.79,600583
1257,2007-06-18,10.653,10.485,10.743,10.428,58065.96,600583
1258,2007-06-19,10.473,10.408,10.473,10.153,56587.22,600583
1259,2007-06-20,10.403,10.113,10.478,10.105,37328.51,600583
1260,2007-06-21,10.003,10.118,10.378,10.003,37605.36,600583
1261,2007-06-22,10.115,9.755,10.215,9.303,54134.47,600583
1262,2007-06-25,9.753,9.255,10.003,9.203,76606.59,600583
1263,2007-06-26,9.203,9.793,9.903,8.978,51777.16,600583
1264,2007-06-27,9.753,9.82,10.005,9.503,53078.07,600583
1265,2007-06-28,9.878,9.503,9.878,9.465,53198.57,600583
1266,2007-06-29,9.383,9.053,9.453,9.003,46685.02,600583
1267,2007-07-02,9.078,8.937,9.335,8.722,25250.55,600583
1268,2007-07-03,9.003,9.038,9.125,8.94,28793.41,600583
1269,2007-07-04,9.103,9.003,9.153,8.927,19867.62,600583
1270,2007-07-05,8.877,8.79,9.0,8.752,25853.98,600583
1271,2007-07-06,8.79,9.14,9.225,8.595,22490.37,600583
1272,2007-07-09,9.203,9.263,9.365,9.008,25822.11,600583
1273,2007-07-10,9.263,8.85,9.263,8.8,34258.96,600583
1274,2007-07-11,9.078,9.26,9.59,9.055,69462.29,600583
1275,2007-07-12,9.178,9.233,9.32,9.153,17956.41,600583
1276,2007-07-13,9.278,9.175,9.34,9.078,9472.55,600583
1277,2007-07-16,9.18,8.935,9.19,8.877,13339.24,600583
1278,2007-07-17,8.877,9.088,9.118,8.827,13109.22,600583
1279,2007-07-18,9.103,9.318,9.428,8.877,30852.05,600583
1280,2007-07-19,9.353,9.308,9.373,9.205,7872.17,600583
1281,2007-07-20,9.313,9.483,9.558,9.313,29850.59,600583
1282,2007-07-23,9.483,9.678,9.778,9.483,60252.51,600583
1283,2007-07-24,9.75,9.693,9.808,9.603,53360.55,600583
1284,2007-07-25,9.63,9.7,9.75,9.44,56283.51,600583
1285,2007-07-26,9.708,9.723,9.778,9.505,48803.59,600583
1286,2007-07-27,9.678,9.86,9.89,9.578,62981.82,600583
1287,2007-07-30,9.933,10.155,10.303,9.853,69590.31,600583
1288,2007-07-31,10.153,10.44,10.455,10.068,47003.74,600583
1289,2007-08-01,10.468,9.97,10.553,9.928,54282.54,600583
1290,2007-08-02,10.033,10.255,10.55,10.033,40912.33,600583
1291,2007-08-03,10.498,10.285,10.498,10.153,59375.25,600583
1292,2007-08-06,10.378,10.203,10.728,10.055,56371.16,600583
1293,2007-08-07,10.235,10.906,10.923,10.235,77777.57,600583
1294,2007-08-08,10.881,11.416,11.526,10.503,73393.13,600583
1295,2007-08-09,11.203,11.206,11.453,11.178,36744.14,600583
1296,2007-08-10,11.273,11.053,11.273,10.828,40770.95,600583
1297,2007-08-13,11.003,10.983,11.096,10.703,39437.08,600583
1298,2007-08-14,10.953,10.996,11.153,10.765,50449.67,600583
1299,2007-08-15,11.028,11.013,11.218,10.978,52394.7,600583
1300,2007-08-16,10.856,10.831,11.003,10.393,50171.91,600583
1301,2007-08-17,10.75,10.703,11.028,10.578,47920.28,600583
1302,2007-08-20,10.803,11.036,11.151,10.803,40314.46,600583
1303,2007-08-21,11.041,11.208,11.306,10.966,37209.41,600583
1304,2007-08-22,11.076,11.206,11.241,11.003,39044.09,600583
1305,2007-08-23,11.033,11.358,11.383,11.033,39798.69,600583
1306,2007-08-24,11.353,11.476,11.856,11.353,31050.0,600583
1307,2007-08-28,11.476,11.078,11.476,11.021,64634.79,600583
1308,2007-08-29,11.013,10.77,11.153,10.503,46872.0,600583
1309,2007-08-30,10.806,11.178,11.231,10.778,33165.71,600583
1310,2007-08-31,11.203,12.188,12.276,11.128,58896.43,600583
1311,2007-09-03,12.578,13.046,13.204,12.378,59029.45,600583
1312,2007-09-05,12.361,12.246,12.809,12.128,25964.73,600583
1313,2007-09-06,12.248,13.051,13.069,12.248,22961.73,600583
1314,2007-09-07,13.079,13.106,13.766,12.829,41771.24,600583
1315,2007-09-10,12.976,12.789,13.254,12.506,21708.75,600583
1316,2007-09-11,12.874,12.016,13.126,12.003,17234.4,600583
1317,2007-09-12,12.128,12.503,12.553,11.906,31712.94,600583
1318,2007-09-13,12.641,12.991,13.571,12.541,28332.38,600583
1319,2007-09-14,13.009,13.199,13.304,12.729,26015.27,600583
1320,2007-09-17,13.199,12.969,13.201,12.801,21976.97,600583
1321,2007-09-18,12.969,12.578,13.054,12.378,51850.17,600583
1322,2007-09-19,12.503,12.603,12.674,12.378,32919.96,600583
1323,2007-09-20,12.608,12.551,13.124,12.478,23477.51,600583
1324,2007-09-21,12.553,12.178,12.751,12.003,37492.05,600583
1325,2007-09-24,12.178,12.626,12.821,11.948,46201.88,600583
1326,2007-09-25,12.751,12.321,12.829,12.246,20500.6,600583
1327,2007-09-26,12.278,12.008,12.473,11.978,29754.8,600583
1328,2007-09-27,12.078,12.048,12.246,11.878,25128.98,600583
1329,2007-09-28,12.178,12.188,12.541,11.998,56340.11,600583
1330,2007-10-08,12.423,12.003,12.423,11.891,72271.76,600583
1331,2007-10-09,12.003,11.596,12.003,11.503,46169.21,600583
1332,2007-10-10,11.633,12.248,12.253,11.598,99777.41,600583
1333,2007-10-11,12.203,12.799,13.131,12.031,108933.38,600583
1334,2007-10-12,12.979,12.924,13.454,12.378,132176.24,600583
1335,2007-10-15,12.954,13.086,13.704,12.954,83709.0,600583
1336,2007-10-16,13.254,14.004,14.084,13.254,109583.27,600583
1337,2007-10-17,13.954,13.766,14.004,13.541,50253.7,600583
1338,2007-10-18,13.704,12.836,13.754,12.819,43129.55,600583
1339,2007-10-19,12.879,13.079,13.199,12.754,26196.42,600583
1340,2007-10-22,12.754,12.381,13.001,12.261,20715.13,600583
1341,2007-10-23,12.506,12.253,12.726,11.978,39785.97,600583
1342,2007-10-24,12.403,12.951,13.001,12.353,31900.62,600583
1343,2007-10-25,12.829,12.521,12.941,12.076,44968.92,600583
1344,2007-10-26,12.253,12.123,12.629,11.756,40078.4,600583
1345,2007-10-29,12.036,12.118,12.403,11.681,32690.99,600583
1346,2007-10-30,12.003,12.651,12.794,11.726,43067.88,600583
1347,2007-10-31,12.804,12.676,12.874,12.398,25877.18,600583
1348,2007-11-01,12.806,12.363,13.249,12.338,64715.94,600583
1349,2007-11-02,12.113,12.243,12.624,11.948,39079.08,600583
1350,2007-11-05,12.153,11.566,12.243,11.253,47833.64,600583
1351,2007-11-06,11.501,11.551,11.673,11.303,23192.32,600583
1352,2007-11-07,11.568,11.471,11.578,11.003,18287.45,600583
1353,2007-11-08,11.203,11.411,11.666,11.053,30746.07,600583
1354,2007-11-09,11.381,10.991,11.588,10.956,14877.36,600583
1355,2007-11-12,10.558,10.778,10.878,10.003,26178.27,600583
1356,2007-11-13,10.856,10.728,11.063,10.475,13099.43,600583
1357,2007-11-14,10.803,11.116,11.203,10.653,19984.45,600583
1358,2007-11-15,11.148,10.856,11.148,10.703,20654.48,600583
1359,2007-11-16,10.703,10.593,10.803,10.398,22099.9,600583
1360,2007-11-19,10.598,10.713,10.876,10.553,14727.74,600583
1361,2007-11-20,10.653,11.118,11.153,10.628,27068.85,600583
1362,2007-11-21,11.126,10.856,11.353,10.851,25053.39,600583
1363,2007-11-22,10.75,10.595,10.765,10.578,33835.1,600583
1364,2007-11-23,10.505,10.71,10.803,10.453,24686.2,600583
1365,2007-11-26,10.728,10.743,11.001,10.703,26114.07,600583
1366,2007-11-27,10.628,10.23,10.628,10.203,39237.26,600583
1367,2007-11-28,10.265,10.445,10.508,10.265,33785.99,600583
1368,2007-11-29,10.553,10.796,10.876,10.468,63914.78,600583
1369,2007-11-30,10.791,10.775,10.803,10.628,40374.9,600583
1370,2007-12-03,10.828,10.896,11.028,10.635,29602.47,600583
1371,2007-12-04,10.916,10.755,11.128,10.703,15506.56,600583
1372,2007-12-05,10.966,10.893,10.966,10.673,18053.29,600583
1373,2007-12-06,10.893,10.828,10.996,10.753,10628.89,600583
1374,2007-12-07,10.848,11.211,11.253,10.803,16049.73,600583
1375,2007-12-10,11.001,11.768,11.851,10.958,29134.79,600583
1376,2007-12-11,11.756,11.828,11.873,11.628,18256.43,600583
1377,2007-12-12,11.666,11.903,12.091,11.666,18193.84,600583
1378,2007-12-13,11.941,11.471,12.078,11.423,24318.87,600583
1379,2007-12-14,11.503,11.553,11.628,11.333,27480.25,600583
1380,2007-12-17,11.623,11.883,12.003,11.503,22317.5,600583
1381,2007-12-18,11.928,12.078,12.193,11.756,40268.16,600583
1382,2007-12-19,12.078,12.261,12.476,12.078,17791.5,600583
1383,2007-12-20,12.256,12.321,12.383,12.128,16440.18,600583
1384,2007-12-21,12.253,12.481,12.528,12.153,11952.49,600583
1385,2007-12-24,12.486,12.603,12.749,12.486,16326.07,600583
1386,2007-12-25,12.598,12.901,12.954,12.478,13831.51,600583
1387,2007-12-26,12.904,13.271,13.336,12.879,19810.24,600583
1388,2007-12-27,13.304,13.589,13.604,13.049,34310.68,600583
1389,2007-12-28,13.879,13.024,13.879,13.004,74479.04,600583
1390,2008-01-02,13.076,13.254,13.529,12.806,25551.81,600583
1391,2008-01-03,13.254,13.484,13.501,12.886,21608.45,600583
1392,2008-01-04,13.459,13.379,13.479,13.006,33201.21,600583
1393,2008-01-07,13.321,13.396,13.499,13.129,13573.29,600583
1394,2008-01-08,13.389,12.989,13.396,12.954,29725.08,600583
1395,2008-01-09,12.866,13.004,13.044,12.799,13318.5,600583
1396,2008-01-10,12.959,13.031,13.206,12.704,22648.31,600583
1397,2008-01-11,12.974,12.891,13.029,12.784,18981.43,600583
1398,2008-01-14,12.819,13.059,13.129,12.503,48913.59,600583
1399,2008-01-15,13.009,13.061,13.154,12.906,39292.81,600583
1400,2008-01-16,13.004,13.039,13.054,12.749,11866.68,600583
1401,2008-01-17,12.904,13.436,13.549,12.766,46924.95,600583
1402,2008-01-18,13.441,13.544,13.556,13.169,20462.62,600583
1403,2008-01-21,13.491,13.761,14.141,13.279,32379.73,600583
1404,2008-01-22,13.304,13.264,13.504,12.386,40694.59,600583
1405,2008-01-23,13.179,13.804,13.924,13.179,36380.35,600583
1406,2008-01-24,13.904,14.261,14.784,13.859,39340.37,600583
1407,2008-01-25,14.176,14.104,14.729,13.904,17658.69,600583
1408,2008-01-28,13.029,13.669,14.004,13.006,12564.67,600583
1409,2008-01-29,13.724,13.046,14.004,12.879,29971.82,600583
1410,2008-01-30,12.974,12.941,13.654,12.624,43227.92,600583
1411,2008-01-31,12.881,12.366,13.004,12.123,21357.3,600583
1412,2008-02-01,12.258,12.601,12.926,12.258,23839.61,600583
1413,2008-02-04,12.886,13.376,13.579,12.879,16697.84,600583
1414,2008-02-05,13.429,13.416,13.749,13.254,10579.69,600583
1415,2008-02-13,13.379,13.154,13.424,12.941,2549.1,600583
1416,2008-02-14,13.251,13.386,13.424,13.036,7914.48,600583
1417,2008-02-15,13.179,13.086,13.401,12.916,5206.4,600583
1418,2008-02-19,13.204,13.246,13.376,12.954,17422.39,600583
1419,2008-02-20,13.279,13.446,13.641,13.204,13369.1,600583
1420,2008-02-21,13.504,13.754,13.929,13.279,10913.3,600583
1421,2008-02-22,13.954,13.351,13.954,13.074,16264.2,600583
1422,2008-02-25,13.169,13.046,13.479,12.856,8574.36,600583
1423,2008-02-26,13.296,12.821,13.404,12.378,22411.05,600583
1424,2008-02-27,12.804,12.789,12.954,12.578,15218.71,600583
1425,2008-02-28,12.824,12.503,12.991,12.378,7423.26,600583
1426,2008-02-29,12.528,12.694,12.729,12.378,12355.32,600583
1427,2008-03-03,12.829,13.194,13.269,12.508,19702.59,600583
1428,2008-03-04,13.254,13.129,13.379,12.884,4166.91,600583
1429,2008-03-05,12.781,12.696,13.101,12.483,13446.18,600583
1430,2008-03-06,12.754,13.004,13.266,12.553,19204.22,600583
1431,2008-03-07,13.256,13.131,13.904,13.054,79862.71,600583
1432,2008-03-10,13.131,12.951,13.501,12.631,36613.53,600583
1433,2008-03-11,12.951,12.664,13.004,12.378,28338.16,600583
1434,2008-03-12,12.966,12.058,12.974,12.003,26742.52,600583
1435,2008-03-13,11.998,11.953,12.066,11.503,31147.42,600583
1436,2008-03-14,11.831,11.868,12.203,11.831,12792.02,600583
1437,2008-03-17,11.878,11.408,12.221,11.303,16033.37,600583
1438,2008-03-18,11.373,11.343,11.756,10.883,26803.23,600583
1439,2008-03-19,11.691,11.828,11.848,11.343,25894.58,600583
1440,2008-03-20,11.803,11.898,11.978,11.033,24821.96,600583
1441,2008-03-21,12.001,11.981,12.053,11.703,11641.8,600583
1442,2008-03-24,11.991,11.623,12.253,11.616,16544.97,600583
1443,2008-03-25,11.458,11.538,11.778,11.386,17888.54,600583
1444,2008-03-26,11.693,11.248,11.753,11.241,13479.08,600583
1445,2008-03-27,11.003,10.931,11.253,10.911,20341.46,600583
1446,2008-03-28,10.933,11.378,11.391,10.803,12455.81,600583
1447,2008-04-01,11.201,11.136,11.201,10.77,15559.06,600583
1448,2008-04-02,11.191,11.031,11.211,10.748,9377.3,600583
1449,2008-04-03,10.956,11.078,11.473,10.505,9435.7,600583
1450,2008-04-07,11.028,11.378,11.553,11.028,29080.12,600583
1451,2008-04-08,11.598,11.358,11.696,11.288,27301.04,600583
1452,2008-04-09,11.428,11.306,11.593,10.991,15566.01,600583
1453,2008-04-10,11.248,11.306,11.416,11.008,6125.12,600583
1454,2008-04-11,11.466,11.498,11.628,11.378,17660.6,600583
1455,2008-04-14,11.259,10.913,11.67,10.758,25516.71,600583
1456,2008-04-15,10.663,10.713,11.144,10.172,32012.34,600583
1457,2008-04-16,10.918,10.908,11.294,10.718,36960.09,600583
1458,2008-04-17,10.943,10.443,11.109,10.407,36776.73,600583
1459,2008-04-18,10.443,10.553,10.758,10.167,34437.5,600583
1460,2008-04-21,11.519,10.518,11.519,10.267,39088.95,600583
1461,2008-04-22,10.277,10.518,10.658,9.842,27448.5,600583
1462,2008-04-23,10.518,11.299,11.419,10.267,30870.49,600583
1463,2008-04-24,12.261,12.261,12.396,11.725,194968.25,600583
1464,2008-04-25,12.12,11.715,12.261,11.529,94288.71,600583
1465,2008-04-28,11.494,11.579,11.92,11.469,41868.23,600583
1466,2008-04-29,11.675,12.05,12.331,11.524,35944.0,600583
1467,2008-04-30,12.521,12.316,12.852,12.07,34268.62,600583
1468,2008-05-05,12.316,12.321,12.411,12.02,42679.24,600583
1469,2008-05-06,12.276,12.11,12.416,11.92,31104.84,600583
1470,2008-05-07,12.11,12.281,13.022,12.07,89551.59,600583
1471,2008-05-08,12.145,13.508,13.508,12.145,137597.82,600583
1472,2008-05-09,13.738,13.603,13.748,13.172,64872.86,600583
1473,2008-05-12,13.458,13.833,14.199,13.217,56003.81,600583
1474,2008-05-13,13.483,13.292,13.973,13.022,43999.96,600583
1475,2008-05-14,13.272,13.397,13.613,13.022,40530.39,600583
1476,2008-05-15,13.423,13.553,13.673,13.322,41504.64,600583
1477,2008-05-19,13.523,13.818,13.978,12.927,24307.17,600583
1478,2008-05-20,13.773,13.042,13.958,13.027,34928.35,600583
1479,2008-05-21,13.022,13.758,14.024,12.521,50228.03,600583
1480,2008-05-22,13.548,13.728,14.529,13.172,94494.62,600583
1481,2008-05-23,13.718,13.568,14.324,13.528,73292.79,600583
1482,2008-05-26,13.478,13.222,13.553,13.172,21704.47,600583
1483,2008-05-27,13.172,12.721,13.513,12.271,47835.18,600583
1484,2008-05-28,12.726,12.796,12.862,12.341,46604.53,600583
1485,2008-05-29,12.771,12.731,13.112,12.646,31141.81,600583
1486,2008-05-30,12.771,12.416,12.872,12.175,18554.03,600583
1487,2008-06-02,12.296,12.321,12.711,12.125,19221.61,600583
1488,2008-06-03,12.271,12.286,12.531,12.17,9963.28,600583
1489,2008-06-04,12.291,12.02,12.401,11.95,34630.87,600583
1490,2008-06-05,11.925,11.81,12.07,11.519,24257.26,600583
1491,2008-06-06,11.945,12.02,12.371,11.725,17756.4,600583
1492,2008-06-10,11.77,11.514,12.316,11.023,45001.2,600583
1493,2008-06-11,11.209,11.69,11.81,11.209,31601.42,600583
1494,2008-06-12,11.574,11.549,11.795,11.394,26896.88,600583
1495,2008-06-13,11.459,11.78,11.905,11.424,34811.01,600583
1496,2008-06-16,11.87,11.489,11.955,11.319,31027.02,600583
1497,2008-06-17,11.274,11.124,11.599,10.573,40359.63,600583
1498,2008-06-18,10.773,11.484,11.594,10.773,36728.42,600583
1499,2008-06-19,11.484,11.219,11.484,11.018,19603.23,600583
1500,2008-06-20,11.524,11.469,11.92,11.194,40171.12,600583
1501,2008-06-23,11.414,11.018,11.419,10.918,26656.54,600583
1502,2008-06-24,10.848,11.124,11.194,10.848,19118.19,600583
1503,2008-06-25,11.169,11.554,11.645,11.169,24580.2,600583
1504,2008-06-26,11.519,11.574,11.63,11.419,19989.83,600583
1505,2008-06-27,11.224,11.269,11.569,11.134,21172.02,600583
1506,2008-06-30,11.219,10.913,11.364,10.878,26513.86,600583
1507,2008-07-01,10.913,11.314,11.369,10.568,35974.8,600583
1508,2008-07-02,11.269,11.559,11.78,11.044,30806.06,600583
1509,2008-07-03,11.469,12.02,12.22,11.324,48294.77,600583
1510,2008-07-04,12.02,11.98,12.11,11.92,23035.37,600583
1511,2008-07-07,11.98,12.491,12.521,11.98,50494.31,600583
1512,2008-07-08,12.521,12.351,13.122,12.271,45902.66,600583
1513,2008-07-09,12.311,12.516,12.596,11.96,57863.66,600583
1514,2008-07-10,12.16,12.286,12.521,12.075,23697.46,600583
1515,2008-07-11,12.226,12.095,12.421,11.97,14908.94,600583
1516,2008-07-14,12.095,12.165,12.391,12.045,6984.98,600583
1517,2008-07-15,12.321,11.66,12.321,11.544,11690.29,600583
1518,2008-07-16,11.619,11.8,11.865,11.324,14456.59,600583
1519,2008-07-17,11.82,11.805,12.12,11.74,19794.3,600583
1520,2008-07-18,11.91,11.8,12.055,11.369,11325.09,600583
1521,2008-07-21,11.8,12.095,12.16,11.594,12049.85,600583
1522,2008-07-22,12.12,12.311,12.401,12.02,13609.8,600583
1523,2008-07-23,12.316,12.085,12.416,12.0,15296.72,600583
1524,2008-07-24,12.085,12.215,12.246,11.98,22889.33,600583
1525,2008-07-25,12.025,12.17,12.371,12.02,9889.53,600583
1526,2008-07-28,12.271,12.165,12.271,12.0,25519.33,600583
1527,2008-07-29,12.15,11.715,12.15,11.519,16897.97,600583
1528,2008-07-30,11.86,11.544,11.905,11.469,27887.74,600583
1529,2008-07-31,11.609,11.174,11.71,11.159,49327.22,600583
1530,2008-08-01,11.169,11.239,11.369,10.858,20943.14,600583
1531,2008-08-04,11.244,11.309,11.419,11.144,18910.87,600583
1532,2008-08-05,11.309,10.863,11.409,10.858,23554.14,600583
1533,2008-08-06,10.968,10.513,10.968,10.267,48343.23,600583
1534,2008-08-07,10.618,10.207,10.618,9.947,38128.14,600583
1535,2008-08-08,10.017,10.222,10.307,10.017,20777.35,600583
1536,2008-08-11,10.217,10.017,10.392,9.992,23991.7,600583
1537,2008-08-12,10.022,10.072,10.267,10.007,18208.04,600583
1538,2008-08-13,10.027,10.347,10.377,9.967,23320.94,600583
1539,2008-08-14,10.292,10.458,10.493,10.192,12825.51,600583
1540,2008-08-15,10.518,10.222,10.518,10.167,8841.83,600583
1541,2008-08-18,10.162,9.691,10.202,9.656,15665.99,600583
1542,2008-08-19,9.621,9.766,9.811,9.456,17900.89,600583
1543,2008-08-20,9.766,10.252,10.417,9.506,78774.01,600583
1544,2008-08-21,10.072,9.411,10.077,9.381,65383.13,600583
1545,2008-08-22,9.205,9.135,9.466,9.03,61930.5,600583
1546,2008-08-25,8.94,8.94,9.165,8.67,17401.48,600583
1547,2008-08-26,8.935,8.049,8.935,8.049,62778.54,600583
1548,2008-08-27,7.458,7.242,7.463,7.242,29010.0,600583
1549,2008-08-28,6.516,7.017,7.162,6.516,473000.11,600583
1550,2008-08-29,6.811,6.862,7.012,6.461,207804.27,600583
1551,2008-09-01,6.661,6.907,6.987,6.561,71825.59,600583
1552,2008-09-02,6.711,6.751,6.987,6.641,39504.18,600583
1553,2008-09-03,6.761,6.726,6.882,6.606,57619.38,600583
1554,2008-09-04,6.661,6.611,6.862,6.506,42067.32,600583
1555,2008-09-05,6.371,6.696,6.841,6.316,73367.99,600583
1556,2008-09-08,6.686,6.872,6.912,6.666,51703.27,600583
1557,2008-09-09,6.872,7.057,7.092,6.776,48535.57,600583
1558,2008-09-10,6.912,6.857,7.102,6.821,24902.28,600583
1559,2008-09-11,6.766,6.676,6.922,6.636,17311.92,600583
1560,2008-09-12,6.676,6.506,6.761,6.401,12910.74,600583
1561,2008-09-16,6.486,6.085,6.486,6.0,65511.67,600583
1562,2008-09-17,6.06,5.905,6.205,5.8,36461.57,600583
1563,2008-09-18,5.76,6.095,6.16,5.489,28369.49,600583
1564,2008-09-19,6.611,6.706,6.706,6.506,109607.49,600583
1565,2008-09-22,7.362,7.152,7.377,6.811,183225.06,600583
1566,2008-09-24,6.826,7.002,7.152,6.706,116072.26,600583
1567,2008-09-25,7.022,7.698,7.703,7.012,85944.19,600583
1568,2008-09-26,7.713,7.903,8.028,7.518,46340.22,600583
1569,2008-10-06,7.603,7.247,7.613,7.112,44486.11,600583
1570,2008-10-07,7.052,6.977,7.147,6.661,82456.54,600583
1571,2008-10-08,6.761,6.977,7.162,6.711,42520.46,600583
1572,2008-10-09,7.062,6.892,7.262,6.786,13027.56,600583
1573,2008-10-10,6.761,6.616,6.761,6.351,24306.33,600583
1574,2008-10-13,6.506,6.546,6.761,6.01,58724.81,600583
1575,2008-10-14,6.711,6.461,6.811,6.361,19953.16,600583
1576,2008-10-15,6.261,6.306,6.326,6.1,31255.27,600583
1577,2008-10-16,6.01,5.72,6.155,5.705,78848.08,600583
1578,2008-10-17,5.81,5.985,6.01,5.474,37007.62,600583
1579,2008-10-20,5.85,6.11,6.135,5.76,8898.32,600583
1580,2008-10-21,6.145,6.411,6.576,6.015,31491.97,600583
1581,2008-10-22,6.286,6.19,6.371,5.955,18431.97,600583
1582,2008-10-23,6.015,6.175,6.246,6.01,13012.87,600583
1583,2008-10-24,6.175,6.085,6.266,6.06,7189.61,600583
1584,2008-10-27,6.035,5.71,6.21,5.549,14093.24,600583
1585,2008-10-28,5.599,5.88,6.01,5.539,15173.43,600583
1586,2008-10-29,5.915,5.875,6.125,5.835,7458.24,600583
1587,2008-10-30,6.01,6.1,6.135,5.785,33849.1,600583
1588,2008-10-31,6.06,6.296,6.316,6.06,24326.79,600583
1589,2008-11-03,6.235,6.24,6.336,6.16,32744.99,600583
1590,2008-11-04,6.24,6.14,6.24,6.085,19773.47,600583
1591,2008-11-05,6.14,6.12,6.336,6.09,26698.28,600583
1592,2008-11-06,6.01,5.93,6.01,5.77,7663.68,600583
1593,2008-11-07,5.91,6.035,6.085,5.81,10452.55,600583
1594,2008-11-10,6.055,6.411,6.551,6.055,26507.63,600583
1595,2008-11-11,6.411,6.461,6.586,6.316,26457.37,600583
1596,2008-11-12,6.351,6.641,6.661,6.311,18433.64,600583
1597,2008-11-13,6.516,6.841,6.902,6.511,23422.43,600583
1598,2008-11-14,6.821,6.932,7.037,6.751,79258.3,600583
1599,2008-11-18,7.237,6.411,7.237,6.351,36530.96,600583
1600,2008-11-19,6.411,6.791,6.806,6.251,53918.17,600583
1601,2008-11-20,6.611,6.867,7.012,6.311,71257.37,600583
1602,2008-11-21,6.661,6.526,6.686,6.411,87762.11,600583
1603,2008-11-24,6.461,6.225,6.551,6.215,24387.34,600583
1604,2008-11-25,6.311,6.436,6.561,6.311,31508.99,600583
1605,2008-11-26,6.511,6.776,6.862,6.436,48685.75,600583
1606,2008-11-27,7.227,6.982,7.362,6.781,82695.24,600583
1607,2008-11-28,6.912,6.857,6.982,6.451,89486.66,600583
1608,2008-12-01,6.711,7.017,7.072,6.691,40323.46,600583
1609,2008-12-02,6.852,6.862,7.072,6.786,82777.66,600583
1610,2008-12-03,6.887,7.127,7.202,6.847,110741.64,600583
1611,2008-12-04,7.187,7.172,7.412,7.127,104094.31,600583
1612,2008-12-05,7.062,7.002,7.127,6.887,57941.93,600583
1613,2008-12-08,7.017,7.217,7.267,7.012,110163.39,600583
1614,2008-12-09,7.287,7.427,7.663,7.287,150266.23,600583
1615,2008-12-10,7.437,7.513,7.573,7.282,125929.15,600583
1616,2008-12-11,7.588,7.207,7.588,7.167,99302.74,600583
1617,2008-12-12,7.152,6.691,7.187,6.661,88974.11,600583
1618,2008-12-15,6.746,6.922,6.987,6.736,85420.0,600583
1619,2008-12-16,6.811,7.392,7.463,6.811,100601.82,600583
1620,2008-12-17,7.412,7.518,7.718,7.362,134895.71,600583
1621,2008-12-18,7.488,7.643,7.658,7.402,53391.44,600583
1622,2008-12-19,7.513,7.588,7.733,7.387,58800.94,600583
1623,2008-12-22,7.593,7.513,7.658,7.412,47513.87,600583
1624,2008-12-23,7.518,7.382,7.563,7.162,71193.43,600583
1625,2008-12-24,7.307,7.493,7.533,7.062,32921.67,600583
1626,2008-12-25,7.473,7.453,7.523,7.362,30937.24,600583
1627,2008-12-26,7.453,7.417,7.608,7.272,17402.45,600583
1628,2008-12-29,7.422,7.387,7.513,7.292,35428.64,600583
1629,2008-12-30,7.367,7.608,7.613,7.297,44311.51,600583
1630,2008-12-31,7.588,7.628,7.738,7.463,71477.1,600583
1631,2009-01-05,7.838,8.033,8.044,7.693,73526.85,600583
1632,2009-01-07,8.284,8.394,8.414,7.963,107222.75,600583
1633,2009-01-08,8.179,8.089,8.284,8.013,110419.35,600583
1634,2009-01-09,8.028,8.079,8.314,8.028,36413.88,600583
1635,2009-01-12,7.993,8.013,8.089,7.968,15875.61,600583
1636,2009-01-13,7.938,7.843,8.008,7.833,29934.84,600583
1637,2009-01-14,7.813,8.209,8.304,7.778,25494.99,600583
1638,2009-01-15,8.064,8.349,8.459,8.064,46651.79,600583
1639,2009-01-16,8.424,8.509,8.539,8.294,36414.86,600583
1640,2009-01-19,8.489,8.484,8.655,8.429,29381.08,600583
1641,2009-01-20,8.469,8.464,8.514,8.013,47251.58,600583
1642,2009-01-21,8.334,8.249,8.334,8.003,55927.31,600583
1643,2009-01-22,8.169,8.289,8.454,8.018,80495.61,600583
1644,2009-01-23,8.204,8.199,8.289,8.064,19527.4,600583
1645,2009-02-02,8.264,8.499,8.504,8.199,14138.62,600583
1646,2009-02-03,8.484,8.514,8.64,8.239,76741.64,600583
1647,2009-02-04,8.529,8.609,8.665,8.419,36507.31,600583
1648,2009-02-05,8.564,8.134,8.564,8.094,95419.95,600583
1649,2009-02-06,8.199,8.394,8.464,8.144,113249.92,600583
1650,2009-02-09,8.429,8.68,8.695,8.164,111838.68,600583
1651,2009-02-10,8.604,8.579,8.69,8.464,90444.91,600583
1652,2009-02-11,8.464,9.11,9.115,8.399,96647.43,600583
1653,2009-02-12,9.12,8.945,9.291,8.69,79088.3,600583
1654,2009-02-13,8.945,8.99,9.005,8.765,110793.75,600583
1655,2009-02-16,8.995,9.366,9.441,8.985,141871.59,600583
1656,2009-02-17,9.296,8.87,9.306,8.865,61898.05,600583
1657,2009-02-18,8.675,8.524,8.845,8.404,54745.98,600583
1658,2009-02-19,8.574,8.735,8.885,8.529,70212.59,600583
1659,2009-02-20,8.815,8.865,8.915,8.685,36415.83,600583
1660,2009-02-23,8.805,8.945,8.96,8.645,55856.64,600583
1661,2009-02-24,8.79,8.539,8.94,8.239,82025.16,600583
1662,2009-02-25,8.574,8.264,8.609,7.888,169579.47,600583
1663,2009-02-26,8.229,7.898,8.264,7.723,59232.5,600583
1664,2009-02-27,7.798,7.868,8.039,7.538,73392.5,600583
1665,2009-03-02,7.783,7.768,8.013,7.708,36768.58,600583
1666,2009-03-03,7.613,7.417,7.763,7.392,67500.77,600583
1667,2009-03-04,7.422,7.948,7.963,7.422,105487.21,600583
1668,2009-03-05,7.963,7.868,8.089,7.753,86140.31,600583
1669,2009-03-06,7.733,7.678,7.733,7.543,58615.88,600583
1670,2009-03-09,7.863,7.558,7.863,7.387,61615.92,600583
1671,2009-03-10,7.503,7.633,7.658,7.488,57954.62,600583
1672,2009-03-11,7.723,7.638,7.848,7.628,62112.0,600583
1673,2009-03-12,7.638,7.603,7.663,7.463,55218.31,600583
1674,2009-03-13,7.688,7.618,7.688,7.538,37296.87,600583
1675,2009-03-16,7.563,7.658,7.663,7.437,18015.38,600583
1676,2009-03-17,7.658,7.948,7.983,7.533,95948.42,600583
1677,2009-03-18,7.958,8.033,8.149,7.868,129021.14,600583
1678,2009-03-19,8.018,8.234,8.379,7.943,76312.78,600583
1679,2009-03-20,8.179,8.549,8.614,8.179,147475.75,600583
1680,2009-03-23,8.564,8.655,8.69,8.384,81913.46,600583
1681,2009-03-24,8.68,8.539,8.9,8.454,77891.31,600583
1682,2009-03-25,8.539,8.274,8.795,8.269,43688.26,600583
1683,2009-03-26,8.269,8.534,8.629,8.104,46642.15,600583
1684,2009-03-27,8.589,8.569,8.64,8.419,63004.28,600583
1685,2009-03-30,8.569,8.379,8.584,8.304,48151.55,600583
1686,2009-03-31,8.214,8.244,8.379,8.049,69882.02,600583
1687,2009-04-01,8.294,8.339,8.359,8.124,179415.08,600583
1688,2009-04-02,8.364,8.214,8.374,8.179,170151.71,600583
1689,2009-04-03,8.264,7.993,8.324,7.918,159134.62,600583
1690,2009-04-07,7.948,7.963,8.039,7.853,118483.89,600583
1691,2009-04-08,7.938,7.978,8.049,7.898,95408.24,600583
1692,2009-04-09,8.003,7.978,8.064,7.843,56916.02,600583
1693,2009-04-10,8.018,8.199,8.269,7.908,242958.15,600583
1694,2009-04-13,8.309,8.549,8.614,8.229,228726.85,600583
1695,2009-04-14,8.459,8.384,8.504,8.274,128155.8,600583
1696,2009-04-15,8.665,8.875,9.215,8.665,338311.55,600583
1697,2009-04-16,8.89,8.685,8.905,8.539,174416.55,600583
1698,2009-04-17,8.695,8.554,8.74,8.514,113156.61,600583
1699,2009-04-20,8.549,8.74,8.78,8.474,119986.97,600583
1700,2009-04-21,8.564,8.579,8.735,8.434,129202.14,600583
1701,2009-04-22,8.629,8.339,8.755,8.264,122735.43,600583
1702,2009-04-23,8.279,8.369,8.449,8.184,83582.17,600583
1703,2009-04-24,8.414,8.384,8.454,8.289,79929.48,600583
1704,2009-04-27,8.319,8.169,8.379,8.079,89807.31,600583
1705,2009-04-28,8.119,8.174,8.199,8.089,31596.41,600583
1706,2009-04-29,8.199,8.309,8.339,8.144,119351.63,600583
1707,2009-04-30,8.364,8.454,8.459,8.279,151678.68,600583
1708,2009-05-04,8.514,8.619,8.64,8.464,171316.11,600583
1709,2009-05-05,8.624,8.534,8.715,8.514,167463.92,600583
1710,2009-05-06,8.514,8.87,8.895,8.514,280996.39,600583
1711,2009-05-07,8.895,8.755,9.04,8.72,238430.97,600583
1712,2009-05-08,8.765,8.77,8.9,8.65,132500.54,600583
1713,2009-05-12,8.564,8.64,8.66,8.379,134624.14,600583
1714,2009-05-13,8.645,8.76,8.77,8.474,177964.58,600583
1715,2009-05-14,8.614,8.594,8.69,8.454,98023.48,600583
1716,2009-05-15,8.589,8.489,8.624,8.439,79182.32,600583
1717,2009-05-18,8.509,8.484,8.514,8.324,100129.66,600583
1718,2009-05-19,8.534,8.489,8.594,8.379,170351.96,600583
1719,2009-05-20,8.564,8.579,8.715,8.464,154909.35,600583
1720,2009-05-21,8.604,8.344,8.609,8.319,113965.0,600583
1721,2009-05-22,8.269,8.359,8.404,8.229,121186.01,600583
1722,2009-05-25,8.264,8.384,8.439,8.139,87115.99,600583
1723,2009-05-26,8.393,8.385,8.71,8.332,115046.46,600583
1724,2009-05-27,8.423,8.4,8.514,8.34,109323.99,600583
1725,2009-06-01,8.536,8.68,8.771,8.529,281117.71,600583
1726,2009-06-02,8.756,8.839,9.005,8.627,266706.97,600583
1727,2009-06-03,8.846,8.733,8.967,8.68,227448.16,600583
1728,2009-06-04,8.718,8.62,8.718,8.438,305735.21,600583
1729,2009-06-05,8.688,8.476,8.71,8.393,265204.79,600583
1730,2009-06-08,8.529,8.468,8.688,8.431,241607.35,600583
1731,2009-06-09,8.476,8.846,8.892,8.476,375926.72,600583
1732,2009-06-10,8.907,9.134,9.338,8.907,435347.4,600583
1733,2009-06-11,9.149,9.217,9.323,8.892,270453.34,600583
1734,2009-06-12,9.141,8.945,9.277,8.877,178495.0,600583
1735,2009-06-15,8.96,9.678,9.731,8.96,404520.98,600583
1736,2009-06-16,9.58,9.557,9.686,9.398,225096.49,600583
1737,2009-06-17,9.527,9.421,9.527,9.285,167872.42,600583
1738,2009-06-18,9.489,9.481,9.829,9.376,235866.62,600583
1739,2009-06-19,9.459,9.421,9.466,9.217,140435.69,600583
1740,2009-06-22,9.451,9.187,9.55,9.179,174135.33,600583
1741,2009-06-23,9.051,8.99,9.164,8.93,235858.71,600583
1742,2009-06-24,9.058,9.134,9.164,8.96,174598.97,600583
1743,2009-06-25,9.187,9.156,9.262,9.028,156193.3,600583
1744,2009-06-26,9.171,9.088,9.292,9.073,103797.58,600583
1745,2009-06-29,9.096,9.051,9.3,8.982,225089.91,600583
1746,2009-06-30,9.141,8.945,9.217,8.877,222502.17,600583
1747,2009-07-01,8.982,9.013,9.073,8.703,414847.36,600583
1748,2009-07-02,9.02,9.058,9.164,8.801,420142.19,600583
1749,2009-07-03,8.93,8.937,9.073,8.861,239996.59,600583
1750,2009-07-06,8.952,8.861,8.967,8.771,265331.04,600583
1751,2009-07-07,8.861,8.945,9.058,8.816,247457.29,600583
1752,2009-07-08,8.854,8.982,9.058,8.846,172856.45,600583
1753,2009-07-09,8.982,9.103,9.134,8.869,360912.75,600583
1754,2009-07-10,9.111,9.353,9.595,9.066,516431.87,600583
1755,2009-07-13,9.353,9.429,9.512,9.285,262004.12,600583
1756,2009-07-14,9.429,9.542,9.663,9.33,317920.76,600583
1757,2009-07-15,9.557,9.429,9.565,9.345,382926.03,600583
1758,2009-07-16,9.451,9.27,9.504,9.209,514071.09,600583
1759,2009-07-17,9.224,9.421,9.497,9.202,321613.36,600583
1760,2009-07-20,9.504,9.769,9.86,9.406,718640.36,600583
1761,2009-07-21,9.829,9.444,9.875,9.413,513051.19,600583
1762,2009-07-22,9.413,9.89,9.92,9.376,668483.77,600583
1763,2009-07-23,9.897,9.807,9.981,9.678,494121.74,600583
1764,2009-07-24,9.829,10.464,10.585,9.716,1060245.47,600583
1765,2009-07-27,10.464,10.646,10.926,10.321,838436.63,600583
1766,2009-07-28,10.623,10.578,10.646,10.351,362964.52,600583
1767,2009-07-29,10.563,10.147,10.82,9.678,621903.22,600583
1768,2009-07-30,10.222,10.313,10.396,9.95,277078.09,600583
1769,2009-07-31,10.374,10.442,10.548,10.26,378706.33,600583
1770,2009-08-03,10.457,10.411,10.57,10.192,405480.05,600583
1771,2009-08-04,10.442,10.139,10.57,9.89,471939.5,600583
1772,2009-08-05,10.2,10.139,10.291,9.965,390725.7,600583
1773,2009-08-06,10.101,9.92,10.101,9.655,520476.16,600583
1774,2009-08-07,9.92,9.716,9.943,9.61,447069.1,600583
1775,2009-08-10,9.769,9.928,9.943,9.655,305049.82,600583
1776,2009-08-11,9.897,9.776,9.943,9.739,190524.51,600583
1777,2009-08-12,9.754,9.096,9.754,9.073,275003.76,600583
1778,2009-08-13,9.126,9.058,9.224,8.884,251610.44,600583
1779,2009-08-14,9.073,8.536,9.141,8.521,527602.33,600583
1780,2009-08-17,8.483,7.856,8.483,7.803,401660.25,600583
1781,2009-08-18,7.78,8.105,8.166,7.735,251583.65,600583
1782,2009-08-19,8.128,7.833,8.189,7.75,327218.79,600583
1783,2009-08-20,7.848,8.249,8.287,7.848,422098.61,600583
1784,2009-08-21,8.257,8.257,8.393,8.09,325679.51,600583
1785,2009-08-24,8.317,8.423,8.506,8.241,285307.87,600583
1786,2009-08-25,8.431,8.151,8.431,8.015,254994.43,600583
1787,2009-08-26,8.181,8.355,8.423,8.105,211448.56,600583
1788,2009-08-27,8.332,8.544,8.65,8.219,262086.3,600583
1789,2009-08-28,8.468,8.294,8.514,8.264,206986.04,600583
1790,2009-08-31,8.166,7.871,8.166,7.826,241883.71,600583
1791,2009-09-01,7.826,7.644,7.931,7.561,164723.25,600583
1792,2009-09-02,7.78,7.697,7.833,7.621,152807.85,600583
1793,2009-09-03,7.758,8.075,8.113,7.72,211511.64,600583
1794,2009-09-04,8.075,8.09,8.151,7.939,240847.37,600583
1795,2009-09-07,8.166,8.121,8.279,8.052,191223.23,600583
1796,2009-09-08,8.128,8.234,8.241,8.015,226739.98,600583
1797,2009-09-09,8.279,8.204,8.317,8.075,197030.54,600583
1798,2009-09-10,8.234,8.431,8.476,8.211,321474.95,600583
1799,2009-09-11,8.385,8.446,8.574,8.347,250170.41,600583
1800,2009-09-14,8.468,8.491,8.544,8.393,200214.93,600583
1801,2009-09-15,8.476,8.446,8.491,8.332,244383.05,600583
1802,2009-09-16,8.446,8.294,8.446,8.196,310170.92,600583
1803,2009-09-17,8.279,8.68,8.695,8.279,463742.21,600583
1804,2009-09-18,8.68,8.506,8.922,8.332,387934.64,600583
1805,2009-09-21,8.453,8.544,8.551,8.287,163497.6,600583
1806,2009-09-22,8.529,8.332,8.604,8.325,159271.51,600583
1807,2009-09-23,8.317,8.09,8.408,8.022,200854.22,600583
1808,2009-09-24,8.075,8.113,8.128,7.901,153129.96,600583
1809,2009-09-25,8.068,8.211,8.362,8.015,199830.67,600583
1810,2009-09-28,8.234,8.03,8.31,7.947,87810.71,600583
1811,2009-09-29,7.984,8.113,8.181,7.916,111634.01,600583
1812,2009-09-30,8.166,8.105,8.272,8.0,92113.34,600583
1813,2009-10-09,8.204,8.514,8.574,8.173,189555.7,600583
1814,2009-10-12,8.582,8.415,8.589,8.393,123174.49,600583
1815,2009-10-13,8.468,8.468,8.506,8.37,133903.44,600583
1816,2009-10-14,8.514,8.536,8.733,8.476,258939.74,600583
1817,2009-10-15,8.62,8.514,8.672,8.499,121998.57,600583
1818,2009-10-16,8.559,8.604,8.627,8.476,101497.55,600583
1819,2009-10-19,8.604,8.801,8.809,8.574,225689.81,600583
1820,2009-10-20,8.884,9.224,9.459,8.861,486535.69,600583
1821,2009-10-21,9.187,9.171,9.376,9.073,284357.11,600583
1822,2009-10-22,9.209,9.368,9.413,9.058,283857.47,600583
1823,2009-10-23,9.361,9.406,9.481,9.292,229190.45,600583
1824,2009-10-26,9.406,9.02,9.436,8.99,362926.81,600583
1825,2009-10-27,8.922,8.65,8.93,8.589,324159.94,600583
1826,2009-10-28,8.62,8.688,8.771,8.468,215209.49,600583
1827,2009-10-29,8.536,8.536,8.71,8.431,175394.35,600583
1828,2009-10-30,8.506,8.559,8.771,8.491,236604.22,600583
1829,2009-11-02,8.453,8.68,8.695,8.332,227562.19,600583
1830,2009-11-03,8.718,8.93,8.99,8.657,283420.32,600583
1831,2009-11-04,8.937,8.945,9.028,8.861,220542.54,600583
1832,2009-11-05,8.952,8.998,9.028,8.861,158998.41,600583
1833,2009-11-06,9.035,8.975,9.066,8.907,235069.05,600583
1834,2009-11-09,8.99,8.907,9.013,8.801,213448.49,600583
1835,2009-11-10,9.035,8.96,9.217,8.907,324544.5,600583
1836,2009-11-11,8.982,8.846,8.982,8.793,256860.63,600583
1837,2009-11-12,8.854,8.869,8.96,8.831,201777.75,600583
1838,2009-11-13,8.824,8.846,8.899,8.688,234778.37,600583
1839,2009-11-16,8.877,9.134,9.156,8.877,370234.82,600583
1840,2009-11-17,9.156,9.111,9.187,9.043,227987.43,600583
1841,2009-11-18,9.119,9.232,9.285,9.051,320370.83,600583
1842,2009-11-19,9.255,9.323,9.413,9.224,317685.24,600583
1843,2009-11-20,9.3,9.308,9.489,9.262,405308.83,600583
1844,2009-11-23,9.3,9.232,9.338,9.111,489796.32,600583
1845,2009-11-24,9.262,8.861,9.33,8.846,541228.14,600583
1846,2009-11-25,8.846,9.005,9.02,8.695,337929.07,600583
1847,2009-11-26,9.005,8.703,9.035,8.68,373799.05,600583
1848,2009-11-27,8.597,8.612,8.763,8.551,232565.7,600583
1849,2009-11-30,8.68,8.831,8.877,8.68,221825.47,600583
1850,2009-12-01,8.831,8.96,9.005,8.801,283252.6,600583
1851,2009-12-02,9.073,9.149,9.255,9.035,367596.33,600583
1852,2009-12-03,9.187,9.028,9.194,8.892,341462.71,600583
1853,2009-12-04,8.99,9.217,9.224,8.824,433440.59,600583
1854,2009-12-07,9.217,9.27,9.33,9.149,361171.0,600583
1855,2009-12-08,9.277,9.119,9.338,8.998,336416.69,600583
1856,2009-12-09,9.066,8.975,9.187,8.967,232549.19,600583
1857,2009-12-10,9.013,9.066,9.111,8.922,159424.72,600583
1858,2009-12-11,9.073,8.975,9.111,8.937,180401.88,600583
1859,2009-12-14,8.975,9.202,9.255,8.763,354189.4,600583
1860,2009-12-15,9.179,9.134,9.247,9.088,220324.34,600583
1861,2009-12-16,9.134,9.171,9.285,9.096,302128.84,600583
1862,2009-12-17,9.202,8.884,9.202,8.861,232535.93,600583
1863,2009-12-18,8.831,8.703,8.831,8.695,193788.65,600583
1864,2009-12-21,8.718,8.748,8.801,8.672,109317.05,600583
1865,2009-12-22,8.748,8.37,8.771,8.355,258632.48,600583
1866,2009-12-23,8.423,8.362,8.529,8.219,161240.25,600583
1867,2009-12-24,8.393,8.521,8.536,8.362,223548.8,600583
1868,2009-12-25,8.491,8.408,8.491,8.393,135340.7,600583
1869,2009-12-28,8.393,8.529,8.597,8.362,162509.92,600583
1870,2009-12-29,8.536,8.506,8.604,8.393,152660.37,600583
1871,2009-12-30,8.491,8.62,8.665,8.468,264038.19,600583
1872,2010-01-04,8.756,8.385,8.763,8.234,1380982.04,600583
1873,2010-01-05,8.385,8.506,8.514,8.355,605958.79,600583
1874,2010-01-06,8.506,8.877,9.035,8.453,827238.55,600583
1875,2010-01-07,8.846,8.846,9.134,8.763,638788.85,600583
1876,2010-01-08,8.831,9.088,9.126,8.733,638120.68,600583
1877,2010-01-11,9.27,9.005,9.308,8.96,548539.32,600583
1878,2010-01-12,8.945,9.187,9.27,8.907,484992.24,600583
1879,2010-01-13,8.998,8.839,9.111,8.771,520803.99,600583
1880,2010-01-14,8.831,8.937,8.982,8.733,289688.34,600583
1881,2010-01-15,8.945,8.831,8.982,8.733,393421.43,600583
1882,2010-01-18,8.793,8.741,8.869,8.657,467342.78,600583
1883,2010-01-19,8.771,8.846,8.877,8.741,306071.28,600583
1884,2010-01-20,8.869,8.468,8.877,8.431,452635.4,600583
1885,2010-01-21,8.431,8.491,8.544,8.393,203452.81,600583
1886,2010-01-22,8.431,8.347,8.446,8.151,310697.05,600583
1887,2010-01-25,8.279,8.302,8.453,8.226,127219.36,600583
1888,2010-01-26,8.302,7.803,8.385,7.773,393774.81,600583
1889,2010-01-27,7.811,7.682,7.909,7.667,230633.42,600583
1890,2010-01-28,7.705,7.758,7.788,7.667,141433.94,600583
1891,2010-01-29,7.727,7.735,7.803,7.644,261645.83,600583
1892,2010-02-01,7.705,7.78,7.803,7.599,229106.4,600583
1893,2010-02-02,7.795,7.697,7.848,7.682,177571.94,600583
1894,2010-02-04,7.863,7.962,8.075,7.795,358351.99,600583
1895,2010-02-05,7.788,7.894,8.007,7.72,222107.9,600583
1896,2010-02-08,7.871,8.015,8.06,7.712,236437.07,600583
1897,2010-02-09,7.992,8.0,8.052,7.901,86411.57,600583
1898,2010-02-10,8.045,7.962,8.075,7.871,164570.83,600583
1899,2010-02-11,8.0,7.833,8.0,7.773,194699.55,600583
1900,2010-02-12,7.848,7.871,7.879,7.75,206538.21,600583
1901,2010-02-22,7.916,7.977,8.052,7.833,211961.61,600583
1902,2010-02-23,7.939,7.886,7.984,7.811,118715.14,600583
1903,2010-02-24,7.841,7.977,7.977,7.788,155148.47,600583
1904,2010-02-25,7.977,8.03,8.045,7.939,234668.62,600583
1905,2010-02-26,8.015,7.886,8.015,7.848,297049.11,600583
1906,2010-03-01,7.863,7.931,7.984,7.826,243245.53,600583
1907,2010-03-02,7.939,8.098,8.189,7.901,509933.98,600583
1908,2010-03-03,8.121,8.151,8.211,8.052,295293.96,600583
1909,2010-03-04,8.128,7.962,8.272,7.939,284573.53,600583
1910,2010-03-05,7.962,7.909,8.022,7.863,218043.9,600583
1911,2010-03-08,7.909,7.909,7.954,7.879,150438.04,600583
1912,2010-03-09,7.909,7.879,7.909,7.773,293739.73,600583
1913,2010-03-10,7.863,7.795,7.871,7.773,171421.15,600583
1914,2010-03-11,7.803,7.833,7.879,7.72,291377.46,600583
1915,2010-03-12,7.826,7.659,7.833,7.652,252851.49,600583
1916,2010-03-15,7.674,7.584,7.697,7.546,259256.62,600583
1917,2010-03-16,7.584,7.606,7.621,7.538,137683.37,600583
1918,2010-03-17,7.621,7.712,7.72,7.591,151591.16,600583
1919,2010-03-18,7.72,7.659,7.72,7.621,154536.93,600583
1920,2010-03-19,7.674,7.682,7.697,7.591,155298.26,600583
1921,2010-03-22,7.674,7.682,7.72,7.629,167143.94,600583
1922,2010-03-23,7.682,7.606,7.697,7.591,193273.44,600583
1923,2010-03-24,7.614,7.599,7.667,7.584,174638.8,600583
1924,2010-03-25,7.614,7.523,7.652,7.501,255500.1,600583
1925,2010-03-26,7.485,7.576,7.584,7.38,270939.92,600583
1926,2010-03-29,7.584,7.659,7.682,7.561,343849.44,600583
1927,2010-03-30,7.637,7.546,7.659,7.463,925195.76,600583
1928,2010-03-31,7.553,7.485,7.569,7.47,393868.86,600583
1929,2010-04-01,7.493,7.546,7.561,7.448,426196.63,600583
1930,2010-04-02,7.546,7.569,7.584,7.501,358582.06,600583
1931,2010-04-06,7.591,7.69,7.75,7.591,570415.46,600583
1932,2010-04-07,7.705,7.659,7.712,7.606,263982.51,600583
1933,2010-04-08,7.652,7.531,7.652,7.516,286700.98,600583
1934,2010-04-09,7.531,7.546,7.584,7.493,188685.15,600583
1935,2010-04-12,7.538,7.47,7.546,7.448,322895.68,600583
1936,2010-04-13,7.47,7.508,7.546,7.41,259933.66,600583
1937,2010-04-14,7.538,7.553,7.629,7.531,268028.53,600583
1938,2010-04-15,7.561,7.508,7.599,7.478,221943.54,600583
1939,2010-04-16,7.508,7.448,7.516,7.41,195693.6,600583
1940,2010-04-19,7.417,6.964,7.417,6.956,399086.09,600583
1941,2010-04-21,6.971,6.911,7.017,6.714,495314.19,600583
1942,2010-04-22,6.918,6.767,6.926,6.722,377059.42,600583
1943,2010-04-23,6.775,6.707,6.835,6.654,326795.02,600583
1944,2010-04-26,6.737,6.79,6.835,6.714,297498.05,600583
1945,2010-04-27,6.805,6.472,6.805,6.351,370755.03,600583
1946,2010-04-28,6.419,6.283,6.419,6.245,221634.33,600583
1947,2010-04-29,6.306,6.291,6.374,6.253,223260.66,600583
1948,2010-04-30,6.298,6.382,6.389,6.23,207970.82,600583
1949,2010-05-04,6.313,6.291,6.382,6.261,128575.11,600583
1950,2010-05-05,6.238,6.268,6.276,6.049,217890.54,600583
1951,2010-05-06,6.238,6.117,6.238,6.087,211992.17,600583
1952,2010-05-07,5.99,6.054,6.208,5.917,140671.48,600583
1953,2010-05-10,6.008,6.008,6.081,5.89,171920.7,600583
1954,2010-05-11,6.099,5.845,6.135,5.781,244531.35,600583
1955,2010-05-12,5.808,5.872,5.908,5.754,254593.75,600583
1956,2010-05-13,5.854,5.881,5.899,5.754,183231.35,600583
1957,2010-05-14,5.863,5.808,5.863,5.781,162340.18,600583
1958,2010-05-17,5.745,5.291,5.745,5.273,286725.89,600583
1959,2010-05-18,5.291,5.346,5.373,5.191,258664.13,600583
1960,2010-05-19,5.355,5.464,5.545,5.309,373512.47,600583
1961,2010-05-20,5.391,5.346,5.527,5.327,181103.17,600583
1962,2010-05-21,5.219,5.4,5.445,5.173,201322.55,600583
1963,2010-05-24,5.436,5.591,5.627,5.409,368288.74,600583
1964,2010-05-25,5.554,5.455,5.563,5.427,288111.9,600583
1965,2010-05-26,5.436,5.482,5.509,5.418,170493.0,600583
1966,2010-05-27,5.482,5.545,5.573,5.337,284728.27,600583
1967,2010-05-28,5.591,5.545,5.609,5.518,246762.23,600583
1968,2010-05-31,5.527,5.346,5.527,5.337,174306.12,600583
1969,2010-06-01,5.3,5.228,5.337,5.164,159494.05,600583
1970,2010-06-02,5.191,5.237,5.246,5.101,142812.36,600583
1971,2010-06-03,5.246,5.173,5.318,5.173,156497.81,600583
1972,2010-06-04,5.173,5.182,5.191,5.128,79560.25,600583
1973,2010-06-07,5.092,5.046,5.101,5.019,148989.7,600583
1974,2010-06-08,5.055,5.037,5.092,5.01,130043.55,600583
1975,2010-06-09,5.073,5.2,5.209,5.037,225142.39,600583
1976,2010-06-10,5.164,5.082,5.173,5.073,185181.6,600583
1977,2010-06-11,5.101,5.155,5.191,5.092,171703.19,600583
1978,2010-06-17,5.182,5.119,5.209,5.11,96605.18,600583
1979,2010-06-18,5.128,5.064,5.128,5.055,156478.31,600583
1980,2010-06-21,5.064,5.191,5.219,5.019,180589.4,600583
1981,2010-06-22,5.164,5.164,5.2,5.137,128359.38,600583
1982,2010-06-23,5.137,5.11,5.146,5.055,159569.51,600583
1983,2010-06-24,5.101,5.064,5.11,5.055,96799.4,600583
1984,2010-06-25,5.037,5.019,5.082,4.992,102873.29,600583
1985,2010-06-28,5.019,4.946,5.037,4.937,128026.98,600583
1986,2010-06-29,4.946,4.719,4.974,4.611,209426.81,600583
1987,2010-06-30,4.656,4.502,4.665,4.456,213367.84,600583
1988,2010-07-01,4.493,4.402,4.529,4.393,149363.73,600583
1989,2010-07-02,4.402,4.311,4.402,4.22,316349.28,600583
1990,2010-07-05,4.275,4.229,4.275,4.157,153097.13,600583
1991,2010-07-06,4.229,4.302,4.311,4.22,175114.23,600583
1992,2010-07-07,4.284,4.502,4.52,4.229,336765.24,600583
1993,2010-07-08,4.483,4.429,4.502,4.42,199140.86,600583
1994,2010-07-09,4.42,4.502,4.592,4.356,304240.18,600583
1995,2010-07-12,4.511,4.547,4.601,4.493,233711.0,600583
1996,2010-07-13,4.52,4.393,4.52,4.356,203624.83,600583
1997,2010-07-14,4.42,4.42,4.511,4.384,218903.57,600583
1998,2010-07-15,4.411,4.238,4.447,4.229,265407.81,600583
1999,2010-07-16,4.22,4.284,4.302,4.202,119354.35,600583
2000,2010-07-19,4.266,4.402,4.429,4.229,231102.36,600583
2001,2010-07-20,4.402,4.846,4.846,4.402,811472.22,600583
2002,2010-07-21,4.937,5.327,5.327,4.901,1658244.3,600583
2003,2010-07-22,5.327,5.373,5.427,5.228,1326737.38,600583
2004,2010-07-23,5.382,5.491,5.7,5.3,1440024.64,600583
2005,2010-07-26,5.5,5.509,5.527,5.4,684181.73,600583
2006,2010-07-27,5.473,5.5,5.582,5.382,761861.05,600583
2007,2010-07-28,5.473,6.054,6.054,5.409,1202661.77,600583
2008,2010-07-29,6.235,6.008,6.29,5.881,1442174.95,600583
2009,2010-07-30,5.972,5.917,5.972,5.808,807802.97,600583
2010,2010-08-02,5.899,6.081,6.253,5.863,1112036.24,600583
2011,2010-08-03,6.072,5.854,6.072,5.845,845690.51,600583
2012,2010-08-04,5.818,6.044,6.063,5.79,892956.3,600583
2013,2010-08-05,6.044,6.035,6.063,5.908,618134.01,600583
2014,2010-08-06,5.963,6.28,6.489,5.936,1269866.69,600583
2015,2010-08-09,6.217,6.253,6.353,6.172,706255.0,600583
2016,2010-08-10,6.217,5.917,6.235,5.899,778583.06,600583
2017,2010-08-11,5.872,5.963,5.99,5.827,485384.25,600583
2018,2010-08-12,5.881,5.781,5.972,5.754,477550.95,600583
2019,2010-08-13,5.781,5.926,5.945,5.763,420075.09,600583
2020,2010-08-17,6.108,6.054,6.217,5.99,716922.91,600583
2021,2010-08-18,6.017,6.135,6.162,5.972,534217.99,600583
2022,2010-08-19,6.181,6.135,6.217,6.044,551893.01,600583
2023,2010-08-20,6.081,6.162,6.299,6.044,886197.89,600583
2024,2010-08-23,6.108,6.054,6.153,5.963,565028.73,600583
2025,2010-08-24,6.026,5.972,6.044,5.808,427649.13,600583
2026,2010-08-25,5.899,5.718,5.945,5.718,525711.09,600583
2027,2010-08-26,5.718,5.754,5.827,5.709,262860.0,600583
2028,2010-08-27,5.7,5.627,5.709,5.545,405229.0,600583
2029,2010-08-30,5.672,6.19,6.19,5.636,1346035.0,600583
2030,2010-08-31,6.208,6.099,6.299,6.063,897269.0,600583
2031,2010-09-01,6.081,6.299,6.471,6.035,1220030.0,600583
2032,2010-09-02,6.498,6.498,6.643,6.407,1158854.0,600583
2033,2010-09-03,6.444,6.444,6.562,6.335,702900.0,600583
2034,2010-09-06,6.453,6.471,6.525,6.335,570160.0,600583
2035,2010-09-07,6.471,6.734,6.916,6.417,993972.0,600583
2036,2010-09-08,6.671,6.671,6.689,6.553,592778.0,600583
2037,2010-09-09,6.662,6.435,6.671,6.371,598204.0,600583
2038,2010-09-10,6.389,6.48,6.562,6.371,405467.0,600583
2039,2010-09-13,6.48,6.535,6.58,6.444,422062.0,600583
2040,2010-09-14,6.535,6.462,6.58,6.426,395867.0,600583
2041,2010-09-15,6.444,6.326,6.444,6.271,432824.0,600583
2042,2010-09-16,6.326,6.453,6.498,6.262,553844.0,600583
2043,2010-09-17,6.453,6.29,6.489,6.262,381091.0,600583
2044,2010-09-20,6.253,5.981,6.262,5.954,459485.0,600583
2045,2010-09-21,5.999,5.908,6.035,5.89,268730.0,600583
2046,2010-09-27,5.945,6.09,6.135,5.945,252976.0,600583
2047,2010-09-28,6.081,5.945,6.081,5.917,232989.0,600583
2048,2010-09-29,5.936,5.917,6.017,5.881,209072.0,600583
2049,2010-09-30,5.89,6.081,6.117,5.836,286485.0,600583
2050,2010-10-08,6.199,6.407,6.535,6.153,590114.0,600583
2051,2010-10-11,6.462,6.516,6.707,6.462,774949.0,600583
2052,2010-10-12,6.471,6.634,6.698,6.38,742076.0,600583
2053,2010-10-13,6.625,6.616,6.653,6.471,528997.0,600583
2054,2010-10-14,6.616,6.435,6.752,6.426,718932.0,600583
2055,2010-10-15,6.389,6.816,7.079,6.353,1339961.0,600583
2056,2010-10-18,6.879,7.297,7.487,6.798,2124132.0,600583
2057,2010-10-19,7.242,7.279,7.288,7.006,1005799.0,600583
2058,2010-10-20,6.979,7.333,7.515,6.979,1115989.0,600583
2059,2010-10-21,7.324,7.161,7.433,7.07,810491.0,600583
2060,2010-10-22,7.088,7.061,7.197,6.988,540076.0,600583
2061,2010-10-25,7.061,7.397,7.442,7.034,889712.0,600583
2062,2010-10-26,7.442,7.424,7.642,7.333,981492.0,600583
2063,2010-10-27,7.288,7.106,7.342,7.052,782517.0,600583
2064,2010-10-28,7.034,6.961,7.106,6.889,551226.0,600583
2065,2010-10-29,6.943,7.016,7.07,6.907,384188.0,600583
2066,2010-11-01,7.034,7.143,7.27,7.034,522110.0,600583
2067,2010-11-03,7.124,6.934,7.124,6.916,464596.0,600583
2068,2010-11-04,6.925,7.252,7.315,6.925,725986.0,600583
2069,2010-11-05,7.288,7.424,7.533,7.188,1030630.0,600583
2070,2010-11-08,7.442,7.388,7.442,7.27,581662.0,600583
2071,2010-11-09,7.406,7.27,7.415,7.17,621925.0,600583
2072,2010-11-10,7.252,7.297,7.451,7.088,609363.0,600583
2073,2010-11-11,7.261,7.832,8.023,7.206,2857506.0,600583
2074,2010-11-12,7.787,7.134,7.987,7.052,2021993.0,600583
2075,2010-11-15,7.17,7.17,7.252,6.898,859349.0,600583
2076,2010-11-16,7.152,6.952,7.333,6.771,859908.0,600583
2077,2010-11-17,6.789,6.625,6.97,6.535,515438.0,600583
2078,2010-11-18,6.634,6.625,6.807,6.535,366771.0,600583
2079,2010-11-19,6.689,6.752,6.789,6.516,436147.0,600583
2080,2010-11-22,6.671,6.825,6.988,6.634,505286.0,600583
2081,2010-11-23,6.761,6.544,6.761,6.462,364319.0,600583
2082,2010-11-24,6.462,6.662,6.689,6.462,258889.0,600583
2083,2010-11-25,6.716,6.789,6.852,6.707,310732.0,600583
2084,2010-11-26,6.789,6.843,6.852,6.58,413158.0,600583
2085,2010-11-30,6.698,6.662,6.78,6.426,697328.0,600583
2086,2010-12-01,6.58,6.525,6.698,6.498,322492.0,600583
2087,2010-12-03,6.58,6.607,6.752,6.507,403039.0,600583
2088,2010-12-06,6.653,6.58,6.698,6.453,243895.0,600583
2089,2010-12-07,6.525,6.58,6.616,6.444,224817.0,600583
2090,2010-12-08,6.598,6.653,6.825,6.58,334343.0,600583
2091,2010-12-09,6.562,6.48,6.607,6.471,201254.0,600583
2092,2010-12-10,6.453,6.562,6.589,6.398,198518.0,600583
2093,2010-12-13,6.616,7.215,7.215,6.616,1690192.0,600583
2094,2010-12-14,7.261,7.297,7.415,7.088,1264344.0,600583
2095,2010-12-15,7.261,7.351,7.615,7.188,783470.0,600583
2096,2010-12-16,7.351,7.252,7.433,7.224,366634.0,600583
2097,2010-12-17,7.27,7.397,7.433,7.206,388344.0,600583
2098,2010-12-20,7.442,7.397,7.687,7.17,790351.0,600583
2099,2010-12-21,7.433,7.605,7.714,7.242,898069.0,600583
2100,2010-12-22,7.669,7.515,7.796,7.442,629099.0,600583
2101,2010-12-23,7.515,7.252,7.515,7.197,494415.0,600583
2102,2010-12-24,7.17,7.061,7.261,6.97,399606.0,600583
2103,2010-12-27,7.079,6.925,7.288,6.898,382265.0,600583
2104,2010-12-28,6.925,6.879,7.016,6.789,328690.0,600583
2105,2010-12-29,6.889,7.052,7.061,6.798,231495.0,600583
2106,2010-12-30,7.061,7.124,7.134,6.943,259041.0,600583
2107,2010-12-31,7.134,7.351,7.37,7.07,417292.0,600583
2108,2011-01-04,7.433,7.388,7.46,7.279,413760.0,600583
2109,2011-01-05,7.351,7.578,7.651,7.288,740396.0,600583
2110,2011-01-06,7.533,7.524,7.642,7.46,362690.0,600583
2111,2011-01-07,7.487,7.333,7.524,7.252,508786.0,600583
2112,2011-01-10,7.315,7.252,7.469,7.197,319211.0,600583
2113,2011-01-11,7.188,7.397,7.451,7.152,349536.0,600583
2114,2011-01-12,7.433,7.379,7.46,7.224,229183.0,600583
2115,2011-01-13,7.397,7.388,7.46,7.261,273281.0,600583
2116,2011-01-14,7.333,7.206,7.351,7.179,240907.0,600583
2117,2011-01-17,7.124,6.725,7.17,6.707,386873.0,600583
2118,2011-01-18,6.716,6.698,6.798,6.607,201869.0,600583
2119,2011-01-19,6.716,6.97,6.979,6.643,291853.0,600583
2120,2011-01-20,6.925,6.671,6.934,6.662,219180.0,600583
2121,2011-01-21,6.662,7.079,7.179,6.634,531774.0,600583
2122,2011-01-24,7.07,7.351,7.696,7.025,821371.0,600583
2123,2011-01-25,7.315,7.37,7.433,7.206,347463.0,600583
2124,2011-01-26,7.36,7.442,7.497,7.224,377268.0,600583
2125,2011-01-27,7.37,7.941,8.159,7.324,1714864.0,600583
2126,2011-01-28,7.787,7.832,8.059,7.742,1039655.0,600583
2127,2011-01-31,7.832,8.177,8.259,7.832,1084433.0,600583
2128,2011-02-01,8.259,8.05,8.404,7.969,601064.0,600583
2129,2011-02-09,7.923,8.014,8.114,7.86,514059.0,600583
2130,2011-02-10,7.95,8.096,8.132,7.823,585203.0,600583
2131,2011-02-11,8.068,7.969,8.295,7.95,644897.0,600583
2132,2011-02-14,7.896,8.259,8.35,7.86,1065237.0,600583
2133,2011-02-15,8.214,8.313,8.549,8.159,1085965.0,600583
2134,2011-02-16,8.35,8.45,8.522,8.259,751130.0,600583
2135,2011-02-17,8.468,8.35,8.513,8.214,544659.0,600583
2136,2011-02-18,8.332,8.177,8.404,8.15,487563.0,600583
2137,2011-02-21,8.132,8.295,8.395,8.077,535203.0,600583
2138,2011-02-22,8.359,7.905,8.422,7.851,870297.0,600583
2139,2011-02-23,7.905,7.887,8.014,7.787,414501.0,600583
2140,2011-02-24,7.86,7.969,8.05,7.851,404632.0,600583
2141,2011-02-25,7.941,7.905,7.969,7.787,348582.0,600583
2142,2011-02-28,7.941,8.277,8.313,7.941,622571.0,600583
2143,2011-03-01,8.286,8.159,8.313,8.077,462931.0,600583
2144,2011-03-02,8.086,8.105,8.304,7.959,477920.0,600583
2145,2011-03-03,8.141,7.869,8.214,7.796,550105.0,600583
2146,2011-03-04,7.887,7.914,7.969,7.823,344082.0,600583
2147,2011-03-07,7.959,8.068,8.123,7.923,432466.0,600583
2148,2011-03-08,8.077,7.996,8.096,7.941,380005.0,600583
2149,2011-03-09,8.096,8.522,8.54,8.096,1523906.0,600583
2150,2011-03-10,8.45,8.341,8.486,8.313,689976.0,600583
2151,2011-03-11,8.295,8.45,8.767,8.268,1098327.0,600583
2152,2011-03-14,8.395,8.35,8.685,8.241,806532.0,600583
2153,2011-03-15,8.304,8.159,8.313,7.987,652622.0,600583
2154,2011-03-16,8.15,8.214,8.332,8.059,397597.0,600583
2155,2011-03-17,8.077,7.987,8.214,7.823,437973.0,600583
2156,2011-03-18,8.032,7.987,8.123,7.896,285241.0,600583
2157,2011-03-21,7.987,8.041,8.077,7.95,232281.0,600583
2158,2011-03-22,8.077,8.114,8.159,7.869,314407.0,600583
2159,2011-03-23,8.159,8.286,8.413,8.159,563824.0,600583
2160,2011-03-24,8.304,8.25,8.377,8.232,278452.0,600583
2161,2011-03-25,8.259,8.286,8.368,8.223,347172.0,600583
2162,2011-03-28,8.313,8.05,8.359,7.969,572608.0,600583
2163,2011-03-29,8.005,7.923,8.059,7.86,468103.0,600583
2164,2011-03-30,7.86,7.696,7.959,7.587,492564.0,600583
2165,2011-03-31,7.696,7.733,7.769,7.605,272027.0,600583
2166,2011-04-01,7.733,7.678,7.778,7.351,397707.0,600583
2167,2011-04-06,7.624,7.633,7.687,7.478,283421.0,600583
2168,2011-04-07,7.678,7.624,7.787,7.533,398018.0,600583
2169,2011-04-08,7.615,7.805,7.841,7.551,436518.0,600583
2170,2011-04-11,7.805,7.642,7.941,7.605,496453.0,600583
2171,2011-04-12,7.615,7.578,7.696,7.524,396134.0,600583
2172,2011-04-13,7.542,7.487,7.551,7.406,431613.0,600583
2173,2011-04-14,7.506,7.515,7.578,7.478,290855.0,600583
2174,2011-04-15,7.497,7.36,7.533,7.306,455766.0,600583
2175,2011-04-18,7.324,7.197,7.351,7.161,504404.0,600583
2176,2011-04-19,7.17,7.079,7.17,7.006,381975.0,600583
2177,2011-04-20,7.079,7.161,7.197,7.079,248554.0,600583
2178,2011-04-21,7.188,7.306,7.351,7.179,329959.0,600583
2179,2011-04-25,7.279,7.016,7.279,7.006,282702.0,600583
2180,2011-04-26,7.016,7.079,7.152,6.952,219358.0,600583
2181,2011-04-27,7.043,6.78,7.106,6.671,466303.0,600583
2182,2011-04-28,6.798,6.58,6.834,6.571,255328.0,600583
2183,2011-04-29,6.58,6.671,6.689,6.58,126510.0,600583
2184,2011-05-03,6.716,6.698,6.78,6.643,162167.0,600583
2185,2011-05-04,6.689,6.435,6.689,6.398,300643.0,600583
2186,2011-05-05,6.417,6.435,6.48,6.362,165639.0,600583
2187,2011-05-06,6.371,6.262,6.38,6.172,289131.0,600583
2188,2011-05-09,6.28,6.426,6.48,6.271,247265.0,600583
2189,2011-05-10,6.489,6.417,6.489,6.353,131747.0,600583
2190,2011-05-11,6.444,6.389,6.462,6.335,137462.0,600583
2191,2011-05-12,6.335,6.217,6.362,6.199,183937.0,600583
2192,2011-05-13,6.226,6.371,6.371,6.19,189867.0,600583
2193,2011-05-16,6.353,6.417,6.48,6.308,205835.0,600583
2194,2011-05-17,6.417,6.507,6.607,6.326,257369.0,600583
2195,2011-05-18,6.507,6.516,6.571,6.462,141761.0,600583
2196,2011-05-19,6.535,6.426,6.562,6.417,126060.0,600583
2197,2011-05-20,6.417,6.335,6.453,6.308,146327.0,600583
2198,2011-05-23,6.317,6.135,6.335,6.126,177675.0,600583
2199,2011-05-24,6.144,6.172,6.208,6.081,126944.0,600583
2200,2011-05-25,6.19,6.126,6.226,6.108,108938.0,600583
2201,2011-05-26,6.153,5.827,6.208,5.808,323666.0,600583
2202,2011-05-27,5.845,5.663,5.845,5.636,203122.0,600583
2203,2011-05-30,5.663,5.654,5.727,5.618,115710.0,600583
2204,2011-05-31,5.681,5.763,5.772,5.636,120033.0,600583
2205,2011-06-01,5.763,5.881,5.936,5.718,181554.0,600583
2206,2011-06-02,5.808,5.79,5.854,5.691,154379.0,600583
2207,2011-06-03,5.79,5.872,5.917,5.763,135361.0,600583
2208,2011-06-07,5.836,5.872,5.89,5.818,94832.0,600583
2209,2011-06-08,5.872,5.818,5.872,5.691,172727.0,600583
2210,2011-06-09,5.79,5.645,5.799,5.645,133536.0,600583
2211,2011-06-10,5.636,5.663,5.691,5.591,116963.0,600583
2212,2011-06-13,5.636,5.727,5.745,5.582,104398.0,600583
2213,2011-06-14,5.718,5.799,5.827,5.691,174194.0,600583
2214,2011-06-15,5.799,5.763,5.845,5.672,143415.0,600583
2215,2011-06-16,5.691,5.618,5.7,5.6,131097.0,600583
2216,2011-06-17,5.618,5.591,5.681,5.563,91309.0,600583
2217,2011-06-20,5.591,5.427,5.627,5.382,146016.0,600583
2218,2011-06-21,5.445,5.473,5.5,5.391,118704.0,600583
2219,2011-06-22,5.482,5.355,5.509,5.337,157555.0,600583
2220,2011-06-23,5.337,5.445,5.473,5.237,188958.0,600583
2221,2011-06-24,5.418,5.636,5.709,5.364,332412.0,600583
2222,2011-06-27,5.663,5.872,5.917,5.627,462518.0,600583
2223,2011-06-28,5.881,5.818,5.945,5.754,264336.0,600583
2224,2011-06-29,5.799,5.79,5.863,5.754,153498.0,600583
2225,2011-06-30,5.79,5.827,5.936,5.79,264156.0,600583
2226,2011-07-01,5.836,5.772,5.845,5.763,175006.0,600583
2227,2011-07-04,5.763,5.89,5.908,5.763,218022.0,600583
2228,2011-07-05,5.881,5.981,6.044,5.854,324067.0,600583
2229,2011-07-06,5.945,5.926,5.981,5.863,212986.0,600583
2230,2011-07-07,5.899,5.845,5.954,5.827,235637.0,600583
2231,2011-07-08,5.836,5.818,5.872,5.763,110449.0,600583
2232,2011-07-11,5.772,5.808,5.854,5.754,116791.0,600583
2233,2011-07-12,5.763,5.582,5.772,5.563,278386.0,600583
2234,2011-07-13,5.563,5.636,5.672,5.563,162730.0,600583
2235,2011-07-14,5.636,5.7,5.754,5.627,169405.0,600583
2236,2011-07-15,5.681,5.709,5.718,5.618,155929.0,600583
2237,2011-07-18,5.709,5.718,5.763,5.691,173626.0,600583
2238,2011-07-19,5.691,5.618,5.691,5.609,139316.0,600583
2239,2011-07-20,5.636,5.573,5.672,5.536,176841.0,600583
2240,2011-07-21,5.554,5.473,5.582,5.464,143090.0,600583
2241,2011-07-22,5.473,5.455,5.509,5.427,133780.0,600583
2242,2011-07-25,5.418,5.273,5.427,5.246,172772.0,600583
2243,2011-07-26,5.273,5.318,5.337,5.273,86227.0,600583
2244,2011-07-27,5.327,5.364,5.373,5.282,104737.0,600583
2245,2011-07-28,5.309,5.264,5.309,5.246,131991.0,600583
2246,2011-07-29,5.273,5.219,5.309,5.173,118263.0,600583
2247,2011-08-01,5.191,5.173,5.219,5.137,99743.0,600583
2248,2011-08-02,5.164,5.082,5.164,5.001,126339.0,600583
2249,2011-08-03,5.046,5.082,5.11,4.992,88338.0,600583
2250,2011-08-04,5.11,5.092,5.137,5.064,79136.0,600583
2251,2011-08-05,4.946,4.901,4.946,4.856,127465.0,600583
2252,2011-08-09,4.456,4.62,4.629,4.411,315050.0,600583
2253,2011-08-10,4.738,4.583,4.765,4.565,253536.0,600583
2254,2011-08-11,4.502,4.629,4.665,4.456,206856.0,600583
2255,2011-08-12,4.647,5.092,5.092,4.62,423155.0,600583
2256,2011-08-15,5.228,5.155,5.337,5.092,585255.0,600583
2257,2011-08-16,5.11,5.055,5.128,5.019,276923.0,600583
2258,2011-08-17,5.019,5.092,5.146,5.001,190389.0,600583
2259,2011-08-18,5.092,4.928,5.101,4.901,166591.0,600583
2260,2011-08-19,4.792,4.801,4.856,4.728,197291.0,600583
2261,2011-08-22,4.846,5.001,5.164,4.819,372148.0,600583
2262,2011-08-23,4.983,5.046,5.064,4.91,217901.0,600583
2263,2011-08-24,5.073,5.155,5.309,5.046,403201.0,600583
2264,2011-08-25,5.164,5.291,5.3,5.101,380182.0,600583
2265,2011-08-26,5.237,5.273,5.327,5.2,246179.0,600583
2266,2011-08-29,5.219,5.191,5.3,5.182,181632.0,600583
2267,2011-08-30,5.246,5.064,5.282,5.055,256687.0,600583
2268,2011-08-31,5.064,5.019,5.092,4.928,127031.0,600583
2269,2011-09-01,4.992,4.919,5.064,4.883,151143.0,600583
2270,2011-09-02,4.919,4.874,4.955,4.81,104366.0,600583
2271,2011-09-05,4.783,4.747,4.874,4.738,112443.0,600583
2272,2011-09-06,4.719,4.81,4.819,4.71,87655.0,600583
2273,2011-09-07,4.81,4.937,4.964,4.81,120634.0,600583
2274,2011-09-08,4.955,4.828,4.974,4.828,98497.0,600583
2275,2011-09-09,4.874,4.901,5.037,4.837,115313.0,600583
2276,2011-09-13,4.837,4.774,4.837,4.747,77498.0,600583
2277,2011-09-14,4.81,4.883,4.883,4.71,108013.0,600583
2278,2011-09-15,4.865,4.846,4.946,4.81,106235.0,600583
2279,2011-09-16,4.892,4.928,5.046,4.883,178316.0,600583
2280,2011-09-19,4.992,4.974,5.128,4.955,252824.0,600583
2281,2011-09-20,4.91,4.865,4.946,4.747,205874.0,600583
2282,2011-09-21,4.856,5.355,5.355,4.783,562270.0,600583
2283,2011-09-22,5.418,5.327,5.482,5.309,939312.0,600583
2284,2011-09-23,5.219,5.518,5.536,5.191,850076.0,600583
2285,2011-09-26,5.455,5.291,5.491,5.173,571793.0,600583
2286,2011-09-27,5.327,5.318,5.482,5.273,427991.0,600583
2287,2011-09-28,5.355,5.382,5.545,5.318,503028.0,600583
2288,2011-09-29,5.318,5.482,5.591,5.219,561880.0,600583
2289,2011-09-30,5.482,5.364,5.536,5.309,401890.0,600583
2290,2011-10-10,5.4,5.509,5.518,5.228,303571.0,600583
2291,2011-10-11,5.718,5.527,5.808,5.455,470203.0,600583
2292,2011-10-12,5.445,6.081,6.081,5.4,800322.0,600583
2293,2011-10-13,6.262,6.172,6.299,6.072,1315652.0,600583
2294,2011-10-14,6.144,6.162,6.262,6.035,726925.0,600583
2295,2011-10-17,6.172,6.072,6.226,5.999,617261.0,600583
2296,2011-10-18,5.99,5.808,6.044,5.799,569713.0,600583
2297,2011-10-19,5.827,5.872,6.072,5.772,618690.0,600583
2298,2011-10-20,5.781,5.917,5.981,5.6,600282.0,600583
2299,2011-10-21,5.845,5.727,6.017,5.718,400269.0,600583
2300,2011-10-24,5.763,6.072,6.217,5.636,733953.0,600583
2301,2011-10-25,6.017,6.162,6.262,5.954,741158.0,600583
2302,2011-10-26,6.072,6.126,6.326,6.044,733074.0,600583
2303,2011-10-27,6.09,5.945,6.153,5.881,557464.0,600583
2304,2011-10-28,6.081,6.026,6.172,5.872,633786.0,600583
2305,2011-10-31,5.99,6.017,6.026,5.881,404067.0,600583
2306,2011-11-01,5.917,6.117,6.326,5.917,700574.0,600583
2307,2011-11-02,5.99,6.208,6.217,5.936,506355.0,600583
2308,2011-11-03,6.181,6.244,6.48,6.117,978305.0,600583
2309,2011-11-04,6.235,6.226,6.308,6.172,417398.0,600583
2310,2011-11-07,6.235,6.308,6.389,6.181,451903.0,600583
2311,2011-11-08,6.335,6.217,6.453,6.208,490361.0,600583
2312,2011-11-09,6.226,6.271,6.417,6.153,619383.0,600583
2313,2011-11-10,6.153,5.936,6.199,5.926,626164.0,600583
2314,2011-11-11,5.954,5.772,5.981,5.736,469497.0,600583
2315,2011-11-14,5.854,5.872,5.926,5.781,379005.0,600583
2316,2011-11-16,5.881,5.691,5.899,5.582,447963.0,600583
2317,2011-11-17,5.718,5.745,5.827,5.7,283497.0,600583
2318,2011-11-18,5.672,5.681,5.709,5.609,257124.0,600583
2319,2011-11-21,5.718,5.854,5.863,5.681,327017.0,600583
2320,2011-11-22,5.799,5.818,5.881,5.681,261387.0,600583
2321,2011-11-23,5.818,5.654,5.845,5.627,230170.0,600583
2322,2011-11-24,5.6,5.573,5.636,5.491,294217.0,600583
2323,2011-11-25,5.545,5.418,5.609,5.418,211665.0,600583
2324,2011-11-28,5.418,5.337,5.464,5.291,189206.0,600583
2325,2011-11-29,5.4,5.427,5.436,5.318,182032.0,600583
2326,2011-11-30,5.445,5.146,5.518,5.064,347073.0,600583
2327,2011-12-01,5.337,5.228,5.382,5.219,292284.0,600583
2328,2011-12-02,5.173,5.146,5.209,5.073,151492.0,600583
2329,2011-12-05,5.137,4.974,5.173,4.946,152167.0,600583
2330,2011-12-06,4.964,4.865,4.992,4.792,195470.0,600583
2331,2011-12-07,4.865,4.892,4.928,4.846,123064.0,600583
2332,2011-12-08,4.874,4.919,4.964,4.756,180150.0,600583
2333,2011-12-09,4.892,4.883,4.946,4.856,93042.0,600583
2334,2011-12-12,4.883,5.019,5.191,4.874,313405.0,600583
2335,2011-12-13,4.974,5.064,5.137,4.928,205023.0,600583
2336,2011-12-14,5.101,5.019,5.228,4.974,351511.0,600583
2337,2011-12-15,4.955,4.865,4.955,4.765,199125.0,600583
2338,2011-12-16,4.71,4.883,4.883,4.665,198858.0,600583
2339,2011-12-19,4.828,4.919,4.937,4.71,225437.0,600583
2340,2011-12-20,4.892,4.865,5.028,4.828,196009.0,600583
2341,2011-12-21,4.901,4.719,4.974,4.701,179803.0,600583
2342,2011-12-22,4.674,4.701,4.774,4.52,210908.0,600583
2343,2011-12-23,4.647,4.774,4.846,4.647,171618.0,600583
2344,2011-12-26,4.719,4.728,4.828,4.674,120509.0,600583
2345,2011-12-27,4.728,4.719,4.765,4.665,134562.0,600583
2346,2011-12-28,4.701,4.992,5.191,4.665,343617.0,600583
2347,2011-12-29,4.946,4.974,5.11,4.91,248736.0,600583
2348,2011-12-30,5.001,4.992,5.073,4.964,144836.0,600583
2349,2012-01-04,5.082,5.001,5.445,4.992,317339.0,600583
2350,2012-01-05,4.964,5.064,5.2,4.91,277822.0,600583
2351,2012-01-06,5.055,5.11,5.164,4.828,236149.0,600583
2352,2012-01-09,5.119,5.255,5.282,5.055,337937.0,600583
2353,2012-01-10,5.273,5.337,5.418,5.209,429847.0,600583
2354,2012-01-11,5.327,5.246,5.337,5.219,314682.0,600583
2355,2012-01-12,5.2,5.137,5.3,5.119,283734.0,600583
2356,2012-01-13,5.137,5.11,5.246,5.01,227199.0,600583
2357,2012-01-16,5.073,5.028,5.155,5.019,152371.0,600583
2358,2012-01-17,5.01,5.282,5.318,4.974,320827.0,600583
2359,2012-01-18,5.282,5.209,5.309,5.155,325467.0,600583
2360,2012-01-19,5.182,5.182,5.246,5.082,296202.0,600583
2361,2012-01-20,5.219,5.164,5.237,5.128,276345.0,600583
2362,2012-01-30,5.191,5.219,5.318,5.128,297604.0,600583
2363,2012-01-31,5.182,5.182,5.209,5.092,145049.0,600583
2364,2012-02-01,5.164,5.037,5.209,5.028,199582.0,600583
2365,2012-02-02,5.055,5.028,5.082,4.901,323658.0,600583
2366,2012-02-03,4.992,5.11,5.128,4.946,358201.0,600583
2367,2012-02-06,5.101,5.155,5.191,5.037,416345.0,600583
2368,2012-02-07,5.11,5.055,5.209,5.046,340100.0,600583
2369,2012-02-08,5.064,5.155,5.255,5.064,361195.0,600583
2370,2012-02-09,5.155,5.191,5.255,5.119,412677.0,600583
2371,2012-02-10,5.191,5.173,5.246,5.146,285001.0,600583
2372,2012-02-13,5.146,5.237,5.264,5.119,356206.0,600583
2373,2012-02-14,5.291,5.291,5.491,5.264,599290.0,600583
2374,2012-02-15,5.273,5.327,5.337,5.2,335882.0,600583
2375,2012-02-16,5.318,5.346,5.409,5.273,337246.0,600583
2376,2012-02-17,5.391,5.273,5.391,5.246,218965.0,600583
2377,2012-02-20,5.346,5.264,5.391,5.255,264373.0,600583
2378,2012-02-21,5.264,5.309,5.318,5.191,209944.0,600583
2379,2012-02-22,5.337,5.346,5.364,5.273,332600.0,600583
2380,2012-02-23,5.346,5.4,5.482,5.327,483015.0,600583
2381,2012-02-24,5.391,5.627,5.754,5.391,863476.0,600583
2382,2012-02-27,5.636,5.6,5.79,5.591,680942.0,600583
2383,2012-02-28,5.573,5.582,5.609,5.518,348132.0,600583
2384,2012-02-29,5.554,5.5,5.573,5.482,213566.0,600583
2385,2012-03-01,5.491,5.518,5.582,5.473,193348.0,600583
2386,2012-03-02,5.563,5.627,5.709,5.563,332493.0,600583
2387,2012-03-05,5.627,5.518,5.645,5.509,273073.0,600583
2388,2012-03-06,5.518,5.427,5.527,5.418,214481.0,600583
2389,2012-03-07,5.382,5.382,5.482,5.346,201929.0,600583
2390,2012-03-08,5.418,5.491,5.527,5.382,176867.0,600583
2391,2012-03-09,5.518,5.536,5.545,5.464,160190.0,600583
2392,2012-03-12,5.536,5.6,5.609,5.5,264429.0,600583
2393,2012-03-13,5.627,5.681,5.718,5.554,446975.0,600583
2394,2012-03-14,5.718,5.445,5.736,5.4,497726.0,600583
2395,2012-03-15,5.436,5.373,5.5,5.346,251061.0,600583
2396,2012-03-16,5.364,5.5,5.518,5.355,249021.0,600583
2397,2012-03-19,5.5,5.445,5.5,5.364,257997.0,600583
2398,2012-03-20,5.518,5.445,5.672,5.418,544484.0,600583
2399,2012-03-21,5.482,5.418,5.5,5.327,263287.0,600583
2400,2012-03-22,5.554,5.436,5.618,5.4,295515.0,600583
2401,2012-03-23,5.391,5.3,5.391,5.264,248040.0,600583
2402,2012-03-26,5.3,5.2,5.309,5.173,140733.0,600583
2403,2012-03-27,5.228,5.128,5.264,5.11,176363.0,600583
2404,2012-03-28,5.11,5.001,5.128,4.974,196133.0,600583
2405,2012-03-29,4.983,4.901,5.001,4.892,150532.0,600583
2406,2012-03-30,5.01,5.046,5.092,4.946,192341.0,600583
2407,2012-04-05,5.001,5.11,5.119,4.992,163476.0,600583
2408,2012-04-06,5.082,5.092,5.11,5.028,110251.0,600583
2409,2012-04-09,5.082,5.037,5.11,5.028,103907.0,600583
2410,2012-04-10,5.019,5.146,5.146,4.983,147429.0,600583
2411,2012-04-11,5.082,5.101,5.146,5.055,95838.0,600583
2412,2012-04-12,5.082,5.155,5.155,5.064,162703.0,600583
2413,2012-04-13,5.164,5.173,5.219,5.137,168951.0,600583
2414,2012-04-16,5.128,5.164,5.173,5.119,93713.0,600583
2415,2012-04-17,5.164,5.11,5.182,5.101,126288.0,600583
2416,2012-04-18,5.137,5.228,5.246,5.128,213773.0,600583
2417,2012-04-19,5.219,5.228,5.273,5.191,145861.0,600583
2418,2012-04-20,5.228,5.264,5.282,5.191,169948.0,600583
2419,2012-04-23,5.264,5.164,5.282,5.137,149275.0,600583
2420,2012-04-24,5.137,5.092,5.219,5.001,212144.0,600583
2421,2012-04-25,5.046,5.291,5.3,5.01,339596.0,600583
2422,2012-04-26,5.3,5.337,5.427,5.246,298062.0,600583
2423,2012-04-27,5.337,5.427,5.573,5.3,443096.0,600583
2424,2012-05-02,5.527,5.527,5.536,5.409,295168.0,600583
2425,2012-05-03,5.473,5.582,5.672,5.473,340108.0,600583
2426,2012-05-04,5.573,5.618,5.627,5.509,320231.0,600583
2427,2012-05-07,5.573,5.6,5.609,5.464,274688.0,600583
2428,2012-05-08,5.627,5.609,5.745,5.563,469332.0,600583
2429,2012-05-09,5.573,5.645,5.854,5.491,665483.0,600583
2430,2012-05-10,5.7,5.618,5.754,5.573,311134.0,600583
2431,2012-05-14,5.527,5.445,5.563,5.427,422955.0,600583
2432,2012-05-15,5.373,5.491,5.5,5.373,204185.0,600583
2433,2012-05-16,5.473,5.391,5.573,5.382,149850.0,600583
2434,2012-05-17,5.4,5.464,5.482,5.364,133275.0,600583
2435,2012-05-18,5.455,5.491,5.563,5.418,229666.0,600583
2436,2012-05-21,5.491,5.582,5.6,5.491,165763.0,600583
2437,2012-05-22,5.591,5.591,5.609,5.536,111113.0,600583
2438,2012-05-23,5.573,5.6,5.618,5.518,151470.0,600583
2439,2012-05-24,5.563,5.536,5.627,5.518,115254.0,600583
2440,2012-05-25,5.518,5.491,5.563,5.445,154664.0,600583
2441,2012-05-28,5.482,5.545,5.554,5.4,120188.0,600583
2442,2012-05-29,5.536,5.645,5.691,5.518,245576.0,600583
2443,2012-05-30,5.636,5.645,5.681,5.582,155301.0,600583
2444,2012-05-31,5.609,5.591,5.654,5.573,105995.0,600583
2445,2012-06-01,5.591,5.482,5.627,5.455,143657.0,600583
2446,2012-06-04,5.409,5.3,5.427,5.264,173037.0,600583
2447,2012-06-05,5.328,5.328,5.437,5.291,128994.0,600583
2448,2012-06-06,5.346,5.182,5.364,5.145,137099.0,600583
2449,2012-06-07,5.218,5.209,5.273,5.164,87976.0,600583
2450,2012-06-08,5.255,5.191,5.264,5.155,94326.0,600583
2451,2012-06-11,5.2,5.264,5.31,5.164,106181.0,600583
2452,2012-06-12,5.246,5.2,5.255,5.173,58102.0,600583
2453,2012-06-13,5.209,5.273,5.301,5.2,127570.0,600583
2454,2012-06-14,5.255,5.209,5.282,5.209,68118.0,600583
2455,2012-06-15,5.237,5.255,5.282,5.209,64236.0,600583
2456,2012-06-18,5.264,5.328,5.346,5.264,156400.0,600583
2457,2012-06-19,5.328,5.31,5.346,5.264,89149.0,600583
2458,2012-06-20,5.328,5.282,5.346,5.273,57714.0,600583
2459,2012-06-21,5.282,5.164,5.282,5.155,84574.0,600583
2460,2012-06-25,5.164,4.927,5.173,4.917,210744.0,600583
2461,2012-06-26,4.917,5.063,5.109,4.908,146681.0,600583
2462,2012-06-27,5.145,5.447,5.574,5.082,833088.0,600583
2463,2012-06-28,5.383,5.319,5.474,5.264,390016.0,600583
2464,2012-06-29,5.264,5.556,5.593,5.255,443106.0,600583
2465,2012-07-02,5.565,5.529,5.611,5.483,212061.0,600583
2466,2012-07-03,5.565,5.547,5.684,5.52,336522.0,600583
2467,2012-07-04,5.529,5.465,5.602,5.383,249288.0,600583
2468,2012-07-05,5.447,5.437,5.574,5.383,197719.0,600583
2469,2012-07-06,5.456,5.583,5.593,5.392,226490.0,600583
2470,2012-07-09,5.565,5.547,5.638,5.52,286575.0,600583
2471,2012-07-10,5.52,5.611,5.702,5.492,351899.0,600583
2472,2012-07-11,5.593,5.62,5.739,5.52,269375.0,600583
2473,2012-07-12,5.574,5.611,5.656,5.501,194599.0,600583
2474,2012-07-13,5.602,5.547,5.693,5.52,155702.0,600583
2475,2012-07-16,5.547,5.374,5.574,5.346,196582.0,600583
2476,2012-07-17,5.355,5.492,5.51,5.346,122553.0,600583
2477,2012-07-18,5.456,5.574,5.611,5.437,163611.0,600583
2478,2012-07-19,5.583,5.593,5.647,5.529,182010.0,600583
2479,2012-07-20,5.556,5.538,5.656,5.529,150424.0,600583
2480,2012-07-23,5.483,5.574,5.647,5.41,138627.0,600583
2481,2012-07-24,5.547,5.656,5.72,5.538,283972.0,600583
2482,2012-07-25,5.638,5.556,5.684,5.547,176208.0,600583
2483,2012-07-26,5.538,5.465,5.574,5.456,176864.0,600583
2484,2012-07-27,5.383,5.337,5.465,5.291,239927.0,600583
2485,2012-07-30,5.337,5.355,5.401,5.301,91023.0,600583
2486,2012-07-31,5.31,5.337,5.383,5.31,57982.0,600583
2487,2012-08-01,5.328,5.392,5.447,5.319,78496.0,600583
2488,2012-08-02,5.392,5.337,5.428,5.328,56396.0,600583
2489,2012-08-03,5.346,5.401,5.41,5.346,123985.0,600583
2490,2012-08-06,5.401,5.474,5.492,5.355,122929.0,600583
2491,2012-08-07,5.474,5.465,5.529,5.437,94903.0,600583
2492,2012-08-08,5.465,5.355,5.483,5.319,129783.0,600583
2493,2012-08-09,5.364,5.465,5.474,5.337,105414.0,600583
2494,2012-08-10,5.474,5.474,5.556,5.456,131024.0,600583
2495,2012-08-13,5.465,5.364,5.474,5.346,103697.0,600583
2496,2012-08-14,5.392,5.474,5.51,5.31,198673.0,600583
2497,2012-08-15,5.483,5.301,5.483,5.273,161690.0,600583
2498,2012-08-16,5.255,5.182,5.301,5.155,118010.0,600583
2499,2012-08-17,5.2,5.2,5.255,5.155,77487.0,600583
2500,2012-08-20,5.155,5.191,5.218,5.109,77036.0,600583
2501,2012-08-21,5.2,5.191,5.273,5.164,110055.0,600583
2502,2012-08-22,5.2,5.209,5.237,5.173,66098.0,600583
2503,2012-08-23,5.2,5.164,5.237,5.118,76359.0,600583
2504,2012-08-24,5.155,5.118,5.155,5.063,97593.0,600583
2505,2012-08-27,5.073,5.209,5.355,5.054,152698.0,600583
2506,2012-08-28,5.173,5.191,5.255,5.155,90459.0,600583
2507,2012-08-29,5.2,5.1,5.246,5.063,86726.0,600583
2508,2012-08-30,5.063,5.036,5.127,4.981,109076.0,600583
2509,2012-08-31,5.091,5.109,5.155,5.063,96488.0,600583
2510,2012-09-03,5.091,5.136,5.209,5.063,81459.0,600583
2511,2012-09-04,5.118,5.063,5.155,5.054,64112.0,600583
2512,2012-09-05,5.054,5.073,5.109,5.0,56540.0,600583
2513,2012-09-06,5.073,5.145,5.155,5.073,55598.0,600583
2514,2012-09-07,5.173,5.328,5.364,5.155,218390.0,600583
2515,2012-09-10,5.328,5.355,5.419,5.291,139599.0,600583
2516,2012-09-11,5.337,5.301,5.41,5.282,103793.0,600583
2517,2012-09-12,5.337,5.355,5.401,5.301,97806.0,600583
2518,2012-09-13,5.328,5.273,5.364,5.264,74719.0,600583
2519,2012-09-14,5.291,5.31,5.346,5.273,96126.0,600583
2520,2012-09-17,5.291,5.173,5.31,5.127,75363.0,600583
2521,2012-09-18,5.164,5.228,5.328,5.118,128261.0,600583
2522,2012-09-19,5.237,5.218,5.301,5.182,153838.0,600583
2523,2012-09-20,5.173,5.073,5.191,5.063,121650.0,600583
2524,2012-09-21,5.063,5.063,5.091,5.009,105969.0,600583
2525,2012-09-24,5.054,4.99,5.063,4.99,107745.0,600583
2526,2012-09-25,4.99,5.0,5.036,4.972,55040.0,600583
2527,2012-09-26,4.99,4.908,5.018,4.89,60449.0,600583
2528,2012-09-27,4.927,4.972,5.054,4.917,115327.0,600583
2529,2012-09-28,4.954,5.045,5.063,4.945,94169.0,600583
2530,2012-10-08,5.045,5.036,5.073,5.009,52778.0,600583
2531,2012-10-09,5.054,5.118,5.136,5.054,94663.0,600583
2532,2012-10-10,5.118,5.109,5.118,5.063,82720.0,600583
2533,2012-10-11,5.1,5.073,5.1,5.045,71539.0,600583
2534,2012-10-12,5.091,5.045,5.127,5.027,81234.0,600583
2535,2012-10-15,5.063,5.018,5.063,4.981,59169.0,600583
2536,2012-10-16,5.036,5.045,5.109,4.981,84252.0,600583
2537,2012-10-17,5.073,4.99,5.073,4.972,101583.0,600583
2538,2012-10-18,5.009,5.045,5.054,4.99,118146.0,600583
2539,2012-10-19,5.054,5.063,5.082,5.027,82474.0,600583
2540,2012-10-22,5.027,5.045,5.054,5.0,53236.0,600583
2541,2012-10-30,4.99,4.972,5.009,4.908,153609.0,600583
2542,2012-10-31,4.963,4.927,4.972,4.908,61728.0,600583
2543,2012-11-01,4.954,4.963,5.009,4.917,136739.0,600583
2544,2012-11-02,4.972,4.963,4.981,4.899,90607.0,600583
2545,2012-11-05,4.954,5.027,5.045,4.927,120206.0,600583
2546,2012-11-06,5.027,4.981,5.045,4.945,106296.0,600583
2547,2012-11-07,4.99,5.045,5.063,4.981,97576.0,600583
2548,2012-11-08,5.009,4.936,5.018,4.927,74921.0,600583
2549,2012-11-09,4.936,4.917,4.963,4.899,66238.0,600583
2550,2012-11-12,4.927,4.954,4.963,4.89,57539.0,600583
2551,2012-11-13,4.936,4.844,4.963,4.835,65399.0,600583
2552,2012-11-14,4.844,4.808,4.863,4.771,51183.0,600583
2553,2012-11-15,4.808,4.726,4.808,4.726,52510.0,600583
2554,2012-11-16,4.726,4.753,4.762,4.68,54122.0,600583
2555,2012-11-19,4.726,4.735,4.753,4.698,38037.0,600583
2556,2012-11-20,4.735,4.744,4.808,4.735,48872.0,600583
2557,2012-11-21,4.781,4.808,4.817,4.753,49299.0,600583
2558,2012-11-22,4.808,4.698,4.817,4.671,67139.0,600583
2559,2012-11-23,4.735,4.717,4.771,4.698,40449.0,600583
2560,2012-11-26,4.698,4.735,4.753,4.689,41040.0,600583
2561,2012-11-27,4.708,4.607,4.726,4.58,71342.0,600583
2562,2012-11-28,4.607,4.58,4.644,4.562,57732.0,600583
2563,2012-11-29,4.562,4.534,4.616,4.525,61015.0,600583
2564,2012-11-30,4.543,4.58,4.589,4.525,60710.0,600583
2565,2012-12-03,4.58,4.525,4.589,4.498,40661.0,600583
2566,2012-12-04,4.552,4.562,4.562,4.498,56370.0,600583
2567,2012-12-05,4.562,4.671,4.698,4.525,108756.0,600583
2568,2012-12-06,4.671,4.653,4.698,4.635,53152.0,600583
2569,2012-12-07,4.653,4.717,4.726,4.616,112514.0,600583
2570,2012-12-10,4.744,4.79,4.881,4.744,149314.0,600583
2571,2012-12-11,4.799,4.762,4.835,4.753,76119.0,600583
2572,2012-12-12,4.762,4.753,4.799,4.717,69251.0,600583
2573,2012-12-13,4.753,4.708,4.753,4.698,59843.0,600583
2574,2012-12-14,4.708,4.936,5.027,4.698,307385.0,600583
2575,2012-12-17,4.954,4.954,5.082,4.927,269699.0,600583
2576,2012-12-18,4.972,4.927,5.045,4.908,179009.0,600583
2577,2012-12-19,4.927,4.954,4.99,4.927,77244.0,600583
2578,2012-12-20,4.972,4.972,5.036,4.936,113077.0,600583
2579,2012-12-21,4.972,4.927,5.036,4.89,91891.0,600583
2580,2012-12-24,4.927,5.036,5.063,4.899,158397.0,600583
2581,2012-12-25,5.018,5.091,5.127,4.972,199556.0,600583
2582,2012-12-26,5.1,5.255,5.419,5.073,302541.0,600583
2583,2012-12-27,5.255,5.237,5.328,5.182,137183.0,600583
2584,2012-12-28,5.273,5.264,5.31,5.209,88599.0,600583
2585,2012-12-31,5.282,5.355,5.364,5.209,164287.0,600583
2586,2013-01-04,5.364,5.328,5.41,5.255,156982.0,600583
2587,2013-01-07,5.328,5.301,5.355,5.246,129254.0,600583
2588,2013-01-08,5.301,5.264,5.31,5.218,145508.0,600583
2589,2013-01-09,5.264,5.2,5.301,5.145,140880.0,600583
2590,2013-01-10,5.173,5.173,5.237,5.136,187639.0,600583
2591,2013-01-11,5.191,5.1,5.218,5.063,181821.0,600583
2592,2013-01-14,5.082,5.237,5.255,5.073,197245.0,600583
2593,2013-01-15,5.228,5.273,5.301,5.2,230173.0,600583
2594,2013-01-16,5.264,5.155,5.291,5.073,311060.0,600583
2595,2013-01-17,5.155,5.118,5.173,5.073,196369.0,600583
2596,2013-01-18,5.218,5.264,5.346,5.164,325948.0,600583
2597,2013-01-21,5.264,5.273,5.301,5.2,241656.0,600583
2598,2013-01-22,5.273,5.255,5.273,5.209,187851.0,600583
2599,2013-01-23,5.437,5.565,5.784,5.301,1169437.0,600583
2600,2013-01-24,5.474,5.428,5.62,5.401,476118.0,600583
2601,2013-01-25,5.447,5.556,5.556,5.437,270369.0,600583
2602,2013-01-28,5.574,5.656,5.702,5.538,418940.0,600583
2603,2013-01-29,5.675,5.62,5.702,5.574,258954.0,600583
2604,2013-01-30,5.62,5.547,5.629,5.483,249853.0,600583
2605,2013-01-31,5.547,5.748,5.802,5.538,535052.0,600583
2606,2013-02-01,5.739,5.757,5.866,5.702,408929.0,600583
2607,2013-02-04,5.757,5.702,5.811,5.656,256599.0,600583
2608,2013-02-05,5.656,5.93,6.094,5.656,501867.0,600583
2609,2013-02-06,5.93,5.939,6.067,5.912,294763.0,600583
2610,2013-02-07,5.93,6.158,6.249,5.93,459774.0,600583
2611,2013-02-08,6.176,6.076,6.186,6.058,262718.0,600583
2612,2013-02-18,6.122,6.131,6.186,6.021,265952.0,600583
2613,2013-02-19,6.131,5.939,6.131,5.875,283258.0,600583
2614,2013-02-20,5.939,6.012,6.04,5.866,284212.0,600583
2615,2013-02-21,5.93,5.711,5.948,5.629,377801.0,600583
2616,2013-02-22,5.693,5.675,5.757,5.656,165263.0,600583
2617,2013-02-25,5.72,5.739,5.784,5.675,129125.0,600583
2618,2013-02-26,5.711,5.583,5.729,5.565,256437.0,600583
2619,2013-02-27,5.611,5.629,5.675,5.556,181411.0,600583
2620,2013-02-28,5.656,5.739,5.793,5.611,274544.0,600583
2621,2013-03-01,5.729,5.757,5.775,5.666,182936.0,600583
2622,2013-03-04,5.729,5.556,5.757,5.492,302169.0,600583
2623,2013-03-05,5.574,5.647,5.656,5.52,121748.0,600583
2624,2013-03-06,5.666,5.729,5.748,5.611,167978.0,600583
2625,2013-03-07,5.729,5.748,5.83,5.675,215540.0,600583
2626,2013-03-08,5.766,5.739,5.884,5.729,176450.0,600583
2627,2013-03-11,5.693,5.72,5.757,5.666,95350.0,600583
2628,2013-03-12,5.702,5.739,5.839,5.647,240799.0,600583
2629,2013-03-13,5.775,6.012,6.304,5.72,878855.0,600583
2630,2013-03-14,5.967,6.085,6.231,5.948,614098.0,600583
2631,2013-03-15,6.03,6.049,6.14,5.957,305832.0,600583
2632,2013-03-18,6.094,6.167,6.295,6.003,595139.0,600583
2633,2013-03-19,6.167,6.103,6.231,6.03,352440.0,600583
2634,2013-03-20,6.094,6.158,6.231,6.067,416608.0,600583
2635,2013-03-21,6.14,6.286,6.386,6.131,617301.0,600583
2636,2013-03-22,6.295,6.186,6.295,6.14,362311.0,600583
2637,2013-03-25,6.222,6.049,6.222,5.994,306918.0,600583
2638,2013-03-26,6.049,6.122,6.158,5.948,273173.0,600583
2639,2013-03-27,6.085,6.049,6.186,6.003,199141.0,600583
2640,2013-03-28,5.994,5.903,6.058,5.894,207251.0,600583
2641,2013-03-29,5.912,6.003,6.049,5.884,148665.0,600583
2642,2013-04-01,5.93,6.003,6.021,5.93,110358.0,600583
2643,2013-04-02,5.957,5.884,6.058,5.875,168981.0,600583
2644,2013-04-03,5.903,5.848,5.957,5.839,110289.0,600583
2645,2013-04-08,5.757,5.711,5.802,5.666,228605.0,600583
2646,2013-04-09,5.748,5.784,5.903,5.748,215870.0,600583
2647,2013-04-10,5.766,5.848,5.848,5.766,104510.0,600583
2648,2013-04-11,5.866,5.976,5.985,5.802,205662.0,600583
2649,2013-04-12,6.049,5.93,6.076,5.894,271302.0,600583
2650,2013-04-15,5.875,5.821,5.912,5.748,158824.0,600583
2651,2013-04-16,5.775,5.702,5.775,5.611,230423.0,600583
2652,2013-04-17,5.711,5.711,5.784,5.675,107578.0,600583
2653,2013-04-18,5.702,5.72,5.766,5.666,80759.0,600583
2654,2013-04-19,5.72,5.894,5.912,5.675,240499.0,600583
2655,2013-04-22,5.811,5.866,5.939,5.793,185334.0,600583
2656,2013-04-23,5.884,5.675,5.884,5.666,142637.0,600583
2657,2013-04-24,5.711,5.739,5.766,5.638,168353.0,600583
2658,2013-04-25,5.729,5.693,5.729,5.638,147413.0,600583
2659,2013-04-26,5.748,5.784,5.884,5.748,302158.0,600583
2660,2013-05-02,5.784,5.848,5.866,5.675,173731.0,600583
2661,2013-05-03,5.848,5.939,6.03,5.839,294685.0,600583
2662,2013-05-06,6.012,5.985,6.058,5.948,260107.0,600583
2663,2013-05-07,5.948,5.976,6.03,5.939,132361.0,600583
2664,2013-05-08,6.003,6.195,6.204,6.003,394485.0,600583
2665,2013-05-09,6.195,6.176,6.249,6.094,252232.0,600583
2666,2013-05-10,6.131,6.186,6.222,6.113,145448.0,600583
2667,2013-05-13,6.186,6.313,6.404,6.167,413654.0,600583
2668,2013-05-14,6.295,6.359,6.45,6.268,249387.0,600583
2669,2013-05-15,6.386,6.322,6.386,6.268,175846.0,600583
2670,2013-05-16,6.295,6.377,6.395,6.204,268209.0,600583
2671,2013-05-17,6.377,6.541,6.569,6.259,534838.0,600583
2672,2013-05-20,6.55,6.824,6.888,6.55,513912.0,600583
2673,2013-05-21,6.833,6.861,6.997,6.742,384982.0,600583
2674,2013-05-22,6.842,6.861,6.943,6.742,258684.0,600583
2675,2013-05-23,6.87,7.035,7.227,6.842,590555.0,600583
2676,2013-05-24,7.062,7.099,7.136,6.952,302893.0,600583
2677,2013-05-27,7.099,7.667,7.74,7.062,826900.0,600583
2678,2013-05-28,7.612,7.713,7.722,7.392,591726.0,600583
2679,2013-05-29,7.713,7.621,7.749,7.557,354639.0,600583
2680,2013-05-30,7.557,7.465,7.667,7.438,400638.0,600583
2681,2013-05-31,7.438,7.346,7.539,7.31,404031.0,600583
2682,2013-06-03,7.383,7.429,7.639,7.31,412205.0,600583
2683,2013-06-04,7.374,7.145,7.41,6.989,547536.0,600583
2684,2013-06-05,7.126,7.163,7.255,7.071,213885.0,600583
2685,2013-06-06,7.145,7.071,7.255,7.053,218309.0,600583
2686,2013-06-07,7.099,6.833,7.172,6.778,357965.0,600583
2687,2013-06-13,6.714,6.769,6.833,6.32,282989.0,600583
2688,2013-06-14,6.778,6.806,6.888,6.732,274274.0,600583
2689,2013-06-17,6.824,6.751,6.888,6.732,211325.0,600583
2690,2013-06-18,6.824,6.861,7.026,6.778,252685.0,600583
2691,2013-06-19,6.852,6.705,6.852,6.513,243380.0,600583
2692,2013-06-20,6.595,6.522,6.678,6.467,186839.0,600583
2693,2013-06-21,6.439,6.513,6.549,6.247,231014.0,600583
2694,2013-06-24,6.485,6.128,6.485,6.046,272612.0,600583
2695,2013-06-25,6.091,6.146,6.21,5.56,485904.0,600583
2696,2013-06-26,6.146,6.192,6.265,6.046,322199.0,600583
2697,2013-06-27,6.22,5.853,6.32,5.771,416671.0,600583
2698,2013-06-28,5.835,5.926,6.091,5.679,407428.0,600583
2699,2013-07-01,5.862,6.1,6.155,5.844,326432.0,600583
2700,2013-07-02,6.119,6.183,6.229,6.027,302454.0,600583
2701,2013-07-03,6.146,6.091,6.165,5.954,333976.0,600583
2702,2013-07-04,6.009,6.348,6.467,5.972,510823.0,600583
2703,2013-07-05,6.329,6.339,6.403,6.265,288442.0,600583
2704,2013-07-08,6.229,5.917,6.229,5.899,339682.0,600583
2705,2013-07-09,5.871,5.817,5.963,5.679,285364.0,600583
2706,2013-07-10,5.817,6.082,6.11,5.798,299097.0,600583
2707,2013-07-11,6.613,6.687,6.687,6.595,857308.0,600583
2708,2013-07-12,6.824,6.723,6.916,6.65,825092.0,600583
2709,2013-07-15,6.76,6.907,6.943,6.632,440315.0,600583
2710,2013-07-16,6.907,6.833,6.934,6.705,346707.0,600583
2711,2013-07-17,6.778,6.613,6.815,6.503,446685.0,600583
2712,2013-07-18,6.558,6.623,6.659,6.513,384006.0,600583
2713,2013-07-19,6.687,6.54,6.806,6.503,397861.0,600583
2714,2013-07-22,6.458,6.549,6.623,6.421,237394.0,600583
2715,2013-07-23,6.65,6.842,6.87,6.577,441670.0,600583
2716,2013-07-24,6.852,6.861,6.916,6.705,353350.0,600583
2717,2013-07-25,6.861,6.971,7.19,6.824,561561.0,600583
2718,2013-07-26,6.934,6.989,7.062,6.861,223333.0,600583
2719,2013-07-29,6.888,6.668,6.925,6.641,301194.0,600583
2720,2013-07-30,6.641,6.751,6.907,6.558,258409.0,600583
2721,2013-07-31,6.778,6.732,6.888,6.687,189266.0,600583
2722,2013-08-01,6.952,7.007,7.09,6.861,497747.0,600583
2723,2013-08-02,7.035,6.998,7.126,6.925,332921.0,600583
2724,2013-08-05,7.035,7.136,7.145,6.998,341730.0,600583
2725,2013-08-06,7.117,7.136,7.19,7.035,296587.0,600583
2726,2013-08-07,7.099,6.971,7.181,6.934,264459.0,600583
2727,2013-08-08,6.925,6.87,6.971,6.806,255734.0,600583
2728,2013-08-09,6.87,6.833,6.952,6.787,259133.0,600583
2729,2013-08-12,6.852,7.145,7.172,6.852,454416.0,600583
2730,2013-08-13,7.19,7.108,7.19,7.053,208186.0,600583
2731,2013-08-14,7.108,7.026,7.163,6.989,262344.0,600583
2732,2013-08-15,7.016,6.833,7.099,6.778,317630.0,600583
2733,2013-08-16,6.778,6.723,7.52,6.714,479135.0,600583
2734,2013-08-19,6.641,6.797,6.833,6.623,237667.0,600583
2735,2013-08-20,6.797,6.797,7.035,6.723,341476.0,600583
2736,2013-08-21,6.778,6.787,6.833,6.714,182626.0,600583
2737,2013-08-22,6.769,6.797,6.888,6.732,179477.0,600583
2738,2013-08-23,6.824,6.568,6.87,6.522,430841.0,600583
2739,2013-08-26,6.595,6.723,6.751,6.568,224610.0,600583
2740,2013-08-27,6.714,6.714,6.751,6.595,256022.0,600583
2741,2013-08-28,6.668,6.971,6.989,6.604,510232.0,600583
2742,2013-08-29,6.989,6.952,7.044,6.824,355252.0,600583
2743,2013-08-30,6.989,6.751,7.026,6.687,460700.0,600583
2744,2013-09-02,6.714,6.769,6.806,6.641,227867.0,600583
2745,2013-09-03,6.815,6.934,6.98,6.723,324244.0,600583
2746,2013-09-04,6.952,6.879,6.961,6.852,200110.0,600583
2747,2013-09-05,6.861,6.732,6.861,6.678,361900.0,600583
2748,2013-09-06,6.732,6.751,6.778,6.687,166894.0,600583
2749,2013-09-09,6.778,6.842,6.916,6.687,428914.0,600583
2750,2013-09-10,6.87,7.19,7.529,6.787,1066625.0,600583
2751,2013-09-11,7.145,7.227,7.465,7.099,883608.0,600583
2752,2013-09-12,7.19,7.145,7.282,7.099,387995.0,600583
2753,2013-09-13,7.136,7.007,7.163,6.943,382462.0,600583
2754,2013-09-16,7.044,7.007,7.071,6.943,221455.0,600583
2755,2013-09-17,7.007,6.742,7.016,6.732,403106.0,600583
2756,2013-09-18,6.714,6.787,6.806,6.668,230860.0,600583
2757,2013-09-23,6.778,6.87,6.916,6.76,212132.0,600583
2758,2013-09-24,6.87,6.815,6.879,6.732,209894.0,600583
2759,2013-09-25,6.806,6.76,6.888,6.742,181457.0,600583
2760,2013-09-26,6.732,6.751,6.888,6.668,276531.0,600583
2761,2013-09-27,6.769,6.668,6.824,6.659,217527.0,600583
2762,2013-09-30,6.687,6.778,6.824,6.65,197233.0,600583
2763,2013-10-08,6.778,6.934,6.961,6.696,295473.0,600583
2764,2013-10-09,6.943,7.227,7.264,6.879,731842.0,600583
2765,2013-10-10,7.145,6.989,7.172,6.961,341042.0,600583
2766,2013-10-11,7.062,7.2,7.236,7.007,464927.0,600583
2767,2013-10-14,7.218,7.337,7.383,7.145,583182.0,600583
2768,2013-10-15,7.328,7.172,7.337,7.126,321776.0,600583
2769,2013-10-16,7.09,7.007,7.145,6.916,329735.0,600583
2770,2013-10-17,7.035,6.934,7.117,6.925,186680.0,600583
2771,2013-10-18,7.016,7.117,7.19,6.971,274304.0,600583
2772,2013-10-21,7.099,7.365,7.392,7.09,565696.0,600583
2773,2013-10-22,7.374,7.484,7.557,7.3,706799.0,600583
2774,2013-10-23,7.52,7.172,7.594,7.136,525953.0,600583
2775,2013-10-24,7.117,7.273,7.31,7.108,330440.0,600583
2776,2013-10-25,7.245,7.053,7.328,6.98,338515.0,600583
2777,2013-10-28,7.09,7.273,7.374,7.053,342724.0,600583
2778,2013-10-29,7.245,7.163,7.41,6.971,561313.0,600583
2779,2013-10-30,7.172,7.584,7.667,7.108,1005318.0,600583
2780,2013-10-31,7.584,7.465,7.584,7.365,768534.0,600583
2781,2013-11-01,7.438,7.465,7.529,7.236,529799.0,600583
2782,2013-11-04,7.465,7.978,8.216,7.438,1614669.0,600583
2783,2013-11-05,7.877,8.125,8.143,7.841,892538.0,600583
2784,2013-11-06,8.106,8.519,8.876,8.061,1722353.0,600583
2785,2013-11-07,8.519,8.455,8.619,8.244,1016115.0,600583
2786,2013-11-08,8.39,8.106,8.464,8.042,820624.0,600583
2787,2013-11-11,7.951,8.207,8.253,7.905,639910.0,600583
2788,2013-11-12,8.143,7.932,8.143,7.768,807183.0,600583
2789,2013-11-13,7.804,7.905,8.015,7.676,605411.0,600583
2790,2013-11-14,7.832,7.703,7.896,7.584,826308.0,600583
2791,2013-11-15,7.676,7.685,7.997,7.63,965882.0,600583
2792,2013-11-18,7.722,8.051,8.097,7.722,884115.0,600583
2793,2013-11-19,7.969,7.978,8.143,7.896,604349.0,600583
2794,2013-11-20,7.969,7.96,8.033,7.822,472503.0,600583
2795,2013-11-21,7.923,8.216,8.308,7.822,848542.0,600583
2796,2013-11-22,8.189,8.106,8.299,8.088,463491.0,600583
2797,2013-11-25,8.061,7.749,8.061,7.722,553875.0,600583
2798,2013-11-26,7.694,7.539,7.804,7.474,557372.0,600583
2799,2013-11-27,7.539,7.685,7.777,7.484,380807.0,600583
2800,2013-11-28,7.676,7.758,7.832,7.603,381345.0,600583
2801,2013-11-29,7.749,7.648,7.758,7.612,315889.0,600583
2802,2013-12-02,7.511,7.502,7.786,7.419,435599.0,600583
2803,2013-12-03,7.511,7.786,7.813,7.502,443971.0,600583
2804,2013-12-04,7.832,7.832,7.997,7.786,530390.0,600583
2805,2013-12-05,7.868,7.951,7.978,7.749,320623.0,600583
2806,2013-12-06,7.978,7.887,7.987,7.841,238449.0,600583
2807,2013-12-09,7.887,7.758,7.951,7.694,356406.0,600583
2808,2013-12-10,7.749,7.74,7.804,7.676,292271.0,600583
2809,2013-12-11,7.676,7.603,7.731,7.539,288150.0,600583
2810,2013-12-12,7.566,7.557,7.63,7.456,340833.0,600583
2811,2013-12-13,7.474,7.493,7.566,7.447,214165.0,600583
2812,2013-12-16,7.493,7.319,7.529,7.291,371911.0,600583
2813,2013-12-17,7.328,7.126,7.365,7.108,330280.0,600583
2814,2013-12-18,7.145,7.181,7.31,7.145,216045.0,600583
2815,2013-12-19,7.209,7.126,7.3,7.108,167173.0,600583
2816,2013-12-20,7.154,6.897,7.2,6.87,276880.0,600583
2817,2013-12-23,6.907,6.98,7.007,6.76,241316.0,600583
2818,2013-12-24,6.98,7.044,7.062,6.934,172082.0,600583
2819,2013-12-25,7.035,7.099,7.117,6.952,155034.0,600583
2820,2013-12-26,7.099,6.888,7.099,6.842,185506.0,600583
2821,2013-12-27,6.87,6.98,7.016,6.842,182758.0,600583
2822,2013-12-30,7.044,7.007,7.071,6.943,130174.0,600583
2823,2013-12-31,6.961,7.108,7.19,6.925,212601.0,600583
2824,2014-01-02,7.099,6.961,7.136,6.897,280017.0,600583
2825,2014-01-03,6.961,6.806,6.961,6.742,236238.0,600583
2826,2014-01-06,6.742,6.586,6.742,6.513,274518.0,600583
2827,2014-01-07,6.531,6.577,6.65,6.476,321597.0,600583
2828,2014-01-08,6.595,6.632,6.65,6.503,233613.0,600583
2829,2014-01-09,7.291,7.291,7.291,7.291,247115.0,600583
2830,2014-01-10,7.511,7.456,7.786,7.419,1665763.0,600583
2831,2014-01-13,7.511,7.337,7.703,7.264,579351.0,600583
2832,2014-01-14,7.337,7.648,7.777,7.282,551013.0,600583
2833,2014-01-15,7.603,7.639,7.74,7.557,327989.0,600583
2834,2014-01-16,7.676,7.548,7.758,7.539,279314.0,600583
2835,2014-01-17,7.502,7.465,7.502,7.328,266070.0,600583
2836,2014-01-20,7.419,7.465,7.52,7.328,199192.0,600583
2837,2014-01-21,7.465,7.648,7.777,7.438,374523.0,600583
2838,2014-01-22,7.648,7.859,8.006,7.612,465836.0,600583
2839,2014-01-23,7.832,7.914,7.969,7.74,358533.0,600583
2840,2014-01-24,7.914,7.877,8.015,7.859,408783.0,600583
2841,2014-01-27,7.795,7.694,7.832,7.685,257441.0,600583
2842,2014-01-28,7.694,7.749,7.804,7.639,207476.0,600583
2843,2014-01-29,7.758,7.877,7.914,7.713,206769.0,600583
2844,2014-01-30,7.85,7.713,7.896,7.612,209221.0,600583
2845,2014-02-07,7.658,7.786,7.859,7.548,251796.0,600583
2846,2014-02-10,7.877,8.042,8.07,7.795,470554.0,600583
2847,2014-02-11,8.024,8.033,8.106,7.887,486128.0,600583
2848,2014-02-12,8.033,8.061,8.226,7.997,522152.0,600583
2849,2014-02-13,7.987,7.859,8.116,7.841,422281.0,600583
2850,2014-02-14,7.951,7.951,7.997,7.832,282232.0,600583
2851,2014-02-17,7.969,7.969,7.997,7.85,459047.0,600583
2852,2014-02-18,7.987,8.033,8.061,7.923,668107.0,600583
2853,2014-02-19,8.006,7.822,8.006,7.786,496539.0,600583
2854,2014-02-20,7.914,7.822,8.134,7.795,827841.0,600583
2855,2014-02-21,7.731,7.667,7.813,7.52,518511.0,600583
2856,2014-02-24,7.603,7.429,7.603,7.419,319444.0,600583
2857,2014-02-25,7.474,7.319,7.603,7.245,405820.0,600583
2858,2014-02-26,7.328,7.474,7.529,7.245,377423.0,600583
2859,2014-02-27,7.474,7.365,7.639,7.319,484066.0,600583
2860,2014-02-28,7.365,7.19,7.41,7.09,386624.0,600583
2861,2014-03-03,7.2,7.3,7.383,7.154,292829.0,600583
2862,2014-03-04,7.264,7.337,7.383,7.236,177574.0,600583
2863,2014-03-05,7.374,7.126,7.374,7.108,246601.0,600583
2864,2014-03-06,6.943,7.126,7.172,6.943,246164.0,600583
2865,2014-03-07,7.145,7.154,7.282,7.099,208618.0,600583
2866,2014-03-10,7.099,6.961,7.108,6.943,182001.0,600583
2867,2014-03-11,6.961,7.035,7.044,6.916,156618.0,600583
2868,2014-03-12,7.035,7.071,7.117,6.952,207018.0,600583
2869,2014-03-13,7.053,7.099,7.145,7.044,151376.0,600583
2870,2014-03-14,7.062,7.19,7.19,7.044,158255.0,600583
2871,2014-03-17,7.236,7.465,7.474,7.218,301581.0,600583
2872,2014-03-18,7.465,7.291,7.493,7.273,330101.0,600583
2873,2014-03-19,7.3,7.108,7.3,6.952,404657.0,600583
2874,2014-03-20,7.035,6.888,7.136,6.87,315132.0,600583
2875,2014-03-21,6.888,7.053,7.081,6.87,291053.0,600583
2876,2014-03-24,7.053,7.117,7.163,6.98,224642.0,600583
2877,2014-03-25,7.099,7.209,7.255,7.09,257618.0,600583
2878,2014-03-26,7.209,7.154,7.245,7.136,135585.0,600583
2879,2014-03-27,7.136,7.026,7.136,7.007,151195.0,600583
2880,2014-03-28,6.998,6.971,7.108,6.934,232383.0,600583
2881,2014-03-31,6.961,7.007,7.099,6.925,125260.0,600583
2882,2014-04-01,7.007,7.099,7.099,6.98,126015.0,600583
2883,2014-04-02,7.126,7.099,7.126,7.053,98980.0,600583
2884,2014-04-03,7.099,7.053,7.181,7.044,202548.0,600583
2885,2014-04-04,7.071,7.108,7.126,7.035,123799.0,600583
2886,2014-04-08,7.081,7.319,7.355,7.044,324868.0,600583
2887,2014-04-09,7.3,7.264,7.383,7.218,260769.0,600583
2888,2014-04-10,7.291,7.319,7.374,7.245,249370.0,600583
2889,2014-04-11,7.31,7.245,7.365,7.209,190750.0,600583
2890,2014-04-14,7.255,7.273,7.3,7.172,139915.0,600583
2891,2014-04-15,7.236,7.19,7.291,7.181,109198.0,600583
2892,2014-04-16,7.145,7.154,7.2,7.108,123225.0,600583
2893,2014-04-17,7.145,7.044,7.163,7.035,186808.0,600583
2894,2014-04-18,7.007,7.026,7.081,6.961,178154.0,600583
2895,2014-04-21,7.044,6.925,7.071,6.916,168521.0,600583
2896,2014-04-22,6.916,6.861,6.98,6.76,205543.0,600583
2897,2014-04-23,6.852,6.769,6.861,6.723,167025.0,600583
2898,2014-04-24,6.76,6.806,6.842,6.751,92960.0,600583
2899,2014-04-25,6.806,6.678,6.833,6.641,148745.0,600583
2900,2014-04-28,6.668,6.558,6.696,6.439,186504.0,600583
2901,2014-04-29,6.531,6.595,6.613,6.43,165802.0,600583
2902,2014-04-30,6.577,6.659,6.678,6.531,134060.0,600583
2903,2014-05-05,6.65,6.65,6.65,6.568,104378.0,600583
2904,2014-05-06,6.65,6.714,6.76,6.595,139578.0,600583
2905,2014-05-07,6.687,6.586,6.705,6.586,90901.0,600583
2906,2014-05-08,6.568,6.613,6.742,6.549,84345.0,600583
2907,2014-05-09,6.641,6.641,6.787,6.595,168590.0,600583
2908,2014-05-12,6.723,6.76,6.778,6.65,156735.0,600583
2909,2014-05-13,6.769,6.787,6.879,6.751,147369.0,600583
2910,2014-05-14,6.787,6.742,6.824,6.714,84853.0,600583
2911,2014-05-15,6.732,6.54,6.742,6.503,151699.0,600583
2912,2014-05-16,6.54,6.531,6.568,6.439,118975.0,600583
2913,2014-05-19,6.522,6.449,6.531,6.421,116621.0,600583
2914,2014-05-20,6.494,6.458,6.531,6.439,94358.0,600583
2915,2014-05-21,6.467,6.522,6.531,6.43,101085.0,600583
2916,2014-05-22,6.531,6.513,6.595,6.503,103779.0,600583
2917,2014-05-23,6.513,6.54,6.549,6.476,107197.0,600583
2918,2014-05-26,6.54,6.549,6.586,6.513,143278.0,600583
2919,2014-05-27,6.549,6.485,6.549,6.458,131624.0,600583
2920,2014-05-28,6.494,6.595,6.595,6.458,246238.0,600583
2921,2014-05-29,6.613,6.824,6.833,6.568,523829.0,600583
2922,2014-05-30,6.778,6.714,6.815,6.678,235274.0,600583
2923,2014-06-03,6.732,6.705,6.797,6.668,164565.0,600583
2924,2014-06-04,6.668,6.503,6.687,6.394,272473.0,600583
2925,2014-06-05,6.503,6.577,6.577,6.449,130858.0,600583
2926,2014-06-06,6.558,6.458,6.558,6.412,171554.0,600583
2927,2014-06-09,6.458,6.458,6.531,6.43,108678.0,600583
2928,2014-06-10,6.467,6.54,6.558,6.439,110731.0,600583
2929,2014-06-11,6.54,6.549,6.577,6.503,75215.0,600583
2930,2014-06-12,6.531,6.494,6.531,6.476,99378.0,600583
2931,2014-06-13,6.494,6.586,6.613,6.467,166780.0,600583
2932,2014-06-16,6.613,6.705,6.76,6.604,282238.0,600583
2933,2014-06-17,6.742,6.668,6.826,6.65,335780.0,600583
2934,2014-06-18,6.612,6.631,6.696,6.585,137618.0,600583
2935,2014-06-19,6.631,6.557,6.677,6.538,94961.0,600583
2936,2014-06-20,6.557,6.733,6.752,6.547,221906.0,600583
2937,2014-06-23,6.733,6.724,6.752,6.687,115908.0,600583
2938,2014-06-24,6.715,6.733,6.761,6.696,91213.0,600583
2939,2014-06-25,6.733,6.789,6.817,6.705,169108.0,600583
2940,2014-06-26,6.817,6.77,6.854,6.752,120878.0,600583
2941,2014-06-27,6.752,6.77,6.798,6.696,119733.0,600583
2942,2014-06-30,6.733,6.845,6.872,6.733,206128.0,600583
2943,2014-07-01,6.863,6.826,6.891,6.817,107256.0,600583
2944,2014-07-02,6.817,6.863,6.937,6.817,159643.0,600583
2945,2014-07-03,7.012,6.965,7.197,6.947,638524.0,600583
2946,2014-07-04,7.002,6.947,7.04,6.882,264696.0,600583
2947,2014-07-07,6.928,6.928,7.002,6.891,165477.0,600583
2948,2014-07-08,6.919,6.872,6.956,6.77,218327.0,600583
2949,2014-07-09,6.863,6.742,6.863,6.742,236182.0,600583
2950,2014-07-10,6.752,6.742,6.77,6.705,117427.0,600583
2951,2014-07-11,6.752,6.826,6.826,6.724,140207.0,600583
2952,2014-07-14,6.835,6.854,6.863,6.78,186033.0,600583
2953,2014-07-15,6.872,6.789,6.882,6.761,211717.0,600583
2954,2014-07-16,6.789,6.77,6.817,6.752,153254.0,600583
2955,2014-07-17,6.817,6.761,6.835,6.687,167485.0,600583
2956,2014-07-18,6.733,6.742,6.789,6.715,120815.0,600583
2957,2014-07-21,6.733,6.612,6.742,6.585,195612.0,600583
2958,2014-07-22,6.612,6.64,6.696,6.603,152011.0,600583
2959,2014-07-23,6.64,6.677,6.724,6.64,183734.0,600583
2960,2014-07-24,6.677,6.761,6.78,6.631,260963.0,600583
2961,2014-07-25,6.78,6.854,6.863,6.742,292968.0,600583
2962,2014-07-28,6.882,6.956,7.021,6.854,523338.0,600583
2963,2014-07-29,6.965,6.975,7.012,6.928,309461.0,600583
2964,2014-07-30,6.947,6.984,7.188,6.947,614734.0,600583
2965,2014-07-31,7.012,6.993,7.058,6.91,347824.0,600583
2966,2014-08-01,6.956,6.928,7.077,6.919,373362.0,600583
2967,2014-08-04,6.928,7.058,7.058,6.91,247188.0,600583
2968,2014-08-05,7.049,7.058,7.114,6.965,257477.0,600583
2969,2014-08-06,7.058,7.179,7.207,6.965,497190.0,600583
2970,2014-08-07,7.197,7.095,7.253,7.058,413439.0,600583
2971,2014-08-08,7.105,7.058,7.123,7.021,222670.0,600583
2972,2014-08-11,7.077,7.151,7.16,7.021,302120.0,600583
2973,2014-08-12,7.16,7.095,7.16,7.077,270828.0,600583
2974,2014-08-13,7.086,7.04,7.16,6.965,350611.0,600583
2975,2014-08-14,7.021,6.984,7.058,6.965,203679.0,600583
2976,2014-08-15,6.975,7.012,7.049,6.956,289453.0,600583
2977,2014-08-18,7.021,7.04,7.077,7.002,294831.0,600583
2978,2014-08-19,7.067,7.132,7.142,6.965,539608.0,600583
2979,2014-08-20,7.095,7.123,7.197,7.058,399302.0,600583
2980,2014-08-21,7.105,7.03,7.123,6.984,244255.0,600583
2981,2014-08-22,7.021,7.04,7.049,6.993,233709.0,600583
2982,2014-08-25,7.086,7.29,7.383,7.067,1045234.0,600583
2983,2014-08-26,7.281,7.207,7.318,7.142,408184.0,600583
2984,2014-08-27,7.235,7.402,7.43,7.188,803600.0,600583
2985,2014-08-28,7.355,7.355,7.541,7.337,638496.0,600583
2986,2014-08-29,7.355,7.43,7.523,7.346,435462.0,600583
2987,2014-09-01,7.783,7.569,7.838,7.495,1006300.0,600583
2988,2014-09-02,7.597,7.56,7.615,7.476,696979.0,600583
2989,2014-09-03,7.541,7.615,7.736,7.523,750045.0,600583
2990,2014-09-04,7.615,7.56,7.634,7.495,670978.0,600583
2991,2014-09-05,7.56,7.69,7.736,7.55,899712.0,600583
2992,2014-09-09,7.718,7.662,7.727,7.606,377586.0,600583
2993,2014-09-10,7.662,7.56,7.671,7.485,511522.0,600583
2994,2014-09-11,7.532,7.504,7.615,7.467,579678.0,600583
2995,2014-09-12,7.597,7.708,7.857,7.541,1095735.0,600583
2996,2014-09-15,7.69,7.773,7.801,7.653,658863.0,600583
2997,2014-09-16,7.857,7.662,8.07,7.643,925199.0,600583
2998,2014-09-17,7.68,7.783,7.885,7.634,534954.0,600583
2999,2014-09-18,7.792,7.736,7.866,7.671,401110.0,600583
3000,2014-09-19,7.718,7.662,7.764,7.55,449843.0,600583
3001,2014-09-22,7.625,7.504,7.718,7.495,414231.0,600583
3002,2014-09-23,7.532,7.588,7.597,7.476,368352.0,600583
3003,2014-09-24,7.541,7.68,7.69,7.532,438260.0,600583
3004,2014-09-25,7.708,7.615,7.745,7.597,408604.0,600583
3005,2014-09-26,7.578,7.56,7.643,7.513,360517.0,600583
3006,2014-09-29,7.569,7.569,7.643,7.541,445820.0,600583
3007,2014-09-30,7.569,7.569,7.597,7.532,342976.0,600583
3008,2014-10-08,7.569,7.68,7.69,7.56,485424.0,600583
3009,2014-10-09,7.671,7.634,7.699,7.569,456903.0,600583
3010,2014-10-10,7.615,7.671,7.755,7.588,623630.0,600583
3011,2014-10-13,7.801,7.745,7.838,7.68,658737.0,600583
3012,2014-10-14,7.736,7.615,7.745,7.56,498997.0,600583
3013,2014-10-15,7.597,7.615,7.643,7.523,353130.0,600583
3014,2014-10-16,7.56,7.485,7.625,7.485,583218.0,600583
3015,2014-10-17,7.476,7.327,7.485,7.272,589008.0,600583
3016,2014-10-20,7.337,7.355,7.402,7.253,404578.0,600583
3017,2014-10-21,7.309,7.17,7.337,7.151,528396.0,600583
3018,2014-10-22,7.197,7.179,7.244,7.151,300583.0,600583
3019,2014-10-23,7.151,7.021,7.179,6.975,395297.0,600583
3020,2014-10-24,7.03,7.067,7.114,7.021,210391.0,600583
3021,2014-10-27,7.058,7.179,7.225,7.021,299194.0,600583
3022,2014-10-28,7.197,7.272,7.281,7.179,353920.0,600583
3023,2014-10-29,7.3,7.355,7.365,7.197,515626.0,600583
3024,2014-10-30,7.337,7.29,7.337,7.207,823515.0,600583
3025,2014-10-31,7.337,7.365,7.383,7.235,759756.0,600583
3026,2014-11-03,7.383,7.467,7.523,7.327,830051.0,600583
3027,2014-11-04,7.439,7.606,7.662,7.383,1084298.0,600583
3028,2014-11-05,7.634,7.43,7.68,7.411,926373.0,600583
3029,2014-11-06,7.383,7.337,7.439,7.225,625938.0,600583
3030,2014-11-07,7.327,7.272,7.402,7.244,515986.0,600583
3031,2014-11-10,7.3,7.532,7.532,7.262,786535.0,600583
3032,2014-11-11,7.532,7.411,7.588,7.337,939502.0,600583
3033,2014-11-12,7.42,7.615,7.643,7.346,891124.0,600583
3034,2014-11-13,7.578,7.532,7.653,7.476,756681.0,600583
3035,2014-11-14,7.448,7.393,7.476,7.327,552461.0,600583
3036,2014-11-17,7.448,7.355,7.495,7.337,476834.0,600583
3037,2014-11-18,7.327,7.207,7.327,7.17,644021.0,600583
3038,2014-11-19,7.197,7.197,7.253,7.16,333567.0,600583
3039,2014-11-20,7.207,7.207,7.262,7.16,330545.0,600583
3040,2014-11-21,7.262,7.3,7.3,7.207,471583.0,600583
3041,2014-11-24,7.411,7.374,7.43,7.309,731589.0,600583
3042,2014-11-25,7.365,7.532,7.541,7.346,861217.0,600583
3043,2014-11-26,7.541,7.569,7.588,7.42,916126.0,600583
3044,2014-11-27,7.569,7.541,7.653,7.485,866570.0,600583
3045,2014-11-28,7.43,7.393,7.43,7.262,1592635.0,600583
3046,2014-12-01,7.337,7.337,7.476,7.29,1272362.0,600583
3047,2014-12-02,7.383,7.476,7.495,7.346,1242692.0,600583
3048,2014-12-03,7.476,7.745,7.773,7.43,2443828.0,600583
3049,2014-12-04,7.764,8.21,8.414,7.68,3124203.0,600583
3050,2014-12-05,8.163,7.885,8.275,7.671,2668752.0,600583
3051,2014-12-08,7.857,8.135,8.219,7.736,2117174.0,600583
3052,2014-12-09,8.052,7.996,8.693,7.848,2953911.0,600583
3053,2014-12-10,7.987,8.414,8.479,7.894,1800344.0,600583
3054,2014-12-11,8.312,8.358,8.526,8.145,1597310.0,600583
3055,2014-12-12,8.312,8.256,8.47,8.173,1124208.0,600583
3056,2014-12-15,8.173,8.414,8.433,7.987,1394358.0,600583
3057,2014-12-16,8.386,8.488,8.637,8.265,1730721.0,600583
3058,2014-12-17,8.498,8.275,8.498,8.145,1316464.0,600583
3059,2014-12-18,8.303,9.101,9.101,8.256,2539395.0,600583
3060,2014-12-19,9.343,9.705,10.011,9.176,4792212.0,600583
3061,2014-12-22,9.844,9.919,10.401,9.473,3744298.0,600583
3062,2014-12-23,9.659,9.25,9.835,9.194,2036425.0,600583
3063,2014-12-24,9.324,9.919,10.114,9.12,2805420.0,600583
3064,2014-12-25,9.881,10.225,10.467,9.816,2999604.0,600583
3065,2014-12-26,10.151,10.104,10.234,9.928,2006940.0,600583
3066,2014-12-29,10.197,9.946,10.494,9.751,2224281.0,600583
3067,2014-12-30,9.816,9.649,10.058,9.556,1531577.0,600583
3068,2014-12-31,9.686,9.779,9.928,9.445,1406962.0,600583
3069,2015-01-05,9.816,10.309,10.504,9.668,2251687.0,600583
3070,2015-01-06,10.104,9.993,10.206,9.761,1581121.0,600583
3071,2015-01-07,9.807,9.9,9.984,9.677,1345951.0,600583
3072,2015-01-08,9.881,9.538,9.993,9.51,1348549.0,600583
3073,2015-01-09,9.798,9.696,10.188,9.64,1899064.0,600583
3074,2015-01-12,9.547,9.343,9.621,9.25,1165726.0,600583
3075,2015-01-13,9.268,9.287,9.482,9.241,694244.0,600583
3076,2015-01-14,9.343,9.352,9.454,9.241,526529.0,600583
3077,2015-01-15,9.482,9.64,9.659,9.398,831730.0,600583
3078,2015-01-16,9.612,9.556,9.659,9.454,815395.0,600583
3079,2015-01-19,9.148,8.609,9.278,8.6,1505861.0,600583
3080,2015-01-20,8.581,8.748,8.841,8.581,907859.0,600583
3081,2015-01-21,8.711,9.008,9.046,8.618,1136561.0,600583
3082,2015-01-22,9.027,9.129,9.241,8.953,959529.0,600583
3083,2015-01-23,9.138,9.018,9.194,8.943,798601.0,600583
3084,2015-01-26,8.99,9.129,9.129,8.925,595196.0,600583
3085,2015-01-27,9.148,9.176,9.222,8.999,744141.0,600583
3086,2015-01-28,9.157,8.999,9.157,8.99,513920.0,600583
3087,2015-01-29,8.888,8.832,8.962,8.758,542636.0,600583
3088,2015-01-30,8.86,8.832,9.008,8.823,432334.0,600583
3089,2015-02-02,8.804,8.823,8.99,8.776,487256.0,600583
3090,2015-02-03,8.962,8.916,8.999,8.748,529036.0,600583
3091,2015-02-04,8.99,8.897,9.129,8.888,756690.0,600583
3092,2015-02-05,8.99,8.637,9.018,8.628,804010.0,600583
3093,2015-02-06,8.646,8.386,8.702,8.358,650330.0,600583
3094,2015-02-09,8.358,8.433,8.498,8.312,331697.0,600583
3095,2015-02-10,8.47,8.526,8.591,8.433,355873.0,600583
3096,2015-02-11,8.526,8.526,8.591,8.47,353643.0,600583
3097,2015-02-12,8.526,8.535,8.581,8.377,389263.0,600583
3098,2015-02-13,8.6,8.683,8.739,8.553,565572.0,600583
3099,2015-02-16,8.665,8.711,8.721,8.618,404155.0,600583
3100,2015-02-17,8.73,8.786,8.795,8.674,481734.0,600583
3101,2015-02-25,8.832,8.776,8.925,8.758,654040.0,600583
3102,2015-02-26,8.758,9.008,9.027,8.665,747169.0,600583
3103,2015-02-27,8.962,8.999,9.083,8.925,741784.0,600583
3104,2015-03-02,9.055,9.018,9.064,8.906,648052.0,600583
3105,2015-03-03,8.99,8.795,8.99,8.786,734113.0,600583
3106,2015-03-04,8.776,8.888,8.943,8.748,541836.0,600583
3107,2015-03-05,8.86,8.739,8.888,8.637,580924.0,600583
3108,2015-03-06,8.748,8.767,8.832,8.702,413310.0,600583
3109,2015-03-09,8.767,9.008,9.027,8.721,866423.0,600583
3110,2015-03-10,8.999,8.981,9.064,8.925,636609.0,600583
3111,2015-03-11,8.953,8.925,9.036,8.888,480510.0,600583
3112,2015-03-12,8.99,9.231,9.241,8.925,1099025.0,600583
3113,2015-03-13,9.278,9.203,9.324,9.138,765005.0,600583
3114,2015-03-16,9.278,9.333,9.361,9.213,1083732.0,600583
3115,2015-03-17,9.352,9.445,9.454,9.287,1329855.0,600583
3116,2015-03-18,9.445,9.594,9.603,9.38,1238283.0,600583
3117,2015-03-19,9.575,9.677,9.928,9.529,1401287.0,600583
3118,2015-03-20,9.64,9.64,9.714,9.566,902514.0,600583
3119,2015-03-23,9.686,9.798,9.872,9.686,1057526.0,600583
3120,2015-03-24,9.807,9.584,9.844,9.408,1321443.0,600583
3121,2015-03-25,9.584,10.011,10.104,9.501,1795960.0,600583
3122,2015-03-26,9.974,11.014,11.014,9.891,2622009.0,600583
3123,2015-03-27,11.47,11.182,11.776,11.079,3392221.3,600583
3124,2015-03-30,11.312,12.296,12.296,11.154,2020506.0,600583
3125,2015-03-31,12.723,11.813,12.798,11.748,3000941.0,600583
3126,2015-04-01,11.85,11.925,12.157,11.665,1797965.0,600583
3127,2015-04-02,12.036,11.841,12.11,11.665,1597860.0,600583
3128,2015-04-03,11.711,11.702,11.85,11.581,1422498.0,600583
3129,2015-04-07,11.878,11.934,12.138,11.822,1610066.0,600583
3130,2015-04-08,12.008,12.435,12.556,11.906,2445743.0,600583
3131,2015-04-09,12.305,11.86,12.305,11.6,1862496.0,600583
3132,2015-04-10,11.85,11.98,12.138,11.795,1338083.0,600583
3133,2015-04-13,12.11,12.222,12.38,11.934,1617413.0,600583
3134,2015-04-14,12.194,12.64,13.188,12.073,2145360.0,600583
3135,2015-04-15,12.677,12.092,12.816,11.98,1748610.0,600583
3136,2015-04-16,12.175,12.918,13.169,11.971,2335835.0,600583
3137,2015-04-17,13.15,14.209,14.209,12.983,2764415.0,600583
3138,2015-04-20,14.553,14.191,15.11,13.819,4788909.0,600583
3139,2015-04-21,14.005,14.283,14.562,13.671,2208613.0,600583
3140,2015-04-22,14.293,14.506,15.064,14.209,2144630.0,600583
3141,2015-04-23,14.516,14.311,14.952,14.191,2033951.0,600583
3142,2015-04-24,13.754,13.791,14.209,13.578,2124527.0,600583
3143,2015-04-27,13.856,14.581,14.859,13.726,3083165.0,600583
3144,2015-04-28,14.218,13.308,14.395,13.178,2777140.0,600583
3145,2015-04-29,13.141,13.28,13.522,12.89,1378956.0,600583
3146,2015-04-30,13.28,13.085,13.448,13.076,1081566.0,600583
3147,2015-05-04,13.095,13.243,13.448,12.816,1205845.0,600583
3148,2015-05-05,13.745,13.726,14.571,13.559,3491468.0,600583
3149,2015-05-06,13.801,13.085,14.005,12.77,2082242.0,600583
3150,2015-05-07,12.807,11.971,13.039,11.962,1550235.0,600583
3151,2015-05-08,12.082,12.287,12.333,11.795,1250097.0,600583
3152,2015-05-11,12.445,12.565,12.621,12.175,1241072.0,600583
3153,2015-05-12,12.612,12.807,12.835,12.398,1267474.0,600583
3154,2015-05-13,12.714,12.463,12.76,12.352,1136047.0,600583
3155,2015-05-14,12.426,12.491,12.677,12.082,1161891.0,600583
3156,2015-05-15,12.398,12.064,12.398,11.999,935386.0,600583
3157,2015-05-18,11.915,12.11,12.352,11.86,757492.0,600583
3158,2015-05-19,12.147,12.519,12.584,12.12,1072408.0,600583
3159,2015-05-20,12.612,12.612,12.983,12.547,1468921.0,600583
3160,2015-05-21,12.612,12.9,12.909,12.528,1347423.0,600583
3161,2015-05-22,13.197,13.41,13.559,13.048,1790536.0,600583
3162,2015-05-25,13.41,13.903,14.098,13.41,1903566.0,600583
3163,2015-05-26,13.94,13.903,14.033,13.531,1840494.0,600583
3164,2015-05-27,13.94,14.098,14.283,13.782,1977332.0,600583
3165,2015-05-28,14.098,12.686,14.098,12.686,2137582.0,600583
3166,2015-05-29,12.584,12.277,12.779,11.934,1430290.0,600583
3167,2015-06-01,12.277,12.89,12.89,12.277,1129657.0,600583
3168,2015-06-02,12.937,13.457,13.736,12.89,1416448.0,600583
3169,2015-06-03,13.457,13.104,13.55,12.937,1217128.0,600583
3170,2015-06-04,13.104,13.225,13.355,12.185,1207448.0,600583
3171,2015-06-05,13.466,14.098,14.283,13.234,2532176.0,600583
3172,2015-06-08,14.098,14.432,14.701,13.661,2594386.0,600583
3173,2015-06-09,14.302,14.757,14.859,13.986,2504763.0,600583
3174,2015-06-10,14.404,14.451,14.748,14.302,1557436.0,600583
3175,2015-06-11,14.375,14.083,14.564,13.895,1368975.0,600583
3176,2015-06-12,14.225,15.12,15.441,14.046,2610161.0,600583
3177,2015-06-15,15.101,14.489,15.205,14.47,2057268.0,600583
3178,2015-06-16,14.328,13.65,14.347,13.395,1433701.0,600583
3179,2015-06-17,13.65,13.961,14.093,13.207,1201453.0,600583
3180,2015-06-18,13.848,14.046,14.969,13.753,2020214.0,600583
3181,2015-06-19,13.574,13.518,14.611,13.329,1909719.0,600583
3182,2015-06-23,13.584,14.866,14.866,13.018,2557864.0,600583
3183,2015-06-24,15.167,16.101,16.355,14.941,4514545.0,600583
3184,2015-06-25,15.686,15.29,16.298,14.932,3587391.0,600583
3185,2015-06-26,14.715,14.649,16.006,13.829,3905658.0,600583
3186,2015-06-29,15.082,16.11,16.11,14.649,4587540.0,600583
3187,2015-06-30,16.11,15.705,16.487,14.498,4681364.0,600583
3188,2015-07-01,15.082,15.61,16.855,14.658,4243308.0,600583
3189,2015-07-02,14.696,14.046,15.478,14.046,2785705.0,600583
3190,2015-07-03,12.641,12.641,13.291,12.641,1513988.0,600583
3191,2015-07-06,13.763,11.378,13.763,11.378,3002264.0,600583
3192,2015-07-07,10.935,10.237,10.935,10.237,2509757.0,600583
3193,2015-07-08,9.21,9.21,9.766,9.21,2908834.0,600583
3194,2015-07-09,9.21,10.134,10.134,8.578,1835528.0,600583
3195,2015-07-10,10.482,11.152,11.152,10.181,1974544.0,600583
3196,2015-07-13,11.368,11.962,12.094,11.076,2489839.0,600583
3197,2015-07-14,11.557,11.039,11.915,10.878,2035013.0,600583
3198,2015-07-15,10.746,10.322,10.982,9.936,1631217.0,600583
3199,2015-07-16,10.322,10.501,10.897,9.813,1085433.0,600583
3200,2015-07-17,10.539,11.086,11.265,10.501,1132708.0,600583
3201,2015-07-20,10.935,11.114,11.491,10.822,1307908.0,600583
3202,2015-07-21,10.925,11.199,11.406,10.765,1135088.0,600583
3203,2015-07-22,11.086,11.896,12.132,11.02,1807025.0,600583
3204,2015-07-23,11.689,11.906,12.028,11.51,1589478.0,600583
3205,2015-07-24,12.349,12.801,13.093,12.217,3290941.0,600583
3206,2015-07-27,12.255,11.519,12.66,11.519,2190511.0,600583
3207,2015-07-28,10.652,10.605,11.51,10.369,1762686.0,600583
3208,2015-07-29,10.859,11.557,11.614,10.69,1448988.0,600583
3209,2015-07-30,11.302,11.17,12.038,11.048,1378013.0,600583
3210,2015-07-31,10.954,10.944,11.359,10.652,974893.0,600583
3211,2015-08-03,10.746,11.01,11.067,10.426,728594.0,600583
3212,2015-08-04,10.973,11.604,11.623,10.973,814686.0,600583
3213,2015-08-05,11.595,11.189,11.745,11.133,772799.0,600583
3214,2015-08-06,10.888,10.944,11.17,10.793,435572.0,600583
3215,2015-08-07,11.076,11.274,11.453,11.039,590546.0,600583
3216,2015-08-10,11.783,12.123,12.368,11.519,1563049.0,600583
3217,2015-08-11,12.189,12.82,13.339,11.83,2247684.0,600583
3218,2015-08-12,12.368,12.311,12.811,12.264,1214358.0,600583
3219,2015-08-13,12.141,12.518,12.622,12.066,910970.0,600583
3220,2015-08-14,12.537,12.632,13.141,12.462,1211319.0,600583
3221,2015-08-17,12.471,12.528,12.679,12.179,942099.0,600583
3222,2015-08-18,12.537,11.274,12.622,11.274,1293092.0,600583
3223,2015-08-19,10.661,11.199,11.406,10.181,1136643.0,600583
3224,2015-08-20,10.944,11.218,11.953,10.793,1062358.0,600583
3225,2015-08-21,11.208,10.388,11.482,10.36,921955.0,600583
3226,2015-08-24,9.794,9.351,9.973,9.351,813902.0,600583
3227,2015-08-25,8.427,8.418,8.823,8.418,995291.0,600583
3228,2015-08-26,8.522,7.73,8.701,7.702,1003479.0,600583
3229,2015-08-27,8.013,8.258,8.295,7.551,814199.0,600583
3230,2015-08-28,8.606,8.88,8.946,8.484,993432.0,600583
3231,2015-08-31,8.814,9.04,9.078,8.399,949586.0,600583
3232,2015-09-01,8.955,9.078,9.125,8.314,1083707.0,600583
3233,2015-09-02,8.522,8.984,9.163,8.399,1084158.0,600583
3234,2015-09-07,9.068,8.597,9.502,8.55,744262.0,600583
3235,2015-09-08,8.531,8.842,8.88,8.239,455959.0,600583
3236,2015-09-09,8.955,9.21,9.379,8.852,677431.0,600583
3237,2015-09-10,8.993,9.191,9.37,8.927,524913.0,600583
3238,2015-09-11,9.097,9.134,9.313,8.974,385488.0,600583
3239,2015-09-14,9.285,9.304,9.474,8.474,967461.0,600583
3240,2015-09-15,8.974,8.889,9.276,8.531,580714.0,600583
3241,2015-09-16,8.776,9.464,9.691,8.654,699921.0,600583
3242,2015-09-17,9.332,9.332,9.983,9.247,939461.0,600583
3243,2015-09-18,9.502,9.361,9.615,9.181,508625.0,600583
3244,2015-09-21,9.21,9.464,9.521,9.097,412309.0,600583
3245,2015-09-22,9.54,9.559,9.832,9.483,596361.0,600583
3246,2015-09-23,9.332,9.106,9.445,9.068,478633.0,600583
3247,2015-09-24,9.153,9.2,9.285,9.059,255232.0,600583
3248,2015-09-25,9.229,8.984,9.474,8.738,416871.0,600583
3249,2015-09-28,8.908,8.804,8.984,8.512,249206.0,600583
3250,2015-09-29,8.644,8.493,8.72,8.484,238185.0,600583
3251,2015-09-30,8.54,8.531,8.654,8.512,155633.0,600583
3252,2015-10-08,9.153,8.955,9.389,8.908,401607.0,600583
3253,2015-10-09,8.955,9.125,9.181,8.908,371402.0,600583
3254,2015-10-12,9.05,9.464,9.643,9.05,666194.0,600583
3255,2015-10-13,9.342,9.408,9.455,9.285,375150.0,600583
3256,2015-10-14,9.398,9.361,9.577,9.313,436065.0,600583
3257,2015-10-15,9.313,9.587,9.681,9.313,552275.0,600583
3258,2015-10-16,9.625,9.728,9.86,9.549,886847.0,600583
3259,2015-10-19,9.709,9.511,9.738,9.408,567611.0,600583
3260,2015-10-20,9.521,9.747,9.775,9.417,588424.0,600583
3261,2015-10-21,9.719,9.606,9.898,9.068,992262.0,600583
3262,2015-10-22,9.389,9.634,9.709,9.323,526504.0,600583
3263,2015-10-23,9.643,9.653,9.691,9.445,552418.0,600583
3264,2015-10-26,9.766,9.615,9.766,9.549,521912.0,600583
3265,2015-10-27,9.691,9.954,10.02,9.568,903339.0,600583
3266,2015-10-28,9.804,9.502,9.851,9.464,594823.0,600583
3267,2015-10-29,9.606,9.502,9.662,9.408,295877.0,600583
3268,2015-10-30,9.389,9.361,9.521,9.276,332259.0,600583
3269,2015-11-02,9.276,9.05,9.342,9.04,314098.0,600583
3270,2015-11-03,9.059,8.993,9.172,8.955,190272.0,600583
3271,2015-11-04,9.068,9.427,9.483,9.04,396437.0,600583
3272,2015-11-05,9.398,9.709,9.945,9.361,958933.0,600583
3273,2015-11-06,9.643,9.879,9.992,9.559,837901.0,600583
3274,2015-11-09,9.756,9.926,10.2,9.728,846344.0,600583
3275,2015-11-10,9.832,9.936,10.077,9.747,580162.0,600583
3276,2015-11-11,9.992,9.936,10.096,9.832,460525.0,600583
3277,2015-11-12,9.926,9.738,9.936,9.709,443981.0,600583
3278,2015-11-13,9.653,9.493,9.766,9.455,363300.0,600583
3279,2015-11-16,9.323,9.615,9.625,9.323,302168.0,600583
3280,2015-11-17,9.662,9.549,9.832,9.502,441076.0,600583
3281,2015-11-18,9.521,9.493,9.662,9.427,274456.0,600583
3282,2015-11-19,9.502,9.568,9.587,9.427,275767.0,600583
3283,2015-11-20,9.559,9.53,9.587,9.436,323323.0,600583
3284,2015-11-23,9.53,9.455,9.559,9.427,292599.0,600583
3285,2015-11-24,9.464,9.37,9.483,9.247,300724.0,600583
3286,2015-11-25,9.417,9.474,9.549,9.379,336020.0,600583
3287,2015-11-26,9.493,9.427,9.53,9.417,299705.0,600583
3288,2015-11-27,9.379,8.71,9.417,8.625,464682.0,600583
3289,2015-11-30,8.72,8.531,8.795,8.314,356060.0,600583
3290,2015-12-01,8.578,8.578,8.616,8.465,237852.0,600583
3291,2015-12-02,8.578,8.842,8.899,8.54,364146.0,600583
3292,2015-12-03,8.842,8.918,9.021,8.738,305338.0,600583
3293,2015-12-04,8.87,8.748,8.889,8.72,226632.0,600583
3294,2015-12-07,8.738,8.71,8.795,8.644,182190.0,600583
3295,2015-12-08,8.616,8.446,8.616,8.418,249234.0,600583
3296,2015-12-09,8.465,8.399,8.54,8.38,194088.0,600583
3297,2015-12-10,8.437,8.465,8.512,8.38,191352.0,600583
3298,2015-12-11,8.371,8.314,8.446,8.277,199061.0,600583
3299,2015-12-14,8.173,8.427,8.465,8.154,349368.0,600583
3300,2015-12-15,8.456,8.418,8.512,8.371,200451.0,600583
3301,2015-12-16,8.456,8.522,8.71,8.437,407327.0,600583
3302,2015-12-17,8.493,8.606,8.654,8.484,333590.0,600583
3303,2015-12-18,8.588,8.635,8.691,8.55,332448.0,600583
3304,2015-12-21,8.635,8.748,8.833,8.578,370031.0,600583
3305,2015-12-22,8.748,8.748,8.861,8.654,356415.0,600583
3306,2015-12-23,8.757,8.654,8.823,8.635,341981.0,600583
3307,2015-12-24,8.729,8.767,8.814,8.654,375846.0,600583
3308,2015-12-25,8.748,8.842,8.861,8.71,344279.0,600583
3309,2015-12-28,8.861,8.493,8.87,8.484,395954.0,600583
3310,2015-12-29,8.493,8.55,8.588,8.484,196538.0,600583
3311,2015-12-30,8.569,8.569,8.625,8.522,146476.0,600583
3312,2015-12-31,8.559,8.437,8.559,8.427,176505.0,600583
3313,2016-01-04,8.484,7.72,8.503,7.72,201088.0,600583
3314,2016-01-05,7.551,7.805,8.013,7.551,304334.0,600583
3315,2016-01-06,7.824,8.05,8.079,7.786,279831.0,600583
3316,2016-01-07,7.899,7.438,7.899,7.381,72153.0,600583
3317,2016-01-08,7.541,7.683,7.796,7.306,355342.0,600583
3318,2016-01-11,7.598,7.108,7.711,7.079,331948.0,600583
3319,2016-01-12,7.108,7.211,7.268,7.042,207719.0,600583
3320,2016-01-13,7.24,6.9,7.296,6.881,213161.0,600583
3321,2016-01-14,6.797,6.985,7.004,6.702,232994.0,600583
3322,2016-01-15,6.929,6.617,6.966,6.551,263151.0,600583
3323,2016-01-18,6.485,6.561,6.702,6.438,225208.0,600583
3324,2016-01-19,6.542,6.825,6.863,6.514,275475.0,600583
3325,2016-01-20,6.759,6.778,7.004,6.617,278657.0,600583
3326,2016-01-21,6.655,6.476,6.834,6.448,230437.0,600583
3327,2016-01-22,6.589,6.617,6.683,6.438,189511.0,600583
3328,2016-01-25,6.759,6.702,6.834,6.655,248988.0,600583
3329,2016-01-26,6.58,6.061,6.589,6.033,314068.0,600583
3330,2016-01-27,6.08,5.929,6.156,5.75,358692.0,600583
3331,2016-01-28,5.901,5.656,6.014,5.637,289059.0,600583
3332,2016-01-29,5.675,5.844,5.901,5.665,284979.0,600583
3333,2016-02-01,5.807,5.675,5.826,5.609,300065.0,600583
3334,2016-02-02,5.675,5.816,5.854,5.665,283359.0,600583
3335,2016-02-03,5.731,5.76,5.797,5.656,216193.0,600583
3336,2016-02-04,5.835,5.892,5.967,5.816,308954.0,600583
3337,2016-02-05,5.882,6.269,6.485,5.863,717850.0,600583
3338,2016-02-15,6.033,6.165,6.269,5.995,526453.0,600583
3339,2016-02-16,6.222,6.41,6.485,6.212,507857.0,600583
3340,2016-02-17,6.335,6.372,6.401,6.24,443194.0,600583
3341,2016-02-18,6.589,6.504,6.74,6.467,701697.0,600583
3342,2016-02-19,6.467,6.533,6.646,6.41,341849.0,600583
3343,2016-02-22,6.561,6.74,6.806,6.514,507523.0,600583
3344,2016-02-23,6.768,6.674,6.891,6.599,412182.0,600583
3345,2016-02-24,6.599,6.74,6.825,6.57,308494.0,600583
3346,2016-02-25,6.712,6.08,6.712,6.071,448951.0,600583
3347,2016-02-26,6.193,6.184,6.344,6.052,290817.0,600583
3348,2016-02-29,6.222,6.052,6.24,5.769,357632.0,600583
3349,2016-03-01,6.033,6.184,6.222,5.986,240204.0,600583
3350,2016-03-02,6.269,6.599,6.665,6.222,456366.0,600583
3351,2016-03-03,6.551,6.636,6.834,6.514,408205.0,600583
3352,2016-03-04,6.617,6.844,6.947,6.608,814882.0,600583
3353,2016-03-07,6.91,6.863,7.164,6.749,620817.0,600583
3354,2016-03-08,7.023,6.966,7.042,6.674,523629.0,600583
3355,2016-03-09,6.721,6.759,6.778,6.608,341077.0,600583
3356,2016-03-10,6.778,6.561,6.815,6.561,203759.0,600583
3357,2016-03-11,6.504,6.523,6.589,6.382,157175.0,600583
3358,2016-03-14,6.646,6.665,6.74,6.551,268421.0,600583
3359,2016-03-15,6.646,6.608,6.665,6.514,197574.0,600583
3360,2016-03-16,6.58,6.665,6.702,6.57,274016.0,600583
3361,2016-03-17,6.749,6.797,6.872,6.702,293612.0,600583
3362,2016-03-18,6.872,6.863,7.061,6.815,567902.0,600583
3363,2016-03-21,6.872,7.051,7.098,6.872,518282.0,600583
3364,2016-03-22,6.985,6.995,7.098,6.919,416592.0,600583
3365,2016-03-23,6.985,7.042,7.108,6.966,300675.0,600583
3366,2016-03-24,6.976,6.749,6.976,6.74,397532.0,600583
3367,2016-03-25,6.749,6.778,6.797,6.712,206849.0,600583
3368,2016-03-28,6.778,6.693,6.863,6.665,263463.0,600583
3369,2016-03-29,6.665,6.523,6.712,6.485,243701.0,600583
3370,2016-03-30,6.58,6.759,6.806,6.57,270104.0,600583
3371,2016-03-31,6.759,6.759,6.825,6.721,219053.0,600583
3372,2016-04-01,6.749,6.815,6.815,6.617,290748.0,600583
3373,2016-04-05,6.749,6.891,6.938,6.712,409747.0,600583
3374,2016-04-06,6.863,6.891,6.966,6.825,357741.0,600583
3375,2016-04-07,6.938,6.74,6.966,6.731,315152.0,600583
3376,2016-04-08,6.683,6.665,6.74,6.608,254021.0,600583
3377,2016-04-11,6.721,6.815,6.844,6.721,250397.0,600583
3378,2016-04-12,6.806,6.872,6.881,6.74,310187.0,600583
3379,2016-04-13,6.976,7.07,7.202,6.947,747622.0,600583
3380,2016-04-14,7.126,7.07,7.126,6.995,302833.0,600583
3381,2016-04-15,7.07,7.032,7.117,7.004,273300.0,600583
3382,2016-04-18,6.929,6.815,6.929,6.787,310490.0,600583
3383,2016-04-19,6.863,6.825,6.891,6.787,158867.0,600583
3384,2016-04-20,6.872,6.712,6.91,6.533,451971.0,600583
3385,2016-04-21,6.721,6.683,6.787,6.655,191255.0,600583
3386,2016-04-22,6.674,6.721,6.749,6.608,186330.0,600583
3387,2016-04-25,6.712,6.655,6.712,6.608,128431.0,600583
3388,2016-04-26,6.683,6.815,6.815,6.683,230037.0,600583
3389,2016-04-27,6.853,6.872,7.051,6.815,409718.0,600583
3390,2016-04-28,6.919,7.023,7.089,6.872,502552.0,600583
3391,2016-04-29,6.947,6.947,7.004,6.863,318349.0,600583
3392,2016-05-03,6.929,7.032,7.098,6.872,551608.0,600583
3393,2016-05-04,6.966,6.995,7.051,6.938,300741.0,600583
3394,2016-05-05,6.966,7.032,7.061,6.947,247747.0,600583
3395,2016-05-06,7.023,6.74,7.042,6.721,351531.0,600583
3396,2016-05-09,6.74,6.542,6.74,6.504,294928.0,600583
3397,2016-05-10,6.514,6.551,6.608,6.485,149256.0,600583
3398,2016-05-11,6.589,6.57,6.636,6.514,173742.0,600583
3399,2016-05-12,6.542,6.542,6.561,6.457,217166.0,600583
3400,2016-05-13,6.542,6.495,6.589,6.429,194832.0,600583
3401,2016-05-16,6.457,6.542,6.551,6.382,146090.0,600583
3402,2016-05-17,6.589,6.636,6.74,6.589,286580.0,600583
3403,2016-05-18,6.589,6.617,6.665,6.467,254664.0,600583
3404,2016-05-19,6.57,6.533,6.646,6.523,169738.0,600583
3405,2016-05-20,6.495,6.551,6.561,6.391,110664.0,600583
3406,2016-05-23,6.523,6.617,6.646,6.504,161634.0,600583
3407,2016-05-24,6.608,6.58,6.608,6.476,140525.0,600583
3408,2016-05-25,6.674,6.542,6.674,6.533,139405.0,600583
3409,2016-05-26,6.57,6.589,6.608,6.467,140046.0,600583
3410,2016-05-27,6.589,6.551,6.589,6.504,95743.0,600583
3411,2016-05-30,6.542,6.523,6.58,6.467,82198.0,600583
3412,2016-05-31,6.561,6.806,6.863,6.533,409923.0,600583
3413,2016-06-01,6.797,6.806,6.881,6.768,266993.0,600583
3414,2016-06-02,6.806,6.844,6.853,6.749,183429.0,600583
3415,2016-06-03,6.834,6.853,6.919,6.797,262205.0,600583
3416,2016-06-06,6.891,6.872,6.9,6.834,163104.0,600583
3417,2016-06-07,6.872,6.872,6.9,6.825,167785.0,600583
3418,2016-06-08,6.911,6.882,6.931,6.833,217087.0,600583
3419,2016-06-13,6.774,6.638,6.804,6.628,216790.0,600583
3420,2016-06-14,6.618,6.657,6.696,6.599,137480.0,600583
3421,2016-06-15,6.618,6.755,6.784,6.569,164897.0,600583
3422,2016-06-16,6.755,6.667,6.755,6.638,143493.0,600583
3423,2016-06-17,6.667,6.657,6.726,6.638,191297.0,600583
3424,2016-06-20,6.677,6.657,6.706,6.608,110860.0,600583
3425,2016-06-21,6.677,6.648,6.735,6.638,161917.0,600583
3426,2016-06-22,6.648,6.696,6.696,6.608,125920.0,600583
3427,2016-06-23,6.706,6.677,6.716,6.648,126460.0,600583
3428,2016-06-24,6.667,6.579,6.696,6.491,192581.0,600583
3429,2016-06-27,6.501,6.648,6.648,6.491,139354.0,600583
3430,2016-06-28,6.618,6.677,6.677,6.54,160968.0,600583
3431,2016-06-29,6.696,6.755,6.862,6.667,278133.0,600583
3432,2016-06-30,6.774,6.745,6.823,6.726,164662.0,600583
3433,2016-07-01,6.755,6.696,6.774,6.687,139671.0,600583
3434,2016-07-04,6.677,6.862,6.931,6.657,283049.0,600583
3435,2016-07-05,6.872,7.009,7.057,6.833,434211.0,600583
3436,2016-07-06,6.95,6.95,6.979,6.882,263652.0,600583
3437,2016-07-07,6.94,6.921,6.97,6.882,215409.0,600583
3438,2016-07-08,6.901,6.872,6.911,6.853,169468.0,600583
3439,2016-07-11,6.892,6.911,7.028,6.862,334566.0,600583
3440,2016-07-12,6.911,7.311,7.38,6.892,757852.0,600583
3441,2016-07-13,7.341,7.223,7.37,7.175,534581.0,600583
3442,2016-07-14,7.184,7.175,7.262,7.116,327979.0,600583
3443,2016-07-15,7.204,7.341,7.37,7.184,518943.0,600583
3444,2016-07-18,7.35,7.282,7.428,7.272,376314.0,600583
3445,2016-07-19,7.262,7.204,7.262,7.126,288682.0,600583
3446,2016-07-20,7.204,7.155,7.223,7.145,174614.0,600583
3447,2016-07-21,7.155,7.194,7.243,7.145,189573.0,600583
3448,2016-07-22,7.165,7.057,7.184,7.038,233188.0,600583
3449,2016-07-25,7.048,7.077,7.106,7.018,154203.0,600583
3450,2016-07-26,7.087,7.155,7.155,7.048,206478.0,600583
3451,2016-07-27,7.145,7.067,7.272,6.872,502190.0,600583
3452,2016-07-28,7.009,7.038,7.087,6.931,250725.0,600583
3453,2016-07-29,7.038,7.184,7.331,6.97,596893.0,600583
3454,2016-08-01,7.145,7.018,7.214,6.911,333877.0,600583
3455,2016-08-02,6.97,7.038,7.067,6.931,203573.0,600583
3456,2016-08-03,7.009,7.018,7.028,6.95,171446.0,600583
3457,2016-08-04,6.999,7.106,7.116,6.999,212273.0,600583
3458,2016-08-05,7.077,7.057,7.097,7.018,173767.0,600583
3459,2016-08-08,7.028,7.214,7.233,6.97,334614.0,600583
3460,2016-08-09,7.223,7.223,7.262,7.175,244918.0,600583
3461,2016-08-10,7.214,7.204,7.282,7.175,279174.0,600583
3462,2016-08-11,7.165,7.223,7.35,7.136,367571.0,600583
3463,2016-08-12,7.223,7.311,7.321,7.126,417914.0,600583
3464,2016-08-15,7.321,7.487,7.555,7.311,722989.0,600583
3465,2016-08-16,7.497,7.497,7.643,7.38,611294.0,600583
3466,2016-08-17,7.467,7.448,7.516,7.409,331723.0,600583
3467,2016-08-18,7.507,7.409,7.526,7.389,287731.0,600583
3468,2016-08-19,7.438,7.516,7.546,7.389,357949.0,600583
3469,2016-08-22,7.507,7.331,7.536,7.311,304946.0,600583
3470,2016-08-23,7.214,7.077,7.214,7.028,647839.0,600583
3471,2016-08-24,7.067,7.057,7.087,7.009,210579.0,600583
3472,2016-08-25,7.028,7.038,7.048,6.95,213568.0,600583
3473,2016-08-26,7.048,7.038,7.077,7.018,172670.0,600583
3474,2016-08-29,7.028,6.999,7.048,6.979,155067.0,600583
3475,2016-08-30,7.009,6.999,7.028,6.979,130576.0,600583
3476,2016-08-31,6.989,6.999,7.009,6.96,99304.0,600583
3477,2016-09-01,7.018,6.921,7.018,6.901,141812.0,600583
3478,2016-09-02,6.911,6.96,6.979,6.882,157250.0,600583
3479,2016-09-05,6.96,6.96,7.028,6.95,122310.0,600583
3480,2016-09-06,6.97,7.009,7.009,6.892,126745.0,600583
3481,2016-09-07,6.999,7.028,7.077,6.97,171624.0,600583
3482,2016-09-08,7.009,7.009,7.028,6.979,81937.0,600583
3483,2016-09-09,7.018,6.979,7.057,6.97,102787.0,600583
3484,2016-09-12,6.911,6.853,6.911,6.716,366344.0,600583
3485,2016-09-13,6.823,6.823,6.853,6.765,115595.0,600583
3486,2016-09-14,6.765,6.774,6.804,6.716,92716.0,600583
3487,2016-09-19,6.745,6.784,6.804,6.735,73516.0,600583
3488,2016-09-20,6.784,6.765,6.794,6.726,88306.0,600583
3489,2016-09-21,6.755,6.774,6.794,6.735,52264.0,600583
3490,2016-09-22,6.813,6.784,6.833,6.765,84089.0,600583
3491,2016-09-23,6.784,6.745,6.794,6.735,65897.0,600583
3492,2016-09-26,6.735,6.608,6.735,6.599,126882.0,600583
3493,2016-09-27,6.618,6.638,6.648,6.579,75880.0,600583
3494,2016-09-28,6.667,6.599,6.667,6.599,52707.0,600583
3495,2016-09-29,6.648,6.696,6.735,6.638,122030.0,600583
3496,2016-09-30,6.687,6.677,6.696,6.638,76313.0,600583
3497,2016-10-10,6.813,6.843,6.882,6.784,179501.0,600583
3498,2016-10-11,6.882,6.901,6.94,6.843,172709.0,600583
3499,2016-10-12,6.872,6.853,6.882,6.813,91180.0,600583
3500,2016-10-13,6.853,6.833,6.862,6.804,72370.0,600583
3501,2016-10-14,6.833,6.892,6.911,6.774,119475.0,600583
3502,2016-10-17,6.892,6.833,6.931,6.813,114815.0,600583
3503,2016-10-18,6.823,6.96,6.97,6.823,180233.0,600583
3504,2016-10-19,6.979,6.95,7.009,6.94,171991.0,600583
3505,2016-10-20,6.989,6.96,6.989,6.94,124059.0,600583
3506,2016-10-21,6.94,6.979,7.067,6.882,197166.0,600583
3507,2016-10-24,6.979,7.204,7.282,6.95,603262.0,600583
3508,2016-10-25,7.155,7.106,7.184,7.057,255269.0,600583
3509,2016-10-26,7.077,7.077,7.145,7.048,144813.0,600583
3510,2016-10-27,7.077,7.048,7.116,7.018,139485.0,600583
3511,2016-10-28,7.067,7.038,7.097,7.018,152136.0,600583
3512,2016-10-31,7.038,6.94,7.038,6.911,126830.0,600583
3513,2016-11-01,6.94,6.979,6.979,6.872,105015.0,600583
3514,2016-11-02,6.96,6.892,6.96,6.882,118279.0,600583
3515,2016-11-03,6.882,6.94,6.979,6.872,135548.0,600583
3516,2016-11-04,6.921,6.911,6.95,6.892,95669.0,600583
3517,2016-11-07,6.911,6.911,6.95,6.872,82883.0,600583
3518,2016-11-08,6.94,6.94,6.95,6.901,93133.0,600583
3519,2016-11-09,6.931,6.862,6.94,6.833,135055.0,600583
3520,2016-11-10,6.911,6.979,7.009,6.892,190090.0,600583
3521,2016-11-11,6.97,7.087,7.106,6.96,338950.0,600583
3522,2016-11-14,7.038,7.165,7.311,7.038,582928.0,600583
3523,2016-11-15,7.136,7.087,7.175,7.057,261897.0,600583
3524,2016-11-16,7.136,7.145,7.165,7.028,255067.0,600583
3525,2016-11-17,7.087,7.175,7.194,7.077,279639.0,600583
3526,2016-11-18,7.155,7.097,7.184,7.038,188784.0,600583
3527,2016-11-21,7.077,7.233,7.243,7.067,390982.0,600583
3528,2016-11-22,7.292,7.311,7.389,7.214,587853.0,600583
3529,2016-11-23,7.292,7.292,7.467,7.233,571628.0,600583
3530,2016-11-24,7.272,7.223,7.38,7.204,307418.0,600583
3531,2016-11-25,7.214,7.272,7.282,7.077,437877.0,600583
3532,2016-11-28,7.233,7.292,7.321,7.184,416532.0,600583
3533,2016-11-29,7.282,7.36,7.419,7.233,815638.0,600583
3534,2016-11-30,7.311,7.175,7.321,7.126,425034.0,600583
3535,2016-12-01,7.38,7.36,7.487,7.331,792868.0,600583
3536,2016-12-02,7.419,7.409,7.751,7.38,1065882.0,600583
3537,2016-12-05,7.331,7.311,7.37,7.184,538584.0,600583
3538,2016-12-06,7.243,7.292,7.419,7.243,309769.0,600583
3539,2016-12-07,7.243,7.243,7.272,7.126,320210.0,600583
3540,2016-12-08,7.253,7.175,7.262,7.136,249703.0,600583
3541,2016-12-09,7.204,7.204,7.253,7.155,246592.0,600583
3542,2016-12-12,7.35,7.165,7.38,7.057,524775.0,600583
3543,2016-12-13,7.106,7.321,7.35,7.048,581598.0,600583
3544,2016-12-14,7.272,7.487,7.653,7.262,1000203.0,600583
3545,2016-12-15,7.399,7.536,7.555,7.36,474148.0,600583
3546,2016-12-16,7.507,7.536,7.614,7.419,395442.0,600583
3547,2016-12-19,7.555,7.516,7.712,7.467,406218.0,600583
3548,2016-12-20,7.487,7.321,7.487,7.272,344131.0,600583
3549,2016-12-21,7.35,7.663,7.877,7.321,875056.0,600583
3550,2016-12-22,7.614,7.604,7.76,7.555,604713.0,600583
3551,2016-12-23,7.594,7.555,7.653,7.516,379122.0,600583
3552,2016-12-26,7.497,7.526,7.536,7.321,411217.0,600583
3553,2016-12-27,7.497,7.438,7.565,7.428,252097.0,600583
3554,2016-12-28,7.477,7.36,7.516,7.341,230054.0,600583
3555,2016-12-29,7.331,7.243,7.36,7.204,289377.0,600583
3556,2016-12-30,7.253,7.204,7.292,7.204,177186.0,600583
3557,2017-01-03,7.253,7.35,7.36,7.214,253597.0,600583
3558,2017-01-04,7.302,7.419,7.438,7.292,292133.0,600583
3559,2017-01-05,7.409,7.467,7.546,7.37,360700.0,600583
3560,2017-01-06,7.467,7.487,7.594,7.428,346974.0,600583
3561,2017-01-09,7.458,7.604,7.643,7.448,360137.0,600583
3562,2017-01-10,7.546,7.526,7.604,7.497,264665.0,600583
3563,2017-01-11,7.487,7.555,7.575,7.419,308690.0,600583
3564,2017-01-12,7.526,7.36,7.546,7.341,248994.0,600583
3565,2017-01-13,7.36,7.428,7.458,7.311,181507.0,600583
3566,2017-01-16,7.37,7.546,7.594,7.282,613960.0,600583
3567,2017-01-17,7.477,7.546,7.653,7.467,343667.0,600583
3568,2017-01-18,7.526,7.731,7.79,7.507,524808.0,600583
3569,2017-01-19,7.672,7.682,7.692,7.594,264196.0,600583
3570,2017-01-20,7.633,7.819,7.956,7.633,560452.0,600583
3571,2017-01-23,7.829,7.887,7.897,7.76,322115.0,600583
3572,2017-01-24,7.838,7.848,7.907,7.79,218648.0,600583
3573,2017-01-25,7.848,7.76,7.848,7.702,284561.0,600583
3574,2017-01-26,7.76,7.76,7.819,7.653,214434.0,600583
3575,2017-02-03,7.819,7.751,7.829,7.721,149932.0,600583
3576,2017-02-06,7.751,7.76,7.838,7.692,197249.0,600583
3577,2017-02-07,7.751,7.721,7.76,7.663,172428.0,600583
3578,2017-02-08,7.672,7.721,7.731,7.633,161949.0,600583
3579,2017-02-09,7.721,7.809,7.916,7.712,318617.0,600583
3580,2017-02-10,7.809,7.985,7.995,7.741,465067.0,600583
3581,2017-02-13,7.985,7.936,7.995,7.887,393916.0,600583
3582,2017-02-14,7.907,7.897,7.965,7.858,195625.0,600583
3583,2017-02-15,7.916,7.712,7.985,7.682,429069.0,600583
3584,2017-02-16,7.712,7.76,7.809,7.663,309690.0,600583
3585,2017-02-17,7.731,7.643,7.79,7.624,206532.0,600583
3586,2017-02-20,7.672,7.77,7.79,7.653,303840.0,600583
3587,2017-02-21,7.79,7.77,7.838,7.741,208556.0,600583
3588,2017-02-22,7.799,7.995,8.092,7.799,743097.0,600583
3589,2017-02-23,7.956,7.877,7.995,7.848,338687.0,600583
3590,2017-02-24,7.907,7.907,7.956,7.848,245044.0,600583
3591,2017-02-27,7.897,7.751,7.907,7.751,234502.0,600583
3592,2017-02-28,7.741,7.877,7.887,7.741,193352.0,600583
3593,2017-03-01,7.897,7.829,7.946,7.79,320406.0,600583
3594,2017-03-02,7.887,7.956,8.034,7.877,467629.0,600583
3595,2017-03-03,7.887,7.926,7.975,7.809,264519.0,600583
3596,2017-03-06,7.926,7.995,8.024,7.858,263837.0,600583
3597,2017-03-07,7.985,7.926,7.995,7.838,238089.0,600583
3598,2017-03-08,7.916,7.858,7.936,7.809,187938.0,600583
3599,2017-03-09,7.78,7.536,7.78,7.526,628513.0,600583
3600,2017-03-10,7.516,7.448,7.555,7.38,261309.0,600583
3601,2017-03-13,7.409,7.526,7.575,7.37,228020.0,600583
3602,2017-03-14,7.477,7.516,7.585,7.477,183407.0,600583
3603,2017-03-15,7.497,7.448,7.516,7.399,131967.0,600583
3604,2017-03-16,7.487,7.555,7.624,7.477,201576.0,600583
3605,2017-03-17,7.555,7.438,7.565,7.428,120872.0,600583
3606,2017-03-20,7.419,7.477,7.487,7.399,126055.0,600583
3607,2017-03-21,7.448,7.536,7.575,7.428,162345.0,600583
3608,2017-03-22,7.477,7.458,7.516,7.419,161333.0,600583
3609,2017-03-23,7.458,7.38,7.477,7.331,206128.0,600583
3610,2017-03-24,7.389,7.38,7.409,7.253,262217.0,600583
3611,2017-03-27,7.37,7.36,7.409,7.311,155450.0,600583
3612,2017-03-28,7.37,7.37,7.409,7.321,102009.0,600583
3613,2017-03-29,7.399,7.448,7.477,7.36,203006.0,600583
3614,2017-03-30,7.448,7.399,7.507,7.292,225125.0,600583
3615,2017-03-31,7.389,7.448,7.546,7.38,240316.0,600583
3616,2017-04-05,7.458,7.555,7.575,7.448,232355.0,600583
3617,2017-04-06,7.546,7.536,7.575,7.487,148796.0,600583
3618,2017-04-07,7.536,7.604,7.672,7.516,276658.0,600583
3619,2017-04-10,7.604,7.614,7.702,7.575,218539.0,600583
3620,2017-04-11,7.633,7.585,7.633,7.438,282943.0,600583
3621,2017-04-12,7.575,7.507,7.594,7.477,257046.0,600583
3622,2017-04-13,7.507,7.507,7.536,7.467,144737.0,600583
3623,2017-04-14,7.507,7.428,7.526,7.419,132490.0,600583
3624,2017-04-17,7.399,7.38,7.458,7.35,125260.0,600583
3625,2017-04-18,7.38,7.262,7.458,7.253,159027.0,600583
3626,2017-04-19,7.233,7.165,7.302,7.116,182226.0,600583
3627,2017-04-20,7.126,6.95,7.184,6.862,325171.0,600583
3628,2017-04-21,6.95,6.96,6.999,6.901,110929.0,600583
3629,2017-04-24,6.94,6.755,6.95,6.735,176580.0,600583
3630,2017-04-25,6.765,6.706,6.813,6.657,156393.0,600583
3631,2017-04-26,6.706,6.706,6.765,6.677,114819.0,600583
3632,2017-04-27,6.716,6.872,6.882,6.677,173666.0,600583
3633,2017-04-28,6.813,6.774,6.813,6.716,212986.0,600583
3634,2017-05-02,6.735,6.56,6.735,6.511,198605.0,600583
3635,2017-05-03,6.56,6.325,6.579,6.247,317456.0,600583
3636,2017-05-04,6.296,6.286,6.423,6.257,188852.0,600583
3637,2017-05-05,6.218,6.081,6.218,6.042,254904.0,600583
3638,2017-05-08,6.101,6.091,6.14,6.072,125654.0,600583
3639,2017-05-09,6.111,6.12,6.13,5.984,165766.0,600583
3640,2017-05-10,6.13,6.023,6.15,6.003,134725.0,600583
3641,2017-05-11,6.023,5.974,6.042,5.837,179174.0,600583
3642,2017-05-12,5.974,6.003,6.033,5.915,109712.0,600583
3643,2017-05-15,6.023,5.994,6.052,5.974,81442.0,600583
3644,2017-05-16,6.013,6.081,6.081,5.945,122414.0,600583
3645,2017-05-17,6.072,6.15,6.179,6.033,193888.0,600583
3646,2017-05-18,6.111,6.608,6.726,6.072,662401.0,600583
3647,2017-05-19,6.853,6.999,7.175,6.833,1500585.0,600583
3648,2017-05-22,6.97,6.735,6.999,6.667,855689.0,600583
3649,2017-05-23,6.745,6.169,6.745,6.111,679696.0,600583
3650,2017-05-24,6.081,6.374,6.443,5.984,487230.0,600583
3651,2017-05-25,6.345,6.403,6.472,6.208,387926.0,600583
3652,2017-05-26,6.345,6.433,6.618,6.267,436566.0,600583
3653,2017-05-31,6.443,6.218,6.462,6.169,350327.0,600583
3654,2017-06-01,6.179,6.072,6.286,6.062,265617.0,600583
3655,2017-06-02,6.072,6.208,6.247,6.052,267282.0,600583
3656,2017-06-05,6.267,6.277,6.423,6.238,300751.0,600583
3657,2017-06-06,6.247,6.257,6.286,6.179,179671.0,600583
3658,2017-06-07,6.257,6.394,6.403,6.238,270810.0,600583
3659,2017-06-08,6.345,6.384,6.443,6.325,249995.0,600583
3660,2017-06-09,6.374,6.355,6.384,6.296,174628.0,600583
3661,2017-06-12,6.364,6.316,6.452,6.296,200105.0,600583
3662,2017-06-13,6.296,6.374,6.384,6.286,131928.0,600583
3663,2017-06-14,6.384,6.255,6.384,6.235,199914.0,600583
3664,2017-06-15,6.225,6.275,6.305,6.216,121251.0,600583
3665,2017-06-16,6.265,6.265,6.325,6.245,111748.0,600583
3666,2017-06-19,6.255,6.275,6.285,6.235,131841.0,600583
3667,2017-06-20,6.265,6.255,6.285,6.225,146162.0,600583
3668,2017-06-21,6.265,6.166,6.275,6.116,350437.0,600583
3669,2017-06-22,6.186,6.146,6.225,6.146,214844.0,600583
3670,2017-06-23,6.156,6.087,6.156,6.027,208959.0,600583
3671,2017-06-26,6.087,6.116,6.136,6.067,223983.0,600583
3672,2017-06-27,6.116,6.146,6.166,6.087,199129.0,600583
3673,2017-06-28,6.136,6.126,6.176,6.087,147569.0,600583
3674,2017-06-29,6.136,6.176,6.176,6.116,143340.0,600583
3675,2017-06-30,6.146,6.186,6.206,6.136,156559.0,600583
3676,2017-07-03,6.176,6.265,6.275,6.146,219546.0,600583
3677,2017-07-04,6.245,6.206,6.275,6.186,208790.0,600583
3678,2017-07-05,6.206,6.225,6.225,6.166,119864.0,600583
3679,2017-07-06,6.196,6.196,6.216,6.166,133396.0,600583
3680,2017-07-07,6.186,6.206,6.206,6.156,122680.0,600583
3681,2017-07-10,6.206,6.235,6.275,6.186,191280.0,600583
3682,2017-07-11,6.225,6.146,6.265,6.136,186242.0,600583
3683,2017-07-12,6.146,6.106,6.176,6.057,161338.0,600583
3684,2017-07-13,6.106,6.156,6.176,6.077,137211.0,600583
3685,2017-07-14,6.146,6.126,6.176,6.106,119040.0,600583
3686,2017-07-17,6.136,5.888,6.146,5.75,246069.0,600583
3687,2017-07-18,5.849,5.938,5.948,5.849,95616.0,600583
3688,2017-07-19,5.928,6.097,6.097,5.918,216845.0,600583
3689,2017-07-20,6.077,6.126,6.176,6.067,178719.0,600583
3690,2017-07-21,6.136,6.136,6.166,6.106,130684.0,600583
3691,2017-07-24,6.087,6.166,6.196,6.087,141679.0,600583
3692,2017-07-25,6.166,6.146,6.206,6.116,117363.0,600583
3693,2017-07-26,6.186,6.186,6.206,6.126,146876.0,600583
3694,2017-07-27,6.196,6.206,6.225,6.116,171998.0,600583
3695,2017-07-28,6.196,6.206,6.225,6.176,141207.0,600583
3696,2017-07-31,6.235,6.315,6.344,6.216,312805.0,600583
3697,2017-08-01,6.325,6.334,6.414,6.315,273864.0,600583
3698,2017-08-02,6.315,6.265,6.344,6.245,221229.0,600583
3699,2017-08-03,6.265,6.344,6.374,6.235,169296.0,600583
3700,2017-08-04,6.344,6.364,6.483,6.315,260891.0,600583
3701,2017-08-07,6.354,6.493,6.523,6.344,246384.0,600583
3702,2017-08-08,6.513,6.453,6.513,6.414,154107.0,600583
3703,2017-08-09,6.443,6.384,6.463,6.354,139337.0,600583
3704,2017-08-10,6.414,6.344,6.414,6.275,135297.0,600583
3705,2017-08-11,6.295,6.136,6.315,6.126,251080.0,600583
3706,2017-08-14,6.166,6.206,6.225,6.146,101642.0,600583
3707,2017-08-15,6.206,6.196,6.235,6.176,74665.0,600583
3708,2017-08-16,6.196,6.166,6.216,6.126,148308.0,600583
3709,2017-08-17,6.176,6.216,6.225,6.166,169968.0,600583
3710,2017-08-18,6.196,6.295,6.374,6.176,272286.0,600583
3711,2017-08-21,6.315,6.374,6.443,6.305,267830.0,600583
3712,2017-08-22,6.354,6.295,6.374,6.255,143303.0,600583
3713,2017-08-23,6.315,6.295,6.344,6.255,90735.0,600583
3714,2017-08-24,6.315,6.255,6.325,6.216,174558.0,600583
3715,2017-08-25,6.245,6.315,6.344,6.245,137584.0,600583
3716,2017-08-28,6.315,6.344,6.374,6.315,224011.0,600583
3717,2017-08-29,6.344,6.354,6.394,6.325,170332.0,600583
3718,2017-08-30,6.354,6.344,6.364,6.315,148696.0,600583
3719,2017-08-31,6.344,6.344,6.404,6.315,166546.0,600583
3720,2017-09-01,6.364,6.374,6.384,6.334,136937.0,600583
3721,2017-09-04,6.374,6.394,6.424,6.344,135480.0,600583
3722,2017-09-05,6.414,6.334,6.414,6.315,155475.0,600583
3723,2017-09-06,6.344,6.453,6.473,6.334,341126.0,600583
3724,2017-09-07,6.443,6.354,6.453,6.334,253118.0,600583
3725,2017-09-08,6.344,6.325,6.374,6.295,152322.0,600583
3726,2017-09-11,6.305,6.305,6.325,6.265,123589.0,600583
3727,2017-09-12,6.305,6.245,6.315,6.225,215696.0,600583
3728,2017-09-13,6.245,6.225,6.245,6.196,143479.0,600583
3729,2017-09-14,6.245,6.265,6.265,6.216,115895.0,600583
3730,2017-09-15,6.265,6.225,6.275,6.206,99482.0,600583
3731,2017-09-18,6.225,6.255,6.255,6.206,87073.0,600583
3732,2017-09-19,6.245,6.216,6.255,6.206,124606.0,600583
3733,2017-09-20,6.216,6.235,6.245,6.196,82477.0,600583
3734,2017-09-21,6.235,6.265,6.334,6.235,186886.0,600583
3735,2017-09-22,6.265,6.196,6.275,6.146,133867.0,600583
3736,2017-09-25,6.186,6.087,6.206,6.077,121579.0,600583
3737,2017-09-26,6.126,6.176,6.196,6.106,128915.0,600583
3738,2017-09-27,6.166,6.166,6.176,6.136,65154.0,600583
3739,2017-09-28,6.156,6.116,6.186,6.106,83242.0,600583
3740,2017-09-29,6.126,6.106,6.146,6.106,61383.0,600583
3741,2017-10-09,6.156,6.156,6.206,6.136,78823.0,600583
3742,2017-10-10,6.156,6.206,6.206,6.136,84804.0,600583
3743,2017-10-11,6.196,6.255,6.255,6.186,125582.0,600583
3744,2017-10-12,6.245,6.216,6.255,6.186,59470.0,600583
3745,2017-10-13,6.206,6.206,6.225,6.176,60021.0,600583
3746,2017-10-16,6.216,6.136,6.216,6.126,107408.0,600583
3747,2017-10-17,6.146,6.166,6.176,6.116,60398.0,600583
3748,2017-10-18,6.166,6.176,6.186,6.116,95910.0,600583
3749,2017-10-19,6.146,6.087,6.156,6.077,73180.0,600583
3750,2017-10-20,6.087,6.116,6.126,6.077,44537.0,600583
3751,2017-10-23,6.126,6.126,6.126,6.106,35434.0,600583
3752,2017-10-24,6.126,6.126,6.156,6.106,56633.0,600583
3753,2017-10-25,6.136,6.146,6.156,6.126,46041.0,600583
3754,2017-10-26,6.146,6.186,6.186,6.116,76022.0,600583
3755,2017-10-27,6.176,6.116,6.176,6.097,101293.0,600583
3756,2017-10-30,6.136,6.166,6.216,6.037,196188.0,600583
3757,2017-10-31,6.136,6.136,6.146,6.087,76747.0,600583
3758,2017-11-01,6.136,6.206,6.235,6.126,285013.0,600583
3759,2017-11-02,6.196,6.116,6.196,6.057,156043.0,600583
3760,2017-11-03,6.116,6.097,6.196,6.067,150437.0,600583
3761,2017-11-06,6.116,6.136,6.136,6.087,91628.0,600583
3762,2017-11-07,6.176,6.404,6.414,6.176,741562.0,600583
3763,2017-11-08,6.354,6.334,6.374,6.305,248657.0,600583
3764,2017-11-09,6.344,6.364,6.394,6.325,151183.0,600583
3765,2017-11-10,6.394,6.334,6.503,6.295,295920.0,600583
3766,2017-11-13,6.334,6.275,6.344,6.235,198175.0,600583
3767,2017-11-14,6.255,6.196,6.275,6.186,174923.0,600583
3768,2017-11-15,6.176,6.067,6.176,6.047,313019.0,600583
3769,2017-11-16,6.067,6.057,6.097,6.047,145793.0,600583
3770,2017-11-17,6.097,5.988,6.176,5.908,286957.0,600583
3771,2017-11-20,5.978,6.017,6.027,5.839,165163.0,600583
3772,2017-11-21,6.027,5.997,6.037,5.968,118078.0,600583
3773,2017-11-22,6.017,6.057,6.106,6.007,154830.0,600583
3774,2017-11-23,6.097,5.968,6.097,5.948,118645.0,600583
3775,2017-11-24,5.958,6.007,6.027,5.888,90814.0,600583
3776,2017-11-27,6.057,6.037,6.136,6.007,138711.0,600583
3777,2017-11-28,5.988,6.067,6.087,5.968,111263.0,600583
3778,2017-11-29,6.047,6.057,6.067,6.007,76622.0,600583
3779,2017-11-30,6.047,6.017,6.067,5.997,59682.0,600583
3780,2017-12-01,6.007,6.037,6.057,5.997,68835.0,600583
3781,2017-12-04,6.037,6.037,6.126,6.017,129916.0,600583
3782,2017-12-05,6.017,5.958,6.057,5.928,101264.0,600583
3783,2017-12-06,5.938,5.997,6.007,5.888,79457.0,600583
3784,2017-12-07,5.968,5.938,5.978,5.908,46948.0,600583
3785,2017-12-08,5.938,5.958,5.978,5.918,46424.0,600583
3786,2017-12-11,5.978,5.978,5.997,5.958,53639.0,600583
3787,2017-12-12,5.988,5.938,5.988,5.938,48883.0,600583
3788,2017-12-13,5.948,5.908,5.948,5.839,124498.0,600583
3789,2017-12-14,5.898,5.878,5.898,5.839,86287.0,600583
3790,2017-12-15,5.878,5.938,5.948,5.849,82475.0,600583
3791,2017-12-18,5.938,5.908,5.938,5.869,31328.0,600583
3792,2017-12-19,5.908,5.928,5.958,5.859,55962.0,600583
3793,2017-12-20,5.938,6.017,6.037,5.908,147344.0,600583
3794,2017-12-21,5.997,6.047,6.057,5.948,117562.0,600583
3795,2017-12-22,6.047,6.126,6.216,6.007,225670.0,600583
3796,2017-12-25,6.097,6.047,6.156,6.037,140559.0,600583
3797,2017-12-26,6.037,6.047,6.106,6.007,89307.0,600583
3798,2017-12-27,6.087,6.087,6.196,6.077,174977.0,600583
3799,2017-12-28,6.077,6.087,6.116,6.047,71161.0,600583
3800,2017-12-29,6.087,6.097,6.156,6.077,53779.0,600583
3801,2018-01-02,6.126,6.245,6.265,6.106,302556.0,600583
3802,2018-01-03,6.216,6.225,6.305,6.196,193623.0,600583
3803,2018-01-04,6.265,6.523,6.602,6.255,866620.0,600583
3804,2018-01-05,6.453,6.513,6.543,6.414,401994.0,600583
3805,2018-01-08,6.493,6.463,6.622,6.434,392424.0,600583
3806,2018-01-09,6.424,6.443,6.503,6.394,210080.0,600583
3807,2018-01-10,6.652,6.711,6.999,6.602,680703.0,600583
3808,2018-01-11,6.681,6.612,6.691,6.562,227386.0,600583
3809,2018-01-12,6.592,6.632,6.721,6.592,202477.0,600583
3810,2018-01-15,6.721,6.8,6.919,6.681,435127.0,600583
3811,2018-01-16,6.751,6.82,6.85,6.731,266451.0,600583
3812,2018-01-17,6.662,6.533,6.751,6.414,459902.0,600583
3813,2018-01-18,6.543,6.572,6.592,6.483,145481.0,600583
3814,2018-01-19,6.533,6.463,6.572,6.434,270935.0,600583
3815,2018-01-22,6.443,6.483,6.523,6.414,155161.0,600583
3816,2018-01-23,6.513,6.632,6.662,6.503,322595.0,600583
3817,2018-01-24,6.671,7.098,7.157,6.671,793173.0,600583
3818,2018-01-25,7.147,7.177,7.425,7.127,760158.0,600583
3819,2018-01-26,7.246,7.197,7.266,7.098,290198.0,600583
3820,2018-01-29,7.246,7.207,7.415,7.127,402062.0,600583
3821,2018-01-30,7.137,7.177,7.246,6.989,364370.0,600583
3822,2018-01-31,7.038,6.939,7.038,6.88,283083.0,600583
3823,2018-02-01,6.949,6.622,7.018,6.602,335827.0,600583
3824,2018-02-02,6.761,7.286,7.286,6.691,748114.0,600583
3825,2018-02-05,7.187,7.246,7.276,7.098,423452.0,600583
3826,2018-02-06,7.088,6.721,7.088,6.691,490956.0,600583
3827,2018-02-07,6.909,6.87,6.999,6.562,466829.0,600583
3828,2018-02-08,6.741,6.592,6.771,6.523,265713.0,600583
3829,2018-02-09,6.354,6.097,6.414,6.047,377895.0,600583
3830,2018-02-12,6.106,6.176,6.235,6.087,150650.0,600583
3831,2018-02-13,6.186,6.245,6.295,6.176,104837.0,600583
3832,2018-02-14,6.225,6.206,6.265,6.126,93872.0,600583
3833,2018-02-22,6.295,6.463,6.513,6.265,209028.0,600583
3834,2018-02-23,6.463,6.473,6.652,6.394,185249.0,600583
3835,2018-02-26,6.562,6.662,6.681,6.473,177553.0,600583
3836,2018-02-27,6.671,6.463,6.691,6.364,216575.0,600583
3837,2018-02-28,6.404,6.443,6.473,6.285,128293.0,600583
3838,2018-03-01,6.384,6.424,6.434,6.295,248762.0,600583
3839,2018-03-02,6.344,6.404,6.463,6.325,149622.0,600583
3840,2018-03-05,6.404,6.344,6.424,6.315,104146.0,600583
3841,2018-03-06,6.404,6.414,6.414,6.315,140082.0,600583
3842,2018-03-07,6.404,6.235,6.404,6.206,237473.0,600583
3843,2018-03-08,6.265,6.285,6.305,6.206,100590.0,600583
3844,2018-03-09,6.275,6.305,6.315,6.235,125109.0,600583
3845,2018-03-12,6.364,6.443,6.493,6.334,242167.0,600583
3846,2018-03-13,6.414,6.374,6.443,6.354,139808.0,600583
3847,2018-03-14,6.344,6.434,6.513,6.334,148758.0,600583
3848,2018-03-15,6.414,6.434,6.443,6.364,102539.0,600583
3849,2018-03-16,6.434,6.325,6.453,6.325,116241.0,600583
3850,2018-03-19,6.344,6.325,6.364,6.285,87610.0,600583
3851,2018-03-20,6.295,6.305,6.325,6.235,93703.0,600583
3852,2018-03-21,6.384,6.305,6.463,6.295,185008.0,600583
3853,2018-03-22,6.443,6.473,6.592,6.394,377375.0,600583
3854,2018-03-23,6.315,6.106,6.325,6.077,329411.0,600583
3855,2018-03-26,6.126,6.166,6.225,6.067,168135.0,600583
3856,2018-03-27,6.225,6.225,6.255,6.126,216890.0,600583
3857,2018-03-28,6.136,6.057,6.166,6.017,178829.0,600583
3858,2018-03-29,6.057,6.116,6.166,6.057,161136.0,600583
3859,2018-03-30,6.166,6.126,6.186,6.106,94897.0,600583
3860,2018-04-02,6.126,6.106,6.156,6.067,173799.0,600583
3861,2018-04-03,5.997,6.077,6.166,5.968,197841.0,600583
3862,2018-04-04,6.097,6.007,6.116,5.997,176233.0,600583
3863,2018-04-09,6.007,6.027,6.057,5.948,125413.0,600583
3864,2018-04-10,6.057,6.077,6.087,5.997,165188.0,600583
3865,2018-04-11,6.275,6.265,6.424,6.216,506458.0,600583
3866,2018-04-12,6.315,6.334,6.434,6.265,385164.0,600583
3867,2018-04-13,6.305,6.206,6.325,6.166,182251.0,600583
3868,2018-04-16,6.255,6.216,6.364,6.196,263582.0,600583
3869,2018-04-17,6.186,6.087,6.225,6.067,130989.0,600583
3870,2018-04-18,6.126,6.116,6.146,6.027,136145.0,600583
3871,2018-04-19,6.216,6.265,6.325,6.206,259500.0,600583
3872,2018-04-20,6.235,6.136,6.255,6.116,152451.0,600583
3873,2018-04-23,6.126,6.027,6.186,6.007,162416.0,600583
3874,2018-04-24,6.057,6.156,6.156,6.037,159103.0,600583
3875,2018-04-25,6.126,6.156,6.196,6.097,107739.0,600583
3876,2018-04-26,6.166,6.057,6.186,6.047,126718.0,600583
3877,2018-04-27,5.938,5.789,5.958,5.69,390367.0,600583
3878,2018-05-02,5.799,5.462,5.799,5.413,350629.0,600583
3879,2018-05-03,5.452,5.561,5.571,5.403,112857.0,600583
3880,2018-05-04,5.522,5.522,5.551,5.492,77881.0,600583
3881,2018-05-07,5.561,5.67,5.72,5.551,171716.0,600583
3882,2018-05-08,5.631,5.66,5.71,5.621,127052.0,600583
3883,2018-05-09,5.71,5.68,5.76,5.66,121007.0,600583
3884,2018-05-10,5.799,5.769,5.888,5.75,198157.0,600583
3885,2018-05-11,5.779,5.769,5.809,5.7,105919.0,600583
3886,2018-05-14,5.76,5.67,5.769,5.641,111970.0,600583
3887,2018-05-15,5.69,5.75,5.779,5.68,85702.0,600583
3888,2018-05-16,5.76,5.799,5.829,5.71,135362.0,600583
3889,2018-05-17,5.849,5.997,6.047,5.829,401271.0,600583
3890,2018-05-18,6.037,6.602,6.602,5.958,1054161.0,600583
3891,2018-05-21,6.691,6.543,6.701,6.483,914266.0,600583
3892,2018-05-22,6.553,6.602,6.711,6.523,594024.0,600583
3893,2018-05-23,6.562,6.354,6.562,6.315,426536.0,600583
3894,2018-05-24,6.325,6.344,6.424,6.305,230452.0,600583
3895,2018-05-25,6.325,6.235,6.354,6.225,209320.0,600583
3896,2018-05-28,6.037,6.007,6.097,5.958,328340.0,600583
3897,2018-05-29,5.968,5.978,6.057,5.968,160910.0,600583
3898,2018-05-30,5.928,5.68,5.958,5.66,324512.0,600583
3899,2018-05-31,5.789,5.938,5.958,5.769,249956.0,600583
3900,2018-06-01,5.878,5.878,5.948,5.819,166292.0,600583
3901,2018-06-04,5.908,5.69,5.908,5.641,346549.0,600583
3902,2018-06-05,5.69,5.73,5.74,5.62,167425.0,600583
3903,2018-06-06,5.73,5.81,5.82,5.68,140463.0,600583
3904,2018-06-07,5.78,5.75,5.81,5.73,117714.0,600583
3905,2018-06-08,5.78,5.66,5.83,5.62,149987.0,600583
3906,2018-06-11,5.6,5.61,5.65,5.55,116432.0,600583
3907,2018-06-12,5.61,5.65,5.66,5.52,110194.0,600583
3908,2018-06-13,5.65,5.56,5.65,5.55,71797.0,600583
3909,2018-06-14,5.54,5.56,5.64,5.51,71169.0,600583
3910,2018-06-15,5.59,5.5,5.59,5.42,130326.0,600583
3911,2018-06-19,5.39,5.13,5.44,4.97,240670.0,600583
3912,2018-06-20,5.02,5.03,5.14,4.95,286189.0,600583
3913,2018-06-21,5.02,4.89,5.06,4.88,151529.0,600583
3914,2018-06-22,4.87,4.95,4.96,4.78,88351.0,600583
3915,2018-06-25,5.08,5.01,5.15,4.98,143125.0,600583
3916,2018-06-26,4.88,5.08,5.11,4.88,118696.0,600583
3917,2018-06-27,5.18,5.14,5.34,5.13,179772.0,600583
3918,2018-06-28,5.24,5.08,5.29,5.03,146996.0,600583
3919,2018-06-29,5.1,5.26,5.27,5.04,131678.0,600583
